source_code,source_name,target_code,target_name,weight
010111,"Horses, Live",p01.l,Meat animals nec,1.0
010119,"Horses, Live",p01.l,Meat animals nec,1.0
010120,"Asses, Mules And Hinnies, Live",p01.l,Meat animals nec,1.0
010210,Purebred Bovine Breeding Animals,p01.i,Cattle,1.0
010290,"Bovine Animals, Other Than Purebred Breeding Animals, Live",p01.i,Cattle,1.0
010310,Purebred Swine Breeding Animals,p01.j,Pigs,1.0
010391,"Swine Other Than Purebred Breeding Animals, Live",p01.j,Pigs,1.0
010392,"Swine Other Than Purebred Breeding Animals, Live",p01.j,Pigs,1.0
010410,"Sheep, Live",p01.l,Meat animals nec,1.0
010420,"Goats, Live",p01.l,Meat animals nec,1.0
010511,"Poultry, Live, Weighing Not Over 185 Grams (6.53 Oz.)",p01.k,Poultry,1.0
010512,"Poultry, Live, Weighing Not Over 185 Grams (6.53 Oz.)",p01.k,Poultry,1.0
010519,"Poultry, Live, Weighing Not Over 185 Grams (6.53 Oz.)",p01.k,Poultry,1.0
010592,"Poultry, Live, Weighing Over 185 Grams (6.53 Oz.)",p01.k,Poultry,1.0
010593,"Poultry, Live, Weighing Over 185 Grams (6.53 Oz.)",p01.k,Poultry,1.0
010599,"Poultry, Live, Weighing Over 185 Grams (6.53 Oz.)",p01.k,Poultry,1.0
010600,"Live Animals, N.E.S.",p01.l,Meat animals nec,1.0
020110,"Meat Of Bovine Animals With Bone In, Fresh Or Chilled",p15.a,Products of meat cattle,1.0
020120,"Meat Of Bovine Animals With Bone In, Fresh Or Chilled",p15.a,Products of meat cattle,1.0
020130,"Meat Of Bovine Animals, Boneless, Fresh Or Chilled",p15.a,Products of meat cattle,1.0
020210,"Meat Of Bovine Animals With Bone In, Frozen",p15.a,Products of meat cattle,1.0
020220,"Meat Of Bovine Animals With Bone In, Frozen",p15.a,Products of meat cattle,1.0
020230,"Meat Of Bovine Animals, Boneless, Frozen",p15.a,Products of meat cattle,1.0
020311,"Meat Of Swine, Fresh Or Chilled",p15.b,Products of meat pigs,1.0
020312,"Meat Of Swine, Fresh Or Chilled",p15.b,Products of meat pigs,1.0
020319,"Meat Of Swine, Fresh Or Chilled",p15.b,Products of meat pigs,1.0
020321,"Meat Of Swine, Frozen",p15.b,Products of meat pigs,1.0
020322,"Meat Of Swine, Frozen",p15.b,Products of meat pigs,1.0
020329,"Meat Of Swine, Frozen",p15.b,Products of meat pigs,1.0
020410,"Meat Of Sheep, Fresh Or Chilled",p15.d,Meat products nec,1.0
020421,"Meat Of Sheep, Fresh Or Chilled",p15.d,Meat products nec,1.0
020422,"Meat Of Sheep, Fresh Or Chilled",p15.d,Meat products nec,1.0
020423,"Meat Of Sheep, Fresh Or Chilled",p15.d,Meat products nec,1.0
020430,"Meat Of Sheep, Frozen",p15.d,Meat products nec,1.0
020441,"Meat Of Sheep, Frozen",p15.d,Meat products nec,1.0
020442,"Meat Of Sheep, Frozen",p15.d,Meat products nec,1.0
020443,"Meat Of Sheep, Frozen",p15.d,Meat products nec,1.0
020450,"Meat Of Goats, Fresh, Chilled Or Frozen",p15.d,Meat products nec,1.0
020500,"Meat Of Horses, Asses, Mules, Or Hinnies, Fresh, Chilled Or Frozen",p15.d,Meat products nec,1.0
020610,"Edible Offal Of Bovine Animals, Fresh Or Chilled",p15.d,Meat products nec,1.0
020621,"Edible Offal Of Bovine Animals, Frozen",p15.d,Meat products nec,1.0
020622,"Edible Offal Of Bovine Animals, Frozen",p15.d,Meat products nec,1.0
020629,"Edible Offal Of Bovine Animals, Frozen",p15.d,Meat products nec,1.0
020630,"Edible Offal Of Swine, Fresh Or Chilled",p15.d,Meat products nec,1.0
020641,"Edible Offal Of Swine, Frozen",p15.d,Meat products nec,1.0
020649,"Edible Offal Of Swine, Frozen",p15.d,Meat products nec,1.0
020680,"Edible Offal Of Sheep, Goats, Horses, Asses, Mules Or Hinnies, Fresh Or Chilled",p15.d,Meat products nec,1.0
020690,"Edible Offal Of Sheep, Goats, Horses, Asses, Mules Or Hinnies, Frozen",p15.d,Meat products nec,1.0
020711,"Poultry Meat Of Chickens, Ducks, Geese, Turkeys And Guineas Not Cut In Pieces, Fresh Or Chilled",p15.c,Products of meat poultry,1.0
020712,"Poultry Meat Of Chickens, Ducks, Geese, Turkeys And Guineas Not Cut In Pieces, Frozen",p15.c,Products of meat poultry,1.0
020713,"Poultry Cuts (Of Chickens, Ducks, Geese, Turkeys And Guineas) And Offal Other Than Fatty Livers Of Ducks Or Geese, Fresh Or Chilled",p15.c,Products of meat poultry,1.0
020714,"Poultry Cuts (Of Chickens, Ducks, Geese, Turkeys And Guineas) And Offal Other Than Liver, Frozen",p15.c,Products of meat poultry,1.0
020724,"Poultry Meat Of Chickens, Ducks, Geese, Turkeys And Guineas Not Cut In Pieces, Fresh Or Chilled",p15.c,Products of meat poultry,1.0
020725,"Poultry Meat Of Chickens, Ducks, Geese, Turkeys And Guineas Not Cut In Pieces, Frozen",p15.c,Products of meat poultry,1.0
020726,"Poultry Cuts (Of Chickens, Ducks, Geese, Turkeys And Guineas) And Offal Other Than Fatty Livers Of Ducks Or Geese, Fresh Or Chilled",p15.c,Products of meat poultry,1.0
020727,"Poultry Cuts (Of Chickens, Ducks, Geese, Turkeys And Guineas) And Offal Other Than Liver, Frozen",p15.c,Products of meat poultry,1.0
020732,"Poultry Meat Of Chickens, Ducks, Geese, Turkeys And Guineas Not Cut In Pieces, Fresh Or Chilled",p15.c,Products of meat poultry,1.0
020733,"Poultry Meat Of Chickens, Ducks, Geese, Turkeys And Guineas Not Cut In Pieces, Frozen",p15.c,Products of meat poultry,1.0
020734,"Fatty Livers Of Geese Or Ducks, Fresh Or Chilled",p15.c,Products of meat poultry,1.0
020735,"Poultry Cuts (Of Chickens, Ducks, Geese, Turkeys And Guineas) And Offal Other Than Fatty Livers Of Ducks Or Geese, Fresh Or Chilled",p15.c,Products of meat poultry,1.0
020736,"Poultry Cuts (Of Chickens, Ducks, Geese, Turkeys And Guineas) And Offal Other Than Liver, Frozen",p15.c,Products of meat poultry,1.0
020810,"Meat And Edible Meat Offal Of Rabbits Or Hares, Fresh, Chilled Or Frozen",p15.c,Products of meat poultry,1.0
020820,"Frogs Legs, Fresh, Chilled Or Frozen",p01.m,Animal products nec,1.0
020890,"Meat And Edible Meat Offal, N.E.S., Fresh, Chilled Or Frozen",p15.c,Products of meat poultry,1.0
020900,"Pig Fat (Without Lean Meat) And Poultry Fat (Not Rendered), Fresh, Chilled, Frozen, Salted, In Brine, Dried Or Smoked",p15.e,products of Vegetable oils and fats,1.0
150100,"Lard; Pig Fat, N.E.S., And Poultry Fat, Rendered, Whether Or Not Pressed Or Solvent Extracted",p15.e,products of Vegetable oils and fats,1.0
021011,"Hams, Shoulders And Cuts Thereof, Of Swine, With Bone In, Dried, Salted Or Smoked",p15.d,Meat products nec,1.0
021012,"Bellies (Streaky) And Cuts Thereof, Of Swine, Salted, In Brine, Dried Or Smoked",p15.d,Meat products nec,1.0
021019,"Meat Of Swine, Salted, In Brine, Dried Or Smoked, N.E.S.",p15.d,Meat products nec,1.0
021020,"Meat Of Bovine Animals, Salted, In Brine, Dried Or Smoked",p15.d,Meat products nec,1.0
021090,"Meat, N.E.S., And Edible Meat Offal, Salted, In Brine, Dried Or Smoked, Including Edible Flours And Meals Of Meat Or Meat Offal",p15.d,Meat products nec,1.0
030110,"Fish, Live",p05,Fish and other fishing products; services incidental of fishing (05),1.0
030191,"Fish, Live",p05,Fish and other fishing products; services incidental of fishing (05),1.0
030192,"Fish, Live",p05,Fish and other fishing products; services incidental of fishing (05),1.0
030193,"Fish, Live",p05,Fish and other fishing products; services incidental of fishing (05),1.0
030199,"Fish, Live",p05,Fish and other fishing products; services incidental of fishing (05),1.0
030211,"Salmonidae, Fresh Or Chilled (Excluding Livers And Roes)",p05,Fish and other fishing products; services incidental of fishing (05),1.0
030212,"Salmonidae, Fresh Or Chilled (Excluding Livers And Roes)",p05,Fish and other fishing products; services incidental of fishing (05),1.0
030219,"Salmonidae, Fresh Or Chilled (Excluding Livers And Roes)",p05,Fish and other fishing products; services incidental of fishing (05),1.0
030221,"Flat Fish, Fresh Or Chilled (Excluding Livers And Roes)",p05,Fish and other fishing products; services incidental of fishing (05),1.0
030222,"Flat Fish, Fresh Or Chilled (Excluding Livers And Roes)",p05,Fish and other fishing products; services incidental of fishing (05),1.0
030223,"Flat Fish, Fresh Or Chilled (Excluding Livers And Roes)",p05,Fish and other fishing products; services incidental of fishing (05),1.0
030229,"Flat Fish, Fresh Or Chilled (Excluding Livers And Roes)",p05,Fish and other fishing products; services incidental of fishing (05),1.0
030231,"Tunas, Skipjack Or Stripe",p05,Fish and other fishing products; services incidental of fishing (05),1.0
030232,"Tunas, Skipjack Or Stripe",p05,Fish and other fishing products; services incidental of fishing (05),1.0
030233,"Tunas, Skipjack Or Stripe",p05,Fish and other fishing products; services incidental of fishing (05),1.0
030239,"Tunas, Skipjack Or Stripe",p05,Fish and other fishing products; services incidental of fishing (05),1.0
030240,"Herrings, Sardines, Sardinella, Brislings Or Sprats, Fresh Or Chilled (Excluding Livers And Roes)",p05,Fish and other fishing products; services incidental of fishing (05),1.0
030250,"Cod, Fresh Or Chilled (Excluding Livers And Roes)",p05,Fish and other fishing products; services incidental of fishing (05),1.0
030261,"Herrings, Sardines, Sardinella, Brislings Or Sprats, Fresh Or Chilled (Excluding Livers And Roes)",p05,Fish and other fishing products; services incidental of fishing (05),1.0
030262,"Fish, N.E.S., Fresh Or Chilled (Excluding Livers And Roes)",p05,Fish and other fishing products; services incidental of fishing (05),1.0
030263,"Fish, N.E.S., Fresh Or Chilled (Excluding Livers And Roes)",p05,Fish and other fishing products; services incidental of fishing (05),1.0
030264,"Mackerel (Scombrids), Fresh Or Chilled (Excluding Livers And Roes)",p05,Fish and other fishing products; services incidental of fishing (05),1.0
030265,"Fish, N.E.S., Fresh Or Chilled (Excluding Livers And Roes)",p05,Fish and other fishing products; services incidental of fishing (05),1.0
030266,"Fish, N.E.S., Fresh Or Chilled (Excluding Livers And Roes)",p05,Fish and other fishing products; services incidental of fishing (05),1.0
030269,"Fish, N.E.S., Fresh Or Chilled (Excluding Livers And Roes)",p05,Fish and other fishing products; services incidental of fishing (05),1.0
030270,"Fish Livers And Roes, Fresh Or Chilled",p15.k,Fish products,1.0
030310,"Salmonidae, Frozen (Excluding Livers And Roes)",p15.k,Fish products,1.0
030321,"Salmonidae, Frozen (Excluding Livers And Roes)",p15.k,Fish products,1.0
030322,"Salmonidae, Frozen (Excluding Livers And Roes)",p15.k,Fish products,1.0
030329,"Salmonidae, Frozen (Excluding Livers And Roes)",p15.k,Fish products,1.0
030331,"Flat Fish, Frozen (Excluding Livers And Roes)",p15.k,Fish products,1.0
030332,"Flat Fish, Frozen (Excluding Livers And Roes)",p15.k,Fish products,1.0
030333,"Flat Fish, Frozen (Excluding Livers And Roes)",p15.k,Fish products,1.0
030339,"Flat Fish, Frozen (Excluding Livers And Roes)",p15.k,Fish products,1.0
030341,"Tunas, Skipjack Or Stripe",p15.k,Fish products,1.0
030342,"Tunas, Skipjack Or Stripe",p15.k,Fish products,1.0
030343,"Tunas, Skipjack Or Stripe",p15.k,Fish products,1.0
030349,"Tunas, Skipjack Or Stripe",p15.k,Fish products,1.0
030350,"Herrings, Sardines, Sardinella, Brislings Or Sprats, Frozen (Excluding Livers And Roes)",p15.k,Fish products,1.0
030360,"Cod, Frozen (Excluding Livers And Roes)",p15.k,Fish products,1.0
030371,"Herrings, Sardines, Sardinella, Brislings Or Sprats, Frozen (Excluding Livers And Roes)",p15.k,Fish products,1.0
030372,"Fish, N.E.S., Frozen (Excluding Livers And Roes)",p15.k,Fish products,1.0
030373,"Fish, N.E.S., Frozen (Excluding Livers And Roes)",p15.k,Fish products,1.0
030374,"Mackerel (Scrombrids), Frozen (Excluding Livers And Roes)",p15.k,Fish products,1.0
030375,"Fish, N.E.S., Frozen (Excluding Livers And Roes)",p15.k,Fish products,1.0
030376,"Fish, N.E.S., Frozen (Excluding Livers And Roes)",p15.k,Fish products,1.0
030377,"Fish, N.E.S., Frozen (Excluding Livers And Roes)",p15.k,Fish products,1.0
030378,"Hake, Frozen (Excluding Livers And Roes)",p15.k,Fish products,1.0
030379,"Fish, N.E.S., Frozen (Excluding Livers And Roes)",p15.k,Fish products,1.0
030380,"Fish Livers And Roes, Frozen",p15.k,Fish products,1.0
030410,"Fish Fillets And Other Fish Meat, Fresh Or Chilled",p15.k,Fish products,1.0
030420,"Fish Fillets, Frozen",p15.k,Fish products,1.0
030490,"Fish Meat (Other Than Fillets), Frozen",p15.k,Fish products,1.0
030510,"Flours, Meals And Pellets Of Fish, Fit For Human Consumption",p15.k,Fish products,1.0
030520,"Fish Liver And Roes, Dried, Smoked, Salted Or In Brine",p15.k,Fish products,1.0
030530,"Fish Fillets, Dried, Salted Or In Brine",p15.k,Fish products,1.0
030541,"Fish (Including Fillets), Smoked, Whether Or Not Cooked Before Or During The Smoking Process",p15.k,Fish products,1.0
030542,"Fish (Including Fillets), Smoked, Whether Or Not Cooked Before Or During The Smoking Process",p15.k,Fish products,1.0
030549,"Fish (Including Fillets), Smoked, Whether Or Not Cooked Before Or During The Smoking Process",p15.k,Fish products,1.0
030551,"Cod (Gadus Morhua, Gadus Ogac, Gadus Macrocephalus, Not In Fillets), Dried, Whether Or Not Salted",p15.k,Fish products,1.0
030559,"Fish, Dried, Whether Or Not Salted, N.E.S.",p15.k,Fish products,1.0
030561,"Fish Salted But Not Dried Or Smoked And Fish In Brine, N.E.S.",p15.k,Fish products,1.0
030562,"Cod (Gadus Morhua, Gadus Ogac, Gadus Macrocephalus) Salted But Not Dried Or Smoked And Cod In Brine",p15.k,Fish products,1.0
030563,Anchovies Salted But Not Dried Or Smoked And Anchovies In Brine,p15.k,Fish products,1.0
030569,"Fish Salted But Not Dried Or Smoked And Fish In Brine, N.E.S.",p15.k,Fish products,1.0
030611,"Other Crustaceans, Frozen, Including Flours, Meals And Pellets Of Crustaceans, Fit For Human Consumption",p15.k,Fish products,1.0
030612,"Other Crustaceans, Frozen, Including Flours, Meals And Pellets Of Crustaceans, Fit For Human Consumption",p15.k,Fish products,1.0
030613,"Shrimps And Prawns, Frozen",p15.k,Fish products,1.0
030614,"Other Crustaceans, Frozen, Including Flours, Meals And Pellets Of Crustaceans, Fit For Human Consumption",p15.k,Fish products,1.0
030619,"Other Crustaceans, Frozen, Including Flours, Meals And Pellets Of Crustaceans, Fit For Human Consumption",p15.k,Fish products,1.0
030621,"Crustaceans, Other Than Frozen, Including Flours, Meals And Pellets Of Crustaceans, Fit For Human Consumption",p05,Fish and other fishing products; services incidental of fishing (05),1.0
030622,"Crustaceans, Other Than Frozen, Including Flours, Meals And Pellets Of Crustaceans, Fit For Human Consumption",p05,Fish and other fishing products; services incidental of fishing (05),1.0
030623,"Crustaceans, Other Than Frozen, Including Flours, Meals And Pellets Of Crustaceans, Fit For Human Consumption",p05,Fish and other fishing products; services incidental of fishing (05),1.0
030624,"Crustaceans, Other Than Frozen, Including Flours, Meals And Pellets Of Crustaceans, Fit For Human Consumption",p05,Fish and other fishing products; services incidental of fishing (05),1.0
030629,"Crustaceans, Other Than Frozen, Including Flours, Meals And Pellets Of Crustaceans, Fit For Human Consumption",p05,Fish and other fishing products; services incidental of fishing (05),1.0
030710,"Oysters, Fresh, Chilled, Frozen, Dried, Salted Or In Brine",p05,Fish and other fishing products; services incidental of fishing (05),1.0
030721,"Molluscs And Aquatic Invertebrates, N.E.S., Fresh Or Chilled",p05,Fish and other fishing products; services incidental of fishing (05),1.0
030729,"Other Molluscs/Aquatic Invertebrates, Frozen, Dried, Salted Or In Brine Incl Flours, Meals Pellets Of Aquatic Invbrts Oth Thn Crustaceans Hum Consmp",p15.k,Fish products,1.0
030731,"Molluscs And Aquatic Invertebrates, N.E.S., Fresh Or Chilled",p05,Fish and other fishing products; services incidental of fishing (05),1.0
030739,"Other Molluscs/Aquatic Invertebrates, Frozen, Dried, Salted Or In Brine Incl Flours, Meals Pellets Of Aquatic Invbrts Oth Thn Crustaceans Hum Consmp",p15.k,Fish products,1.0
030741,"Cuttlefish, Octopus And Squid, Fresh Or Chilled",p05,Fish and other fishing products; services incidental of fishing (05),1.0
030749,"Cuttlefish, Squid And Octopus, Frozen, Dried, Salted, Or In Brine; Flours, Meals And Pellets Thereof, Fit For Human Consumption",p15.k,Fish products,1.0
030751,"Molluscs And Aquatic Invertebrates, N.E.S., Fresh Or Chilled",p05,Fish and other fishing products; services incidental of fishing (05),1.0
030759,"Cuttlefish, Squid And Octopus, Frozen, Dried, Salted, Or In Brine; Flours, Meals And Pellets Thereof, Fit For Human Consumption",p15.k,Fish products,1.0
030760,"Snails, Except Sea Snails, Fresh, Chilled Or Frozen",p01.m,Animal products nec,1.0
030791,"Molluscs And Aquatic Invertebrates, N.E.S., Fresh Or Chilled",p05,Fish and other fishing products; services incidental of fishing (05),1.0
030799,"Other Molluscs/Aquatic Invertebrates, Frozen, Dried, Salted Or In Brine Incl Flours, Meals Pellets Of Aquatic Invbrts Oth Thn Crustaceans Hum Consmp",p15.k,Fish products,1.0
040110,"Milk Of A Fat Content, By Weight, Not Exceeding 1%",p15.f,Dairy products,1.0
040120,"Milk Of A Fat Content, By Weight, Exceeding 1% But Not Exceeding 6%",p15.f,Dairy products,1.0
040130,"Cream Of A Fat Content, By Weight, Exceeding 6%",p15.f,Dairy products,1.0
040210,"Milk, In Solid Form, Of A Fat Content, By Weight, Not Exceeding 1.5%",p15.f,Dairy products,1.0
040221,"Milk And Cream, In Solid Form, Of A Fat Content, By Weight, Exceeding 1.5%",p15.f,Dairy products,1.0
040229,"Milk And Cream, In Solid Form, Of A Fat Content, By Weight, Exceeding 1.5%",p15.f,Dairy products,1.0
040291,"Milk And Cream, Concentrated, Not In Solid Form, Not Containing Added Sugar Or Other Sweetening Matter",p15.f,Dairy products,1.0
040299,"Milk And Cream, Not In Solid Form, Containing Added Sugar Or Other Sweetening Matter",p15.f,Dairy products,1.0
040310,"Yogurt, Whether Or Not Concentrated Or Containing Added Sugar Or Other Sweetening Matter Or Flavored Or Containing Added Fruit, Or Nuts Or Cocoa",p15.f,Dairy products,1.0
040390,"Buttermilk, Curdled Milk And Cream, Kephir And Other Fermented Or Acidified Milk Or Cream",p15.f,Dairy products,1.0
040410,"Whey And Modified Whey, Whether Or Not Concentrated Or Containing Added Sugar Or Other Sweetening Matter",p15.f,Dairy products,1.0
040490,"Products Consisting Of Natural Milk Constituents, N.E.S.",p15.f,Dairy products,1.0
040510,Butter And Other Fats And Oils Derived From Milk,p15.f,Dairy products,1.0
040520,Butter And Other Fats And Oils Derived From Milk,p15.f,Dairy products,1.0
040590,Butter And Other Fats And Oils Derived From Milk,p15.f,Dairy products,1.0
040610,"Fresh (Unripened Or Uncured) Cheese, Including Whey Cheese, And Curd",p15.f,Dairy products,1.0
040620,"Grated Or Powdered Cheese, Of All Kinds",p15.f,Dairy products,1.0
040630,"Processed Cheese, Not Grated Or Powdered",p15.f,Dairy products,1.0
040640,Blue,p15.f,Dairy products,1.0
040690,"Cheese, N.E.S.",p15.f,Dairy products,1.0
040700,"Birds Eggs In Shell, Fresh, Preserved Or Cooked",p01.m,Animal products nec,1.0
040811,"Birds Eggs, Dried",p15.i,Food products nec,1.0
040819,"Birds Eggs, Other Than Dried",p15.i,Food products nec,1.0
040891,"Birds Eggs, Dried",p15.i,Food products nec,1.0
040899,"Birds Eggs, Other Than Dried",p15.i,Food products nec,1.0
040900,Natural Honey,p01.m,Animal products nec,1.0
041000,"Edible Food Products Of Animal Origin, N.E.S.",p01.m,Animal products nec,1.0
050100,"Human Hair, Unworked, Whether Or Not Washed Or Scoured; Waste Of Human Hair",p01.m,Animal products nec,1.0
050210,"3911, Hog Or Boar Bristles And Hair; Badger And Other Brush Making Hair; Waste Of Such Bristles Or Hair""",p15.i,Food products nec,1.0
050290,"3911, Hog Or Boar Bristles And Hair; Badger And Other Brush Making Hair; Waste Of Such Bristles Or Hair""",p15.i,Food products nec,1.0
050300,"Horsehair And Horsehair Waste, Whether Or Not Put Up As A Layer With Or Without Supporting Material",p01.o,"Wool, silk-worm cocoons",1.0
050400,"3911s, Bladders And Stomachs Of Animals (Other Than Fish), Whole And Pieces Thereof""",p15.i,Food products nec,1.0
050510,"3911d Skins And Other Parts Of Birds Including Feathers Or Down, Not Further Worked Than Cleaned Or Treated; Powder And Waste Of Feathers Or Parts""",p15.i,Food products nec,1.0
050590,"3911d Skins And Other Parts Of Birds Including Feathers Or Down, Not Further Worked Than Cleaned Or Treated; Powder And Waste Of Feathers Or Parts""",p15.i,Food products nec,1.0
050610,3911s And Horn,p15.i,Food products nec,1.0
050690,3911s And Horn,p15.i,Food products nec,1.0
050710,"3911ry, Tortoise""",p15.i,Food products nec,1.0
050790,"3911ry, Tortoise""",p15.i,Food products nec,1.0
050800,"Coral, Shells And Cuttle",p05,Fish and other fishing products; services incidental of fishing (05),1.0
050900,Natural Sponges Of Animal Origin,p05,Fish and other fishing products; services incidental of fishing (05),1.0
051000,"3911ergris, Castoreum, Civit And Musk; Cantharides; Bile; Glands And Other Animal Products Used In The Preparation Of Pharmaceutical Products""",p15.i,Food products nec,1.0
051110,Bovine Semen,p01.m,Animal products nec,1.0
051191,"Fish Or Crustacean, Mollusc Or Other Aquatic Invertebrate Products, Unfit For Human Consumption",p15.k,Fish products,1.0
051199,"3911mal Products, N.E.S.""",p15.i,Food products nec,1.0
060110,"Bulbs, Tubers, Tuberous Roots, Corms, Crowns And Rhizomes, Dormant, In Growth Or Flower; Chickory Plants And Roots N.E.S.,",p01.h,Crops nec,1.0
060120,"Bulbs, Tubers, Tuberous Roots, Corms, Crowns And Rhizomes, Dormant, In Growth Or Flower; Chickory Plants And Roots N.E.S.,",p01.h,Crops nec,1.0
060210,"Live Plants, N.E.S. (Including Their Roots), Cuttings And Slips; Mushroom Spawn",p01.h,Crops nec,1.0
060220,"Live Plants, N.E.S. (Including Their Roots), Cuttings And Slips; Mushroom Spawn",p01.h,Crops nec,1.0
060230,"Live Plants, N.E.S. (Including Their Roots), Cuttings And Slips; Mushroom Spawn",p01.h,Crops nec,1.0
060240,"Live Plants, N.E.S. (Including Their Roots), Cuttings And Slips; Mushroom Spawn",p01.h,Crops nec,1.0
060290,"Live Plants, N.E.S. (Including Their Roots), Cuttings And Slips; Mushroom Spawn",p01.h,Crops nec,1.0
060310,"Cut Flowers And Flower Buds Suitable For Bouquets Or Ornamental Use, Fresh, Dried, Dyed, Bleached, Impregnated Or Otherwise Prepared",p01.h,Crops nec,1.0
060390,"Cut Flowers And Flower Buds Suitable For Bouquets Or Ornamental Use, Fresh, Dried, Dyed, Bleached, Impregnated Or Otherwise Prepared",p01.h,Crops nec,1.0
060410,"Foliage And Other Parts Of Plants (Without Flowers Or Flower Buds), Grasses, Mosses, Etc. For Bouquets Or Ornamental Use, Fresh, Dried, Dyed, Etc.",p02,"Products of forestry, logging and related services (02)",1.0
060491,"Foliage And Other Parts Of Plants (Without Flowers Or Flower Buds), Grasses, Mosses, Etc. For Bouquets Or Ornamental Use, Fresh, Dried, Dyed, Etc.",p02,"Products of forestry, logging and related services (02)",1.0
060499,"Foliage And Other Parts Of Plants (Without Flowers Or Flower Buds), Grasses, Mosses, Etc. For Bouquets Or Ornamental Use, Fresh, Dried, Dyed, Etc.",p02,"Products of forestry, logging and related services (02)",1.0
070110,"Potatoes, Fresh Or Chilled (Not Including Sweet Potatoes)",p01.d,"Vegetables, fruit, nuts",1.0
070190,"Potatoes, Fresh Or Chilled (Not Including Sweet Potatoes)",p01.d,"Vegetables, fruit, nuts",1.0
070200,"Tomatoes, Fresh Or Chilled",p01.d,"Vegetables, fruit, nuts",1.0
070310,"Onions And Shallots, Fresh Or Chilled",p01.d,"Vegetables, fruit, nuts",1.0
070320,"Garlic, Leeks And Other Alliaceous Vegetables, Fresh Or Chilled",p01.d,"Vegetables, fruit, nuts",1.0
070390,"Garlic, Leeks And Other Alliaceous Vegetables, Fresh Or Chilled",p01.d,"Vegetables, fruit, nuts",1.0
070410,"Cabbage And Similar Edible Brassicas, Fresh Or Chilled",p01.d,"Vegetables, fruit, nuts",1.0
070420,"Cabbage And Similar Edible Brassicas, Fresh Or Chilled",p01.d,"Vegetables, fruit, nuts",1.0
070490,"Cabbage And Similar Edible Brassicas, Fresh Or Chilled",p01.d,"Vegetables, fruit, nuts",1.0
070511,"Lettuce And Chicory (Including Endive), Fresh Or Chilled",p01.d,"Vegetables, fruit, nuts",1.0
070519,"Lettuce And Chicory (Including Endive), Fresh Or Chilled",p01.d,"Vegetables, fruit, nuts",1.0
070521,"Lettuce And Chicory (Including Endive), Fresh Or Chilled",p01.d,"Vegetables, fruit, nuts",1.0
070529,"Lettuce And Chicory (Including Endive), Fresh Or Chilled",p01.d,"Vegetables, fruit, nuts",1.0
070610,"Carrots, Turnips, Salad Beetroot, Salsify, Celeriac, Radishes And Similar Edible Roots, Fresh Or Chilled",p01.d,"Vegetables, fruit, nuts",1.0
070690,"Carrots, Turnips, Salad Beetroot, Salsify, Celeriac, Radishes And Similar Edible Roots, Fresh Or Chilled",p01.d,"Vegetables, fruit, nuts",1.0
070700,"Cucumbers And Gherkins, Fresh Or Chilled",p01.d,"Vegetables, fruit, nuts",1.0
070810,"Leguminous Vegetables, Fresh Or Chilled",p01.d,"Vegetables, fruit, nuts",1.0
070820,"Leguminous Vegetables, Fresh Or Chilled",p01.d,"Vegetables, fruit, nuts",1.0
070890,"Leguminous Vegetables, Fresh Or Chilled",p01.d,"Vegetables, fruit, nuts",1.0
070910,"Vegetables, N.E.S. Fresh Or Chilled",p01.d,"Vegetables, fruit, nuts",1.0
070920,"Vegetables, N.E.S. Fresh Or Chilled",p01.d,"Vegetables, fruit, nuts",1.0
070930,"Vegetables, N.E.S. Fresh Or Chilled",p01.d,"Vegetables, fruit, nuts",1.0
070940,"Vegetables, N.E.S. Fresh Or Chilled",p01.d,"Vegetables, fruit, nuts",1.0
070951,"Mushrooms And Truffles, Fresh Or Chilled",p01.d,"Vegetables, fruit, nuts",1.0
070952,"Mushrooms And Truffles, Fresh Or Chilled",p01.d,"Vegetables, fruit, nuts",1.0
070960,"Vegetables, N.E.S. Fresh Or Chilled",p01.d,"Vegetables, fruit, nuts",1.0
070970,"Vegetables, N.E.S. Fresh Or Chilled",p01.d,"Vegetables, fruit, nuts",1.0
070990,"Vegetables, N.E.S. Fresh Or Chilled",p01.d,"Vegetables, fruit, nuts",1.0
071010,"Vegetables N.E.S. And Mixtures Of Vegetables (Uncooked Or Cooked By Steaming Or Boiling In Water), Frozen",p15.i,Food products nec,1.0
071021,"Vegetables N.E.S. And Mixtures Of Vegetables (Uncooked Or Cooked By Steaming Or Boiling In Water), Frozen",p15.i,Food products nec,1.0
071022,"Vegetables N.E.S. And Mixtures Of Vegetables (Uncooked Or Cooked By Steaming Or Boiling In Water), Frozen",p15.i,Food products nec,1.0
071029,"Vegetables N.E.S. And Mixtures Of Vegetables (Uncooked Or Cooked By Steaming Or Boiling In Water), Frozen",p15.i,Food products nec,1.0
071030,"Vegetables N.E.S. And Mixtures Of Vegetables (Uncooked Or Cooked By Steaming Or Boiling In Water), Frozen",p15.i,Food products nec,1.0
071040,"Sweet Corn (Uncooked Or Cooked By Steaming Or Boiling In Water), Frozen",p15.i,Food products nec,1.0
071080,"Vegetables N.E.S. And Mixtures Of Vegetables (Uncooked Or Cooked By Steaming Or Boiling In Water), Frozen",p15.i,Food products nec,1.0
071090,"Vegetables N.E.S. And Mixtures Of Vegetables (Uncooked Or Cooked By Steaming Or Boiling In Water), Frozen",p15.i,Food products nec,1.0
071110,"Vegetables Provisionally Preserved (E.G., By Sulphur Dioxide Gas, In Brine, In Sulphur Water Or Other Preservative Solutions), Inedible In That Stat",p15.i,Food products nec,1.0
071120,"Vegetables Provisionally Preserved (E.G., By Sulphur Dioxide Gas, In Brine, In Sulphur Water Or Other Preservative Solutions), Inedible In That Stat",p15.i,Food products nec,1.0
071130,"Vegetables Provisionally Preserved (E.G., By Sulphur Dioxide Gas, In Brine, In Sulphur Water Or Other Preservative Solutions), Inedible In That Stat",p15.i,Food products nec,1.0
071140,"Vegetables Provisionally Preserved (E.G., By Sulphur Dioxide Gas, In Brine, In Sulphur Water Or Other Preservative Solutions), Inedible In That Stat",p15.i,Food products nec,1.0
071190,"Vegetables Provisionally Preserved (E.G., By Sulphur Dioxide Gas, In Brine, In Sulphur Water Or Other Preservative Solutions), Inedible In That Stat",p15.i,Food products nec,1.0
071220,"Onions, Dried",p15.i,Food products nec,1.0
071230,"Mushrooms And Truffles, Dried",p15.i,Food products nec,1.0
071290,"Vegetables N.E.S., Dried, And Mixtures Of Vegetables, Dried (Whole, Cut, Sliced, Etc.), But Not Further Prepared",p15.i,Food products nec,1.0
071310,"Peas, Dried, Shelled",p01.d,"Vegetables, fruit, nuts",1.0
071320,"Chickpeas, Dried, Shelled",p01.d,"Vegetables, fruit, nuts",1.0
071331,"Beans, Other Than Broad Beans And Horse Beans, Dried, Shelled",p01.d,"Vegetables, fruit, nuts",1.0
071332,"Beans, Other Than Broad Beans And Horse Beans, Dried, Shelled",p01.d,"Vegetables, fruit, nuts",1.0
071333,"Beans, Other Than Broad Beans And Horse Beans, Dried, Shelled",p01.d,"Vegetables, fruit, nuts",1.0
071339,"Beans, Other Than Broad Beans And Horse Beans, Dried, Shelled",p01.d,"Vegetables, fruit, nuts",1.0
071340,"Lentils, Dried, Shelled",p01.d,"Vegetables, fruit, nuts",1.0
071350,"Broad Beans And Horse Beans, Dried, Shelled",p01.d,"Vegetables, fruit, nuts",1.0
071390,"Beans, N.E.S., Dried, Shelled, Whether Or Not Skinned Or Split",p01.d,"Vegetables, fruit, nuts",1.0
071410,"Manioc (Cassava), Fresh Or Dried, Whether Or Not Sliced Or In The Form Of Pellets",p01.d,"Vegetables, fruit, nuts",1.0
071420,"Arrowroot, Salep, Jerusalem Artichokes, Sweet Potatoes, Roots And Tubers With High Starch Or Inulin, Fresh Or Dried, Sliced, Etc. Or Not; Sago Pith",p01.d,"Vegetables, fruit, nuts",1.0
071490,"Arrowroot, Salep, Jerusalem Artichokes, Sweet Potatoes, Roots And Tubers With High Starch Or Inulin, Fresh Or Dried, Sliced, Etc. Or Not; Sago Pith",p01.d,"Vegetables, fruit, nuts",1.0
080111,"Coconuts, Fresh Or Dried, Whether Or Not Shelled Or Peeled",p01.d,"Vegetables, fruit, nuts",1.0
080119,"Coconuts, Fresh Or Dried, Whether Or Not Shelled Or Peeled",p01.d,"Vegetables, fruit, nuts",1.0
080121,"Brazil Nuts, Fresh Or Dried, Whether Or Not Shelled Or Peeled",p01.d,"Vegetables, fruit, nuts",1.0
080122,"Brazil Nuts, Fresh Or Dried, Whether Or Not Shelled Or Peeled",p01.d,"Vegetables, fruit, nuts",1.0
080131,"Cashew Nuts, Fresh Or Dried, Whether Or Not Shelled Or Peeled",p01.d,"Vegetables, fruit, nuts",1.0
080132,"Cashew Nuts, Fresh Or Dried, Whether Or Not Shelled Or Peeled",p01.d,"Vegetables, fruit, nuts",1.0
080211,"Almonds, Fresh Or Dried, Whether Or Not Shelled Or Peeled",p01.d,"Vegetables, fruit, nuts",1.0
080212,"Almonds, Fresh Or Dried, Whether Or Not Shelled Or Peeled",p01.d,"Vegetables, fruit, nuts",1.0
080221,"Hazelnuts Or Filberts, Fresh Or Dried, Whether Or Not Shelled Or Peeled",p01.d,"Vegetables, fruit, nuts",1.0
080222,"Hazelnuts Or Filberts, Fresh Or Dried, Whether Or Not Shelled Or Peeled",p01.d,"Vegetables, fruit, nuts",1.0
080231,"Walnuts, Fresh Or Dried, Whether Or Not Shelled Or Peeled",p01.d,"Vegetables, fruit, nuts",1.0
080232,"Walnuts, Fresh Or Dried, Whether Or Not Shelled Or Peeled",p01.d,"Vegetables, fruit, nuts",1.0
080240,"Chestnuts, Fresh Or Dried, Whether Or Not Shelled Or Peeled",p01.d,"Vegetables, fruit, nuts",1.0
080250,"Pistachios, Fresh Or Dried, Whether Or Not Shelled Or Peeled",p01.d,"Vegetables, fruit, nuts",1.0
080290,"Edible Nuts (Excluding Mixtures), Fresh Or Dried, N.E.S., Whether Or Not Shelled Or Peeled",p01.d,"Vegetables, fruit, nuts",1.0
080300,"Bananas (Including Plantains), Fresh Or Dried",p01.d,"Vegetables, fruit, nuts",1.0
080410,"Dates, Fresh Or Dried",p01.d,"Vegetables, fruit, nuts",1.0
080420,"Figs, Fresh Or Dried",p01.d,"Vegetables, fruit, nuts",1.0
080430,"Pineapples, Fresh Or Dried",p01.d,"Vegetables, fruit, nuts",1.0
080440,"Avocados, Guavas, Mangoes And Mangosteens, Fresh Or Dried",p01.d,"Vegetables, fruit, nuts",1.0
080450,"Avocados, Guavas, Mangoes And Mangosteens, Fresh Or Dried",p01.d,"Vegetables, fruit, nuts",1.0
080510,"Oranges, Fresh Or Dried",p01.d,"Vegetables, fruit, nuts",1.0
080520,"Mandarins (Including Tangerines And Satsumas), Clementines, Wilkings And Similar Citrus Hybrids, Fresh Or Dried",p01.d,"Vegetables, fruit, nuts",1.0
080530,"Lemons And Limes, Fresh Or Dried",p01.d,"Vegetables, fruit, nuts",1.0
080540,"Grapefruit, Fresh Or Dried",p01.d,"Vegetables, fruit, nuts",1.0
080590,"Citrus Fruit, N.E.S., Fresh Or Dried",p01.d,"Vegetables, fruit, nuts",1.0
080610,"Grapes, Fresh",p01.d,"Vegetables, fruit, nuts",1.0
080620,"Grapes, Dried (E.G., Raisins)",p15.i,Food products nec,1.0
080711,"Melons (Including Watermelons) And Papaws (Papayas), Fresh",p01.d,"Vegetables, fruit, nuts",1.0
080719,"Melons (Including Watermelons) And Papaws (Papayas), Fresh",p01.d,"Vegetables, fruit, nuts",1.0
080720,"Melons (Including Watermelons) And Papaws (Papayas), Fresh",p01.d,"Vegetables, fruit, nuts",1.0
080810,"Apples, Fresh",p01.d,"Vegetables, fruit, nuts",1.0
080820,"Pears And Quinces, Fresh",p01.d,"Vegetables, fruit, nuts",1.0
080910,"Stone Fruit, N.E.S., Fresh",p01.d,"Vegetables, fruit, nuts",1.0
080920,"Stone Fruit, N.E.S., Fresh",p01.d,"Vegetables, fruit, nuts",1.0
080930,"Stone Fruit, N.E.S., Fresh",p01.d,"Vegetables, fruit, nuts",1.0
080940,"Stone Fruit, N.E.S., Fresh",p01.d,"Vegetables, fruit, nuts",1.0
081010,"Berries, Fresh",p01.d,"Vegetables, fruit, nuts",1.0
081020,"Berries, Fresh",p01.d,"Vegetables, fruit, nuts",1.0
081030,"Berries, Fresh",p01.d,"Vegetables, fruit, nuts",1.0
081040,"Berries, Fresh",p01.d,"Vegetables, fruit, nuts",1.0
081050,"Fruit, Fresh, N.E.S.",p01.d,"Vegetables, fruit, nuts",1.0
081090,"Fruit, Fresh, N.E.S.",p01.d,"Vegetables, fruit, nuts",1.0
081110,"Strawberries, Uncooked Or Cooked By Steaming Or Boiling In Water, Frozen, Whether Or Not Containing Other Sweetening Matter",p15.i,Food products nec,1.0
081120,"Raspberries, Blackberries, Mulberries, Loganberries, Black, White Or Red Currents And Gooseberries, Frozen, With Or Without Added Sweetening Matter",p15.i,Food products nec,1.0
081190,"Fruit N.E.S. And Nuts, Uncooked Or Cooked By Steaming Or Boiling Water, Frozen, Whether Or Not Containing Added Sugar Or Other Sweeting Matter",p15.i,Food products nec,1.0
081210,"Fruit And Nuts Provisionally Preservd (By Sulphur Dioxide Gas, In Brine, Sulphur Water Or Oth Preservative Solutions), Unsuitable F Immediate Consum",p15.i,Food products nec,1.0
081220,"Fruit And Nuts Provisionally Preservd (By Sulphur Dioxide Gas, In Brine, Sulphur Water Or Oth Preservative Solutions), Unsuitable F Immediate Consum",p15.i,Food products nec,1.0
081290,"Fruit And Nuts Provisionally Preservd (By Sulphur Dioxide Gas, In Brine, Sulphur Water Or Oth Preservative Solutions), Unsuitable F Immediate Consum",p15.i,Food products nec,1.0
081310,"Fruit, Dried, N.E.S., And Mixtures, N.E.S., Of Nuts (Not Including Oil Nuts) Or Dried Fruit",p15.i,Food products nec,1.0
081320,"Fruit, Dried, N.E.S., And Mixtures, N.E.S., Of Nuts (Not Including Oil Nuts) Or Dried Fruit",p15.i,Food products nec,1.0
081330,"Fruit, Dried, N.E.S., And Mixtures, N.E.S., Of Nuts (Not Including Oil Nuts) Or Dried Fruit",p15.i,Food products nec,1.0
081340,"Fruit, Dried, N.E.S., And Mixtures, N.E.S., Of Nuts (Not Including Oil Nuts) Or Dried Fruit",p15.i,Food products nec,1.0
081350,"Fruit, Dried, N.E.S., And Mixtures, N.E.S., Of Nuts (Not Including Oil Nuts) Or Dried Fruit",p15.i,Food products nec,1.0
081400,"Peel Of Citrus Fruit Or Melons, Fresh, Frozen, Dried Or Provisionally Preserved In Brine, In Sulphur Water Or Other Preservative Solutions",p15.i,Food products nec,1.0
090111,"Coffee, Not Roasted, Not Decaffeinated",p01.h,Crops nec,1.0
090112,"Coffee, Not Roasted, Decaffeinated",p15.i,Food products nec,1.0
090121,"Coffee, Roasted",p15.i,Food products nec,1.0
090122,"Coffee, Roasted",p15.i,Food products nec,1.0
090190,Coffee Substitutes Containing Coffee In Any Proportion,p15.i,Food products nec,1.0
090210,"Green Tea (Not Fermented) In Immediate Packings Of A Content Not Exceeding 3 Kg, Whether Or Not Flavored",p15.i,Food products nec,1.0
090220,"Other Green Tea (Not Fermented), Whether Or Not Flavored",p01.h,Crops nec,1.0
090230,"Black Tea (Fermented) And Partly Fermented Tea, In Immediate Packings Of A Content Not Exceeding 3 Kg, Whether Or Not Flavored",p15.i,Food products nec,1.0
090240,"Other Black Tea (Fermented) And Other Partly Fermented Tea, Whether Or Not Flavored",p01.h,Crops nec,1.0
090300,Mate,p01.h,Crops nec,1.0
090411,"Pepper, Neither Crushed Nor Ground",p01.h,Crops nec,1.0
090500,Vanilla (Beans),p01.h,Crops nec,1.0
090610,Cinnamon And Cinnamon,p01.h,Crops nec,1.0
090700,"Cloves (Whole Fruit, Cloves And Stems)",p01.h,Crops nec,1.0
090810,"Nutmeg, Mace And Cardamons",p01.h,Crops nec,1.0
090820,"Nutmeg, Mace And Cardamons",p01.h,Crops nec,1.0
090412,"Pepper, Crushed Or Ground",p15.i,Food products nec,1.0
090420,"Fruits Of The Genus Capsicum Or Of The Genus Pimenta, Dried Or Crushed Or Ground",p15.i,Food products nec,1.0
090830,"Nutmeg, Mace And Cardamons",p01.h,Crops nec,1.0
090910,"Seeds Of Anise, Badian, Fennel, Coriander, Cumin Or Caraway; Juniper Berries",p01.h,Crops nec,1.0
090920,"Seeds Of Anise, Badian, Fennel, Coriander, Cumin Or Caraway; Juniper Berries",p01.h,Crops nec,1.0
090930,"Seeds Of Anise, Badian, Fennel, Coriander, Cumin Or Caraway; Juniper Berries",p01.h,Crops nec,1.0
090940,"Seeds Of Anise, Badian, Fennel, Coriander, Cumin Or Caraway; Juniper Berries",p01.h,Crops nec,1.0
090950,"Seeds Of Anise, Badian, Fennel, Coriander, Cumin Or Caraway; Juniper Berries",p01.h,Crops nec,1.0
091010,Ginger (Excluding Ginger Preserved In Sugar Or Conserved In Syrup),p01.h,Crops nec,1.0
091020,"Thyme, Saffron And Bay Leaves",p01.h,Crops nec,1.0
091030,"Spices, N.E.S.; Mixtures Of Two Or More Spices Of Different Headings Of Group 075",p01.h,Crops nec,1.0
091040,"Thyme, Saffron And Bay Leaves",p01.h,Crops nec,1.0
091050,"Spices, N.E.S.; Mixtures Of Two Or More Spices Of Different Headings Of Group 075",p01.h,Crops nec,1.0
091091,"Spices, N.E.S.; Mixtures Of Two Or More Spices Of Different Headings Of Group 075",p01.h,Crops nec,1.0
091099,"Spices, N.E.S.; Mixtures Of Two Or More Spices Of Different Headings Of Group 075",p01.h,Crops nec,1.0
121110,Liquorice Roots,p01.h,Crops nec,1.0
121120,Ginseng Roots,p01.h,Crops nec,1.0
121190,"Plants And Parts Of Plants Used Primarily In Perfumery, Pharmacy, Or For Insecticidal, Fungicidal Or Similar Purposes, Fresh Or Dried, N.E.S.",p01.h,Crops nec,1.0
100110,"Durum Wheat, Unmilled",p01.b,Wheat,1.0
100190,"Wheat (Including Spelt) And Meslin, Unmilled, N.E.S.",p01.b,Wheat,1.0
100200,"Rye, Unmilled",p01.c,Cereal grains nec,1.0
100300,"Barley, Unmilled",p01.c,Cereal grains nec,1.0
100400,"Oats, Unmilled",p01.c,Cereal grains nec,1.0
100510,Maize (Corn) Seed,p01.c,Cereal grains nec,1.0
100590,"Maize (Not Including Sweet Corn) Unmilled, Except Seed",p01.c,Cereal grains nec,1.0
100610,Rice In The Husk (Paddy Or Rough Rice),p01.a,Paddy rice,1.0
100620,Rice Husked But Not Further Prepared (Cargo Rice Or BrownRice Husked Not Further Prep (Cargo Or Brown Rice),p15.g,Processed rice,1.0
100630,"Rice, Semi",p15.g,Processed rice,1.0
100640,"Rice, Broken",p15.g,Processed rice,1.0
100700,"Grain Sorghum, Unmilled",p01.c,Cereal grains nec,1.0
100810,"Buckwheat, Unmilled",p01.c,Cereal grains nec,1.0
100820,"Millet, Unmilled",p01.c,Cereal grains nec,1.0
100830,"Canary Seed, Unmilled",p01.c,Cereal grains nec,1.0
100890,"Cereals, Unmilled, N.E.S.",p01.c,Cereal grains nec,1.0
110100,Flour Of Wheat Or Of Meslin,p15.i,Food products nec,1.0
110210,"Cereal Flours (Except Of Wheat, Meslin And Maize)",p15.i,Food products nec,1.0
110220,Maize (Corn) Flour,p15.i,Food products nec,1.0
110230,"Cereal Flours (Except Of Wheat, Meslin And Maize)",p15.i,Food products nec,1.0
110290,"Cereal Flours (Except Of Wheat, Meslin And Maize)",p15.i,Food products nec,1.0
110311,"Groats, Meal And Pellets, Of Wheat",p15.i,Food products nec,1.0
110312,Groats And Meal Of Other Cereals (Except Wheat And Corn),p15.i,Food products nec,1.0
110313,Groats And Meal Of Maize (Corn),p15.i,Food products nec,1.0
110314,Groats And Meal Of Other Cereals (Except Wheat And Corn),p15.i,Food products nec,1.0
110319,Groats And Meal Of Other Cereals (Except Wheat And Corn),p15.i,Food products nec,1.0
110321,"Groats, Meal And Pellets, Of Wheat",p15.i,Food products nec,1.0
110329,Pellets Of Cereal Other Than Wheat,p15.i,Food products nec,1.0
110411,"Rolled Or Flaked Cereal Grains, N.E.S., Except Semi",p15.i,Food products nec,1.0
110412,"Rolled Or Flaked Cereal Grains, N.E.S., Except Semi",p15.i,Food products nec,1.0
110419,"Rolled Or Flaked Cereal Grains, N.E.S., Except Semi",p15.i,Food products nec,1.0
110421,"Worked Cereal Grains N.E.S. (E.G. Hulled, Pearled, Clipped, Sliced Or Kibbled), Except Semi",p15.i,Food products nec,1.0
110422,"Worked Cereal Grains N.E.S. (E.G. Hulled, Pearled, Clipped, Sliced Or Kibbled), Except Semi",p15.i,Food products nec,1.0
110423,"Worked Cereal Grains N.E.S. (E.G. Hulled, Pearled, Clipped, Sliced Or Kibbled), Except Semi",p15.i,Food products nec,1.0
110429,"Worked Cereal Grains N.E.S. (E.G. Hulled, Pearled, Clipped, Sliced Or Kibbled), Except Semi",p15.i,Food products nec,1.0
110430,"Germ Of Cereals, Whole, Rolled, Flaked Or Ground",p15.i,Food products nec,1.0
110510,Flour And Meal Of Potatoes,p15.i,Food products nec,1.0
110520,"Flakes, Granules And Pellets Of Potatoes",p15.i,Food products nec,1.0
110610,"Flour And Meal Of The Dried Leguminous Vegetables, Peas, Chickpeas, Beans, Lentils, Etc. Of Heading 054.2",p15.i,Food products nec,1.0
110620,"Flour And Meal Of Sago, Roots Or Tubers Of Manioc (Cassava), Arrowroot, Salep, Jerusalem Artichokes, Sweet Potatoes, Etc. Of Headings 054.81",p15.i,Food products nec,1.0
110630,"Flour, Meal And Powder Of Fruit (Citrus, Bananas, Apples, Pears, Peaches, Berries, Etc.) And Nuts (Except Oil Nuts) Provided For In Group 057",p15.i,Food products nec,1.0
110710,"Malt, Whether Or Not Roasted (Including Malt Flour)",p15.j,Beverages,1.0
110720,"Malt, Whether Or Not Roasted (Including Malt Flour)",p15.j,Beverages,1.0
110811,Wheat Starch,p15.i,Food products nec,1.0
110812,Corn (Maize) Starch,p15.i,Food products nec,1.0
110813,Potato Starch,p15.i,Food products nec,1.0
110814,Cassava (Manioc) Starch,p15.i,Food products nec,1.0
110819,"Starches, N.E.S.",p15.i,Food products nec,1.0
110820,Inulin,p15.i,Food products nec,1.0
110900,"Wheat Gluten, Dried Or Not",p15.i,Food products nec,1.0
120100,Soybeans,p01.e,Oil seeds,1.0
120210,"Groundnuts (Peanuts), Not Roasted Or Otherwise Cooked, In The Shell",p01.e,Oil seeds,1.0
120220,"Groundnuts (Peanuts), Not Roasted Or Cooked, Shelled",p01.e,Oil seeds,1.0
120300,Copra,p01.e,Oil seeds,1.0
120400,Flaxseed Or Linseed,p01.e,Oil seeds,1.0
120500,Rape Or Colza Seeds,p01.e,Oil seeds,1.0
120600,Sunflower Seeds,p01.e,Oil seeds,1.0
120710,Palm Nuts And Palm Kernels,p01.e,Oil seeds,1.0
120720,Cottonseeds,p01.e,Oil seeds,1.0
120730,Castor Oil Seeds,p01.e,Oil seeds,1.0
120740,Sesame (Sesamum) Seeds,p01.e,Oil seeds,1.0
120750,Mustard Seeds,p01.e,Oil seeds,1.0
120760,Safflower Seeds,p01.e,Oil seeds,1.0
120791,"Oil Seeds And Oleaginous Fruits, N.E.S.",p01.e,Oil seeds,1.0
120792,"Oil Seeds And Oleaginous Fruits, N.E.S.",p01.e,Oil seeds,1.0
120799,"Oil Seeds And Oleaginous Fruits, N.E.S.",p01.e,Oil seeds,1.0
120810,"Flours And Meals Of Oil Seeds Or Oleaginous Fruits (Excluding Mustard Flour), Whether Or Not Defatted And/Or Refatted With Their Original Oils",p15.e,products of Vegetable oils and fats,1.0
120890,"Flours And Meals Of Oil Seeds Or Oleaginous Fruits (Excluding Mustard Flour), Whether Or Not Defatted And/Or Refatted With Their Original Oils",p15.e,products of Vegetable oils and fats,1.0
120911,Sugar Beet Seed,p01.h,Crops nec,1.0
120919,"Vegetable Seeds, N.E.S",p01.h,Crops nec,1.0
120921,"Seeds Of Forage Plants, Other Than Beet Seed",p01.h,Crops nec,1.0
120922,"Seeds Of Forage Plants, Other Than Beet Seed",p01.h,Crops nec,1.0
120923,"Seeds Of Forage Plants, Other Than Beet Seed",p01.h,Crops nec,1.0
120924,"Seeds Of Forage Plants, Other Than Beet Seed",p01.h,Crops nec,1.0
120925,"Seeds Of Forage Plants, Other Than Beet Seed",p01.h,Crops nec,1.0
120926,"Seeds Of Forage Plants, Other Than Beet Seed",p01.h,Crops nec,1.0
120929,"Seeds Of Forage Plants, Other Than Beet Seed",p01.h,Crops nec,1.0
120930,Seeds Of Herbaceous Plants Cultivated Principally For Their Flowers,p01.h,Crops nec,1.0
120991,"Vegetable Seeds, N.E.S",p01.h,Crops nec,1.0
120999,"Seeds, Fruit And Spores, N.E.S.",p01.h,Crops nec,1.0
121010,"Hop Cones And Lupulin, Fresh Or Dried",p01.h,Crops nec,1.0
121020,"Hop Cones And Lupulin, Fresh Or Dried",p15.i,Food products nec,1.0
121210,"Vegetable Products Of A Kind Used Chiefly For Human Food, N.E.S.",p01.d,"Vegetables, fruit, nuts",1.0
121220,Seaweeds And Other Algae,p05,Fish and other fishing products; services incidental of fishing (05),1.0
121230,"Apricot, Peach Or Plum Stones And Kernels, Fresh Or Dried, Whether Or Not Ground",p15.i,Food products nec,1.0
121291,"Sugar Beet, Fresh Or Dried, Whether Or Not Ground",p01.f,"Sugar cane, sugar beet",1.0
121292,"Sugar Cane, Fresh Or Dried, Whether or Not Ground",p01.f,"Sugar cane, sugar beet",1.0
121299,"Vegetable Products Of A Kind Used Chiefly For Human Food, N.E.S.",p01.d,"Vegetables, fruit, nuts",1.0
121300,"Cereal Straws And Husks, Unprepared, Whether Or Not Chopped, Ground, Pressed Or In The Form Of Pellets",p01.h,Crops nec,1.0
121410,Lucerne (Alfalfa) Meal And Pellets,p15.i,Food products nec,1.0
121490,"Swedes, Mangolds, Fodder Roots, Clover, Sainfoin, Forage Kale, Lupines, Vetches And Similar Forage Products, Whether Or Not In Pellet Form",p01.h,Crops nec,1.0
130110,Lac,p02,"Products of forestry, logging and related services (02)",1.0
130120,Gum Arabic,p02,"Products of forestry, logging and related services (02)",1.0
130190,"Natural Gums, Resins, Gum Resins And Balsams, N.E.S.",p02,"Products of forestry, logging and related services (02)",1.0
130211,Vegetable Saps And Extracts,p15.i,Food products nec,1.0
130212,Vegetable Saps And Extracts,p15.i,Food products nec,1.0
130213,Vegetable Saps And Extracts,p15.i,Food products nec,1.0
130214,Vegetable Saps And Extracts,p15.i,Food products nec,1.0
130219,Vegetable Saps And Extracts,p15.i,Food products nec,1.0
130220,"Pectic Substances, Pectinates And Pectates",p15.i,Food products nec,1.0
130231,"Mucilages And Thickeners (Whether Or Not Modified), Derived From Vegetable Products",p15.i,Food products nec,1.0
130232,"Mucilages And Thickeners (Whether Or Not Modified), Derived From Vegetable Products",p15.i,Food products nec,1.0
130239,"Mucilages And Thickeners (Whether Or Not Modified), Derived From Vegetable Products",p15.i,Food products nec,1.0
140110,Bamboos,p02,"Products of forestry, logging and related services (02)",1.0
140120,Rattans,p02,"Products of forestry, logging and related services (02)",1.0
140190,"Vegetable Materials, Other Than Bamboos Or Rattans, Of A Kind Used Primarily For Plaiting",p02,"Products of forestry, logging and related services (02)",1.0
140210,"Vegetable Materials Used Primarily For Stuffing Or Padding, Including Kapok, Vegetable Hair And Eelgrass",p02,"Products of forestry, logging and related services (02)",1.0
140290,"Vegetable Materials Used Primarily For Stuffing Or Padding, Including Kapok, Vegetable Hair And Eelgrass",p02,"Products of forestry, logging and related services (02)",1.0
140310,"Vegetable Materials Used Primarily In Brooms And Brushes, Including Broomcorn, Piassava, Couch Grass And Istle, Whether Or Not In Hanks Or Bundles",p02,"Products of forestry, logging and related services (02)",1.0
140390,"Vegetable Materials Used Primarily In Brooms And Brushes, Including Broomcorn, Piassava, Couch Grass And Istle, Whether Or Not In Hanks Or Bundles",p02,"Products of forestry, logging and related services (02)",1.0
140410,"Vegetable Materials And Vegetable Products, N.E.S.",p02,"Products of forestry, logging and related services (02)",1.0
140420,Cotton Linters,p15.i,Food products nec,1.0
140490,"Vegetable Materials And Vegetable Products, N.E.S.",p02,"Products of forestry, logging and related services (02)",1.0
150200,"Bovine Animal Fat, Sheep Or Goat Fat, Raw Or Rendered, Whether Or Not Pressed Or Solvent Extracted",p15.e,products of Vegetable oils and fats,1.0
150300,"Lard Stearin, Lard Oil, Oleostearin, Oleo Oil And Tallow Oil, Not Emulsified Or Mixed Or Otherwise Prepared",p15.i,Food products nec,1.0
150410,Fish Liver Oils And Their Fractions,p15.i,Food products nec,1.0
150420,Fish Fats And Oils (Other Than Fish Liver Oil) And Their Fractions,p15.i,Food products nec,1.0
150430,Marine Mammal Fats And Oils And Their Fractions,p15.i,Food products nec,1.0
150510,"Wool Grease, Crude",p17,Textiles (17),1.0
150590,"Wool Grease (Other Than Crude) And Fatty Substances Derived From Wool Grease, Including Lanolin",p17,Textiles (17),1.0
150600,"Animal Oils And Fats And Their Fractions, N.E.S., Whether Or Not Refined, But Not Chemically Modified",p15.i,Food products nec,1.0
150710,"Soybean Oil, Crude, Whether Or Not Degummed",p15.e,products of Vegetable oils and fats,1.0
150790,"Soybean Oil, Refined, And Its Fractions",p15.e,products of Vegetable oils and fats,1.0
150810,"Peanut (Groundnut) Oil, Crude",p15.e,products of Vegetable oils and fats,1.0
150890,"Peanut (Groundnut) Oil, Refined, And Its Fractions",p15.e,products of Vegetable oils and fats,1.0
150910,Virgin Olive Oil,p15.e,products of Vegetable oils and fats,1.0
150990,Olive Oil (Except Virgin Oil) And Its Fractions,p15.e,products of Vegetable oils and fats,1.0
151000,"Oils And Their Fractions (Except Olive Oil And Its Fractions) Obtained From Olives, Including Blends Containing Olive Oil And Its Fractions",p15.e,products of Vegetable oils and fats,1.0
151110,"Palm Oil, Crude",p15.e,products of Vegetable oils and fats,1.0
151190,"Palm Oil, Refined, And Its Fractions",p15.e,products of Vegetable oils and fats,1.0
151211,"Sunflower Seed Oil Or Safflower Oil, Crude",p15.e,products of Vegetable oils and fats,1.0
151219,Refinded Oil And Fractions Thereof,p15.e,products of Vegetable oils and fats,1.0
151221,"Cottonseed Oil, Crude, Whether Or Not Gossypol Has Been Removed",p15.e,products of Vegetable oils and fats,1.0
151229,"Cottonseed Oil, Refined, And Its Fractions",p15.e,products of Vegetable oils and fats,1.0
151311,"Coconut (Copra) Oil, Crude",p15.e,products of Vegetable oils and fats,1.0
151319,"Coconut (Copra) Oil, Refined, And Its Fractions",p15.e,products of Vegetable oils and fats,1.0
151321,"Palm Kernel Or Babassu Oil, Crude",p15.e,products of Vegetable oils and fats,1.0
151329,"Refined Palm Kernel Or Babassu Oil, Refined, And Their Fractions",p15.e,products of Vegetable oils and fats,1.0
151410,"Rape, Colza Or Mustard Oil, Crude",p15.e,products of Vegetable oils and fats,1.0
151490,Refined Oil And Fractions Thereof,p15.e,products of Vegetable oils and fats,1.0
151511,"Linseed Oil, Crude",p15.e,products of Vegetable oils and fats,1.0
151519,"Linseed Oil, Refined, And Its Fractions",p15.e,products of Vegetable oils and fats,1.0
151521,"Corn (Maize) Oil, Crude",p15.i,Food products nec,1.0
151529,"Corn (Maize) Oil, Refined, And Its Fractions",p15.i,Food products nec,1.0
151530,Castor Oil And Its Fractions,p15.e,products of Vegetable oils and fats,1.0
151540,Tung Oil And Its Fractions,p15.e,products of Vegetable oils and fats,1.0
151550,Sesame (Sesamum) Oil And Its Fractions,p15.e,products of Vegetable oils and fats,1.0
151560,"Fixed Vegetable Fats And Oils (Other Than Soft), Crude, Refined Or Fractionated, N.E.S.",p15.e,products of Vegetable oils and fats,1.0
151590,"Fixed Vegetable Fats And Oils (Other Than Soft), Crude, Refined Or Fractionated, N.E.S.",p15.e,products of Vegetable oils and fats,1.0
151610,"Animal Fats Or Oils And Their Fractions, Hydrogenated, Interesterified Etc., Refined Or Not, But Not Further Prepared",p15.i,Food products nec,1.0
151620,"Vegetable Fats Or Oils And Their Fractions, Hydrogenated, Interesterified Etc., Refined Or Not, But Not Further Prepared",p15.i,Food products nec,1.0
151710,Margarine (Excluding Liquid Margarine),p15.e,products of Vegetable oils and fats,1.0
151790,"Edible Preparations Of Animal Or Vegetable Fats Or Oils Or Of Fractions Of Different Such Fats Or Oils, Other Than Those Of Heading 431.2, N.E.S.",p15.e,products of Vegetable oils and fats,1.0
151800,"Animal Or Vegetable Fats And Oils And Their Fractions Processed N.E.S., And Inedible Mixtures Or Preparations Of Such Fats And Oils, N.E.S.",p24.g,Biogasoline,1.0
151800,"Animal Or Vegetable Fats And Oils And Their Fractions Processed N.E.S., And Inedible Mixtures Or Preparations Of Such Fats And Oils, N.E.S.",p24.h,Biodiesels,1.0
151800,"Animal Or Vegetable Fats And Oils And Their Fractions Processed N.E.S., And Inedible Mixtures Or Preparations Of Such Fats And Oils, N.E.S.",p24.i,Other Liquid Biofuels,1.0
152000,"Glycerol (Glycerine), Glycerol Waters And Glycerol Lyes",p24.d,Chemicals nec,1.0
152110,Vegetable Waxes (Other Than Triglycerides) Whether Or Not Refined Or Colored,p15.e,products of Vegetable oils and fats,1.0
152190,"Beeswax, Other Insect Waxes And Spermaceti, Whether Or Not Refined Or Colored",p01.m,Animal products nec,1.0
152200,Degras; Residues From The Treatment Of Animal Or Vegetable Waxes Or Fatty Substances,p15.e,products of Vegetable oils and fats,1.0
160100,"Sausages And Similar Products Of Meat, Meat Offal Or Blood; Food Preparations Based On These Products",p15.d,Meat products nec,1.0
160210,Homogenized Preparations From Meat And Edible Meat Offal,p15.i,Food products nec,1.0
160220,"Liver Of Any Animal, Prepared Or Preserved, N.E.S.",p15.d,Meat products nec,1.0
160231,"Meat And Offal (Other Than Liver) Of Poultry (Chickens, Ducks, Geese, Turkeys And Guinea Fowls), Prepared Or Preserved, N.E.S.",p15.d,Meat products nec,1.0
160232,"Meat And Offal (Other Than Liver) Of Poultry (Chickens, Ducks, Geese, Turkeys And Guinea Fowls), Prepared Or Preserved, N.E.S.",p15.d,Meat products nec,1.0
160239,"Meat And Offal (Other Than Liver) Of Poultry (Chickens, Ducks, Geese, Turkeys And Guinea Fowls), Prepared Or Preserved, N.E.S.",p15.d,Meat products nec,1.0
160241,"Meat And Offal (Other Than Liver), Of Swine, Prepared Or Preserved, N.E.S.",p15.d,Meat products nec,1.0
160242,"Meat And Offal (Other Than Liver), Of Swine, Prepared Or Preserved, N.E.S.",p15.d,Meat products nec,1.0
160249,"Meat And Offal (Other Than Liver), Of Swine, Prepared Or Preserved, N.E.S.",p15.d,Meat products nec,1.0
160250,"Meat And Offal (Other Than Liver), Of Bovine Animals, Prepared Or Preserved, N.E.S",p15.d,Meat products nec,1.0
160290,"Meat Or Meat Offal, N.E.S., Prepared Or Preserved (Including Preparations Of Blood Of Any Animal)",p15.d,Meat products nec,1.0
160300,"Extracts And Juices Of Meat, Fish Or Crustaceans, Moluscs Or Other Aquatic Invertebrates",p15.d,Meat products nec,1.0
160411,"Salmon, Whole Or In Pieces, But Not Minced, Prepared Or Preserved, N.E.S.",p15.k,Fish products,1.0
160412,"Herrings, Sardines, Sardinella And Brislings Or Sprats, Whole Or In Pieces, But Not Minced, Prepared Or Preserved, N.E.S.",p15.k,Fish products,1.0
160413,"Herrings, Sardines, Sardinella And Brislings Or Sprats, Whole Or In Pieces, But Not Minced, Prepared Or Preserved, N.E.S.",p15.k,Fish products,1.0
160414,"Tunas, Skipjack And Bonito (Sarda App.) Whole Or In Pieces, But Not Minced",p15.k,Fish products,1.0
160415,"Mackerel, Whole Or In Pieces, But Not Minced, Prepared Or Preserved, N.E.S.",p15.k,Fish products,1.0
160416,"Fish, Whole Or In Pieces, But Not Minced, N.E.S., Prepared Or Preserved, N.E.S.",p15.k,Fish products,1.0
160419,"Fish, Whole Or In Pieces, But Not Minced, N.E.S., Prepared Or Preserved, N.E.S.",p15.k,Fish products,1.0
160420,"Fish, Prepared Or Preserved, N.E.S.",p15.k,Fish products,1.0
160430,Caviar And Caviar Substitutes Prepared From Fish Eggs,p15.k,Fish products,1.0
160510,"Crustaceans, Prepared Or Preserved, N.E.S.",p15.k,Fish products,1.0
160520,"Crustaceans, Prepared Or Preserved, N.E.S.",p15.k,Fish products,1.0
160530,"Crustaceans, Prepared Or Preserved, N.E.S.",p15.k,Fish products,1.0
160540,"Crustaceans, Prepared Or Preserved, N.E.S.",p15.k,Fish products,1.0
160590,"Molluscs And Other Aquatic Invertebrates, Prepared Or Preserved, N.E.S.",p15.k,Fish products,1.0
170111,"Cane Sugar, Raw",p15.h,Sugar,1.0
170112,"Beet Sugar, Raw",p15.h,Sugar,1.0
170191,"Cane Or Beet Sugar Containing Added Flavoring Or Coloring Matter, In Solid Form",p15.h,Sugar,1.0
170199,"Cane Or Beet Sugar And Chemically Pure Sucrose In Solid Form, N.E.S.",p15.h,Sugar,1.0
170211,Lactose And Lactose Syrup,p15.f,Dairy products,1.0
170219,Lactose And Lactose Syrup,p15.f,Dairy products,1.0
170220,Maple Sugar And Maple Syrup,p15.h,Sugar,1.0
170230,"Glucose (Dextrose) And Glucose Syrup, Not Containing Fructose Or Containing, In The Dry State, Less Than 20% By Weight Of Fructose",p15.i,Food products nec,1.0
170240,"Glucose And Glucose Syrup, Containing, In The Dry State, At Least 20% But Not More Than 50% By Weight Of Fructose",p15.i,Food products nec,1.0
170250,Pure Fructose,p15.i,Food products nec,1.0
170260,"Fructose And Fructose Syrup, N.E.S., Containing In The Dry State More Than 50% By Weight Of Fructose",p15.i,Food products nec,1.0
170290,"Sugars, N.E.S. (Including Invert Sugar); Artificial Honey; Caramel",p15.i,Food products nec,1.0
170310,Cane Molasses,p15.h,Sugar,1.0
170390,Beet Sugar Molasses And Other Molasses (E.G. Corn Molasses) Resulting From The Extraction Or Refining Of Sugar,p15.h,Sugar,1.0
170410,"Chewing Gum, Whether Or Not Sugar",p15.i,Food products nec,1.0
170490,"Sugar Confectionery (Including White Chocolate), Not Containing Cocoa, N.E.S.",p15.i,Food products nec,1.0
180100,"Cocoa Beans, Whole Or Broken, Raw Or Roasted",p01.h,Crops nec,1.0
180200,"3915oa Shells, Husks, Skins And Other Cocoa Waste""",p15.i,Food products nec,1.0
180310,"Cocoa Paste, Not Defatted (Licor)",p15.i,Food products nec,1.0
180320,"Cocoa Paste, Wholly Or Partly Defatted (Cocoa Cake)",p15.i,Food products nec,1.0
180400,"Cocoa Butter, Fat Or Oil",p15.i,Food products nec,1.0
180500,Cocoa Powder Not Containing Added Sugar Or Other Sweetening Matter,p15.i,Food products nec,1.0
180610,Cocoa Powder Containing Added Sugar Or Other Sweetening Matter,p15.i,Food products nec,1.0
180620,"Food Prep Nes, Containing Cocoa, In Blocks, Slabs Or Bars Over 2 Kg Or In Liquid, Paste, Powder, Granular Or Other Bulk Form In Containers Over 2 Kg",p15.i,Food products nec,1.0
180631,"Food Preparations, N.E.S., Containing Cocoa, In Blocks, Slabs Or Bars",p15.i,Food products nec,1.0
180632,"Food Preparations, N.E.S., Containing Cocoa, In Blocks, Slabs Or Bars",p15.i,Food products nec,1.0
180690,"Food Preparations Containing Cocoa, N.E.S.",p15.i,Food products nec,1.0
190110,"Food Preparations For Infant Use, Put Up For Retail Sale, Of Flour, Meal, Starch Or Malt Extract Or Goods Of Heading 022.4 & 022.1 To 022.32, Nes",p15.i,Food products nec,1.0
190120,"Mixes And Doughs For The Preparation Of Bakers Wares, Including Bread, Pastry, Cakes, And Biscuits",p15.i,Food products nec,1.0
190190,"Malt Extract; Food Preparations Of Flour, Meal, Starch Or Malt Extract, N.E.S., Or Of Goods Of Heading 022.4 And 022.1 Through 022.32, N.E.S.",p15.i,Food products nec,1.0
190211,"Macaroni, Spaghetti And Similar Products (Pasta Uncooked, Not Stuffed Or Otherwise Prepared)",p15.i,Food products nec,1.0
190219,"Macaroni, Spaghetti And Similar Products (Pasta Uncooked, Not Stuffed Or Otherwise Prepared)",p15.i,Food products nec,1.0
190220,"Pasta, Cooked Or Stuffed; Couscous, Whether Or Not Prepared",p15.i,Food products nec,1.0
190230,"Pasta, Cooked Or Stuffed; Couscous, Whether Or Not Prepared",p15.i,Food products nec,1.0
190240,"Pasta, Cooked Or Stuffed; Couscous, Whether Or Not Prepared",p15.i,Food products nec,1.0
190300,"Tapioca And Substitutes Therefor Prepared From Starch, In The Form Of Flake, Grains, Pearls, Siftings Or Similar Forms",p15.i,Food products nec,1.0
190410,"Prepared Foods Obtained By The Swelling Or Roasting Of Cereals Or Cereal Products (E.G., Corn Flakes)",p15.i,Food products nec,1.0
190420,"Prepared Foods Obtained By The Swelling Or Roasting Of Cereals Or Cereal Products (E.G., Corn Flakes)",p15.i,Food products nec,1.0
190490,"Cereals Other Than Maize (Corn), In Grain Form, Precooked Or Otherwise Prepared",p15.i,Food products nec,1.0
190510,"Crispbread, Rusks, Toasted Bread And Similar Products",p15.i,Food products nec,1.0
190520,"Sweet Biscuits, Waffles And Wafers, Gingerbread And The Like",p15.i,Food products nec,1.0
190530,"Sweet Biscuits, Waffles And Wafers, Gingerbread And The Like",p15.i,Food products nec,1.0
190540,"Crispbread, Rusks, Toasted Bread And Similar Products",p15.i,Food products nec,1.0
190590,"Bakers Wares, N.E.S., Communion Wafers, Empty Cachets For Pharmaceutical Use, Sealing Wafers, Rice, Paper, Etc.",p15.i,Food products nec,1.0
200110,"Vegetables, Fruit, Nuts And Other Edible Parts Of Plants, Prepared Or Preserved By Vinegar Or Acetic Acid",p15.i,Food products nec,1.0
200120,"Vegetables, Fruit, Nuts And Other Edible Parts Of Plants, Prepared Or Preserved By Vinegar Or Acetic Acid",p15.i,Food products nec,1.0
200190,"Vegetables, Fruit, Nuts And Other Edible Parts Of Plants, Prepared Or Preserved By Vinegar Or Acetic Acid",p15.i,Food products nec,1.0
200210,"Tomatoes Prepared Or Preserved Otherwise Than By Vinegar Or Acetic Acid, Whole Or In Pieces",p15.i,Food products nec,1.0
200290,"Tomatoes, Prepared Or Preserved Otherwise Than By Vinegar Or Acetic Acid, N.E.S.",p15.i,Food products nec,1.0
200310,Mushrooms And Truffles Prepared Or Preserved Otherwise Than By Vinegar Or Acetic Acid,p15.i,Food products nec,1.0
200320,Mushrooms And Truffles Prepared Or Preserved Otherwise Than By Vinegar Or Acetic Acid,p15.i,Food products nec,1.0
200410,"Potatoes Prepared Or Preserved Otherwise Than By Vinegar Or Acetic Acid, Frozen",p15.i,Food products nec,1.0
200490,"Vegetables N.E.S. And Mixtures Of Vegetables Prepared Or Preserved Other Than By Vinegar Or Acetic Acid, Frozen",p15.i,Food products nec,1.0
200510,Homogenized Vegetables,p15.i,Food products nec,1.0
200520,"Potatoes, Prepared Or Preserved Otherwise Than By Vinegar Or Acetic Acid, Not Frozen",p15.i,Food products nec,1.0
200540,"Vegetables, Prepared Or Preserved Otherwise Than By Vinegar Or Acetic Acid, Not Frozen, N.E.S.",p15.i,Food products nec,1.0
200551,"Vegetables, Prepared Or Preserved Otherwise Than By Vinegar Or Acetic Acid, Not Frozen, N.E.S.",p15.i,Food products nec,1.0
200559,"Vegetables, Prepared Or Preserved Otherwise Than By Vinegar Or Acetic Acid, Not Frozen, N.E.S.",p15.i,Food products nec,1.0
200560,"Vegetables, Prepared Or Preserved Otherwise Than By Vinegar Or Acetic Acid, Not Frozen, N.E.S.",p15.i,Food products nec,1.0
200570,"Vegetables, Prepared Or Preserved Otherwise Than By Vinegar Or Acetic Acid, Not Frozen, N.E.S.",p15.i,Food products nec,1.0
200580,"Sweet Corn, Prepared Or Preserved, N.E.S.",p15.i,Food products nec,1.0
200590,"Vegetables, Prepared Or Preserved Otherwise Than By Vinegar Or Acetic Acid, Not Frozen, N.E.S.",p15.i,Food products nec,1.0
200600,"Fruit, Nuts, Fruit",p15.i,Food products nec,1.0
200710,"Cooked Fruit Preparations, Homogenized",p15.i,Food products nec,1.0
200791,"Jams, Fruit Jellies, Marmalades, Fruit Or Nut Puree And Fruit Or Nut Pastes, Being Cooked Preparations, Not Including Homogenized Preparations",p15.i,Food products nec,1.0
200799,"Jams, Fruit Jellies, Marmalades, Fruit Or Nut Puree And Fruit Or Nut Pastes, Being Cooked Preparations, Not Including Homogenized Preparations",p15.i,Food products nec,1.0
200811,"Nuts, Groundnuts And Other Seeds, Prepared Or Preserved, N.E.S., Whether Or Not Containing Added Sugar Or Other Sweetening Matter Or Spirit",p15.i,Food products nec,1.0
200819,"Nuts, Groundnuts And Other Seeds, Prepared Or Preserved, N.E.S., Whether Or Not Containing Added Sugar Or Other Sweetening Matter Or Spirit",p15.i,Food products nec,1.0
200820,"Pineapples, Prepared Or Preserved, N.E.S., Whether Or Not Containing Added Sugar Or Other Sweetening Matter Or Spirit",p15.i,Food products nec,1.0
200830,"Citrus Fruit, Prepared Or Preserved, N.E.S., Whether Or Not Containing Added Sugar Or Other Sweetening Matter Or Spirit",p15.i,Food products nec,1.0
200840,"Fruits Or Edible Parts Of Plants, Prepared Or Preserved, N.E.S., Whether Or Not Containing Added Sugar Or Other Sweetening Matter Or Spirit",p15.i,Food products nec,1.0
200850,"Apricots, Cherries And Peaches, Prepared Or Preserved, N.E.S., Whether Or Not Containing Added Sugar Or Other Sweetening Matter Or Spirit",p15.i,Food products nec,1.0
200860,"Apricots, Cherries And Peaches, Prepared Or Preserved, N.E.S., Whether Or Not Containing Added Sugar Or Other Sweetening Matter Or Spirit",p15.i,Food products nec,1.0
200870,"Apricots, Cherries And Peaches, Prepared Or Preserved, N.E.S., Whether Or Not Containing Added Sugar Or Other Sweetening Matter Or Spirit",p15.i,Food products nec,1.0
200880,"Fruits Or Edible Parts Of Plants, Prepared Or Preserved, N.E.S., Whether Or Not Containing Added Sugar Or Other Sweetening Matter Or Spirit",p15.i,Food products nec,1.0
200891,"Fruits Or Edible Parts Of Plants, Prepared Or Preserved, N.E.S., Whether Or Not Containing Added Sugar Or Other Sweetening Matter Or Spirit",p15.i,Food products nec,1.0
200892,"Mixtures Of Fruits Or Other Edible Parts Of Plants, Prepared Or Preserved, N.E.S., Whether Containing Added Sugar Or Other Sweetening Matter Or Spir",p15.i,Food products nec,1.0
200899,"Fruits Or Edible Parts Of Plants, Prepared Or Preserved, N.E.S., Whether Or Not Containing Added Sugar Or Other Sweetening Matter Or Spirit",p15.i,Food products nec,1.0
200911,"Orange Juice, Unfermented And Not Containing Added Spirit",p15.i,Food products nec,1.0
200919,"Orange Juice, Unfermented And Not Containing Added Spirit",p15.i,Food products nec,1.0
200920,"Grapefruit Juice, Unfermented And Not Containing Added Spirit",p15.i,Food products nec,1.0
200930,"Juice Of Any Single Citrus Fruit, Other Than Of Orange Or Grapefruit, Unfermented And Not Containing Added Spirit",p15.i,Food products nec,1.0
200940,"Pineapple Juice, Unfermented And Not Containing Added Spirit",p15.i,Food products nec,1.0
200950,"Tomato Juice, Unfermented And Not Containing Added Spirit",p15.i,Food products nec,1.0
200960,"Grape Juice (Including Grape Must), Unfermented And Not Containing Added Spirit",p15.i,Food products nec,1.0
200970,"Apple Juice, Unfermented And Not Containing Added Spirit",p15.i,Food products nec,1.0
200980,"Juice Of Any Single Fruit Or Vegetable, N.E.S., Unfermented And Not Containing Added Spirit",p15.i,Food products nec,1.0
200990,"Mixtures Of Fruit And Vegetable Juices, Unfermented And Not Containing Added Spirits",p15.i,Food products nec,1.0
210111,"Extracts, Essences And Concentrates Of Coffee And Preparations With A Basis Of These Products Or With A Basis Of Coffee",p15.i,Food products nec,1.0
210112,"Extracts, Essences And Concentrates Of Coffee And Preparations With A Basis Of These Products Or With A Basis Of Coffee",p15.i,Food products nec,1.0
210120,"Extracts, Essences, And Concentrates Of Tea Or Mate, And Preparations With A Basis Of Tea, Mate, Or Their Extracts, Essences Or Concentrates",p15.i,Food products nec,1.0
210130,"Roasted Chicory And Other Roasted Coffee Substitutes (Not Containing Coffee) And Extracts, Essences And Concentrates Thereof",p15.i,Food products nec,1.0
210210,Yeasts (Active Or Inactive); Other Single,p15.i,Food products nec,1.0
210220,Yeasts (Active Or Inactive); Other Single,p15.i,Food products nec,1.0
210230,Yeasts (Active Or Inactive); Other Single,p15.i,Food products nec,1.0
210310,Soy Sauce,p15.i,Food products nec,1.0
210320,Tomato Ketchup And Other Tomato Sauces,p15.i,Food products nec,1.0
210330,Mustard Flour And Meal And Prepared Mustard,p15.i,Food products nec,1.0
210390,"Sauces And Preparations Therefor, N.E.S.; Mixed Condiments And Mixed Seasonings",p15.i,Food products nec,1.0
210410,Soups And Broths And Preparations Therefor,p15.i,Food products nec,1.0
210420,Homogenized Composite Food Preparations,p15.i,Food products nec,1.0
210500,Ice Cream And Other Edible Ice Whether Or Not Containing Cocoa,p15.f,Dairy products,1.0
210610,"Food Preparations, N.E.S.",p15.i,Food products nec,1.0
090620,Cinnamon And Cinnamon,p15.i,Food products nec,1.0
210690,"Food Preparations, N.E.S.",p15.i,Food products nec,1.0
220110,"Waters, Including Natural Or Artificial Mineral Waters And Aerated Waters, Not Containing Added Sugar Or Other Sweetening Matter; Ice And Snow",p15.j,Beverages,1.0
220190,"Waters, Including Natural Or Artificial Mineral Waters And Aerated Waters, Not Containing Added Sugar Or Other Sweetening Matter; Ice And Snow",p15.j,Beverages,1.0
220210,"Waters (Including Mineral And Aerated Waters) Containing Added Sugar Or Other Sweetening Matter Or Flavored, And Other Nonalcoholic Beverages, N.E.S",p15.j,Beverages,1.0
220290,"Waters (Including Mineral And Aerated Waters) Containing Added Sugar Or Other Sweetening Matter Or Flavored, And Other Nonalcoholic Beverages, N.E.S",p15.j,Beverages,1.0
220300,"Beer Made From Malt (Including Ale, Stout And Porter)",p15.j,Beverages,1.0
220410,Sparkling Wine,p15.j,Beverages,1.0
220421,Wine Of Fresh Grapes (Other Than Sparkling Wine); Grape Must With Fermentation Arrested By The Addition Of Alcohol,p15.j,Beverages,1.0
220429,Wine Of Fresh Grapes (Other Than Sparkling Wine); Grape Must With Fermentation Arrested By The Addition Of Alcohol,p15.j,Beverages,1.0
220430,Grape Must In Fermentation Or With Fermentation Arrested Otherwise Than By The Addition Of Alcohol,p15.j,Beverages,1.0
220510,Vermouth And Other Wines Of Fresh Grapes Flavored With Plants Or Aromatic Substances,p15.j,Beverages,1.0
220590,Vermouth And Other Wines Of Fresh Grapes Flavored With Plants Or Aromatic Substances,p15.j,Beverages,1.0
220600,"Fermented Beverages, N.E.S. (E.G., Cider, Perry And Mead); Mixt Of Fermentd Beverages And Mixt Of Fermentd Beverages And Non",p15.j,Beverages,1.0
220710,Ethyl Alcohol (Not Denatured) Of An Alcoholic Strength By Volume Of 80% Or Higher,p15.j,Beverages,1.0
220720,"Ethyl Alcohol And Other Spirits, Denatured, Of Any Alcoholic Strength",p15.j,Beverages,1.0
220820,Spirits Obtained By Distilling Grape Wine Or Grape Marc,p15.j,Beverages,1.0
220830,Whiskey,p15.j,Beverages,1.0
220840,Rum And Tafia,p15.j,Beverages,1.0
220850,Gin And Geneva,p15.j,Beverages,1.0
220860,"Spirits And Distilled Alcoholic Beverages, N.E.S.",p15.j,Beverages,1.0
220870,"Spirits And Distilled Alcoholic Beverages, N.E.S.",p15.j,Beverages,1.0
220890,"Spirits And Distilled Alcoholic Beverages, N.E.S.",p15.j,Beverages,1.0
220900,Vinegar And Substitutes For Vinegar Obtained From Acetic Acid,p15.i,Food products nec,1.0
230110,"Flours, Meals And Pellets, Of Meat Or Meat Offal (Including Tankage), Unfit For Human Consumption; Greaves",p15.d,Meat products nec,1.0
230120,"Flours, Meals And Pellets Of Fish Or Of Crustaceans, Molluscs Or Other Aquatic Invertebrates, Unfit For Human Consumption",p15.k,Fish products,1.0
230210,"3912n, Sharps And Other Residues Derived From The Sifting, Milling Or Other Working Of Maize (Corn)""",p15.i,Food products nec,1.0
230220,"3912n, Sharps And Other Residues Derived From The Sifting, Milling Or Other Working Of Rice""",p15.i,Food products nec,1.0
230230,"3912n, Sharps And Other Residues Derived From The Sifting, Milling Or Other Working Of Wheat""",p15.i,Food products nec,1.0
230240,"3912n, Sharps And Other Residues Derived From The Sifting, Milling Or Other Working Of Cereals, N.E.S.""",p15.i,Food products nec,1.0
230250,"3912n, Sharps And Other Residues, Whether Or Not In Pellets, Derived From The Sifting, Milling Or Other Working Of Leguminous Plants""",p15.i,Food products nec,1.0
230310,3913dues Of Starch Manufacture And Similar Residues,p15.i,Food products nec,1.0
230320,3914,p15.h,Sugar,1.0
230330,3916ing Or Distilling Dregs And Waste,p15.j,Beverages,1.0
230400,Oilcake of soya beans,p15.e,products of Vegetable oils and fats,1.0
230500,Oilcake of groundnuts,p15.e,products of Vegetable oils and fats,1.0
230610,Oilcake of cotton seeds,p15.e,products of Vegetable oils and fats,1.0
230620,Oilcake linseed,p15.e,products of Vegetable oils and fats,1.0
230630,Oilcake sunflower seeds,p15.e,products of Vegetable oils and fats,1.0
230640,Oilcake rape or colza seeds,p15.e,products of Vegetable oils and fats,1.0
230650,Oilcake coconut or copra,p15.e,products of Vegetable oils and fats,1.0
230660,Oilcake palm nuts or kernals,p15.e,products of Vegetable oils and fats,1.0
230670,Oilcake other oil seeds,p15.e,products of Vegetable oils and fats,1.0
230690,Oilcake other oil seeds,p15.e,products of Vegetable oils and fats,1.0
230700,3917 Lees; Argol,p15.j,Beverages,1.0
230810,0393table Residues And By,p02,"Products of forestry, logging and related services (02)",1.0
230890,3912table Residues And By,p15.i,Food products nec,1.0
230910,"Dog Or Cat Food, Put Up For Retail Sale",p15.i,Food products nec,1.0
230990,"Preparations Of A Kind Used For Animal Food, N.E.S.",p15.i,Food products nec,1.0
240110,"Tobacco, Not Stemmed/Stripped",p01.h,Crops nec,1.0
240120,"Tobacco, Wholly Or Partly Stemmed/Stripped",p01.h,Crops nec,1.0
240130,3918cco Refuse,p16,Tobacco products (16),1.0
240210,"Cigars, Cheroots And Cigarillos, Containing Tobacco",p16,Tobacco products (16),1.0
240220,Cigarettes Containing Tobacco,p16,Tobacco products (16),1.0
240290,"Cigars, Cheroots, Cigarillos And Cigarettes, Of Tobacco Substitutes",p16,Tobacco products (16),1.0
240310,"Smoking Tobacco, Whether Or Not Containing Tobacco Substitutes",p16,Tobacco products (16),1.0
240391,"Manufactured Tobacco, Extracts And Essence, N.E.S.",p16,Tobacco products (16),1.0
240399,"Manufactured Tobacco, Extracts And Essence, N.E.S.",p16,Tobacco products (16),1.0
250100,"Sodium Chloride, Pure & Comm Salt (Incl Table Salt/Dnturd Salt), Wheth Or Nt In Aqueous Solution/Contg Added Anti",p14.3,"Chemical and fertilizer minerals, salt and other mining and quarrying products n.e.c.",1.0
250200,"Iron Pyrites, Unroasted",p14.3,"Chemical and fertilizer minerals, salt and other mining and quarrying products n.e.c.",1.0
250300,Sulphur,p14.3,"Chemical and fertilizer minerals, salt and other mining and quarrying products n.e.c.",1.0
250410,"Graphite, Natural",p14.3,"Chemical and fertilizer minerals, salt and other mining and quarrying products n.e.c.",1.0
250490,"Graphite, Natural",p14.3,"Chemical and fertilizer minerals, salt and other mining and quarrying products n.e.c.",1.0
250510,Silica Sands And Quartz Sands,p14.2,Sand and clay,1.0
250590,"Sands, Natural, Other Than Silica Sands And Quartz Sands",p14.2,Sand and clay,1.0
250610,"Quartz (Other Than Natural Sands); Quartzite, Whether Or Not Roughly Trimmed Or Merely Cut, By Sawing Or Otherwise, Into Square Or Rectangular Shape",p14.3,"Chemical and fertilizer minerals, salt and other mining and quarrying products n.e.c.",1.0
250621,"Quartz (Other Than Natural Sands); Quartzite, Whether Or Not Roughly Trimmed Or Merely Cut, By Sawing Or Otherwise, Into Square Or Rectangular Shape",p14.3,"Chemical and fertilizer minerals, salt and other mining and quarrying products n.e.c.",1.0
250629,"Quartz (Other Than Natural Sands); Quartzite, Whether Or Not Roughly Trimmed Or Merely Cut, By Sawing Or Otherwise, Into Square Or Rectangular Shape",p14.3,"Chemical and fertilizer minerals, salt and other mining and quarrying products n.e.c.",1.0
250700,"Kaolin And Other Kaolinic Clays, Whether Or Not Calcined",p14.2,Sand and clay,1.0
250810,Bentonite,p14.2,Sand and clay,1.0
250820,"Crude Clays, N.E.S., Including Andalusite, Kyanite And Sillimanite; Mullite; Chamotte And Dinas Earths",p14.2,Sand and clay,1.0
250830,"Crude Clays, N.E.S., Including Andalusite, Kyanite And Sillimanite; Mullite; Chamotte And Dinas Earths",p14.2,Sand and clay,1.0
250840,"Crude Clays, N.E.S., Including Andalusite, Kyanite And Sillimanite; Mullite; Chamotte And Dinas Earths",p14.2,Sand and clay,1.0
250850,"Crude Clays, N.E.S., Including Andalusite, Kyanite And Sillimanite; Mullite; Chamotte And Dinas Earths",p14.2,Sand and clay,1.0
250860,"Crude Clays, N.E.S., Including Andalusite, Kyanite And Sillimanite; Mullite; Chamotte And Dinas Earths",p14.2,Sand and clay,1.0
250870,"Crude Clays, N.E.S., Including Andalusite, Kyanite And Sillimanite; Mullite; Chamotte And Dinas Earths",p14.2,Sand and clay,1.0
250900,Chalk (Crude Natural Calcium Carbonate),p14.1,Stone,1.0
251010,"Natural Calcium Phosphates, Natural Aluminum Calcium Phosphates And Phosphatic Chalk, Unground, (Imports Only)",p14.3,"Chemical and fertilizer minerals, salt and other mining and quarrying products n.e.c.",1.0
251020,"Natural Calcium Phosphates, Natural Aluminum Calcium Phosphates And Phosphatic Chalk, Ground, (Imports Only)",p14.3,"Chemical and fertilizer minerals, salt and other mining and quarrying products n.e.c.",1.0
251110,"Natural Barium Sulfate (Barytes); Natural Barium Carbonate (Witherite), Whether Or Not Calcined (Excluding Purified Barium Oxide)",p14.3,"Chemical and fertilizer minerals, salt and other mining and quarrying products n.e.c.",1.0
251120,"Natural Barium Sulfate (Barytes); Natural Barium Carbonate (Witherite), Whether Or Not Calcined (Excluding Purified Barium Oxide)",p14.3,"Chemical and fertilizer minerals, salt and other mining and quarrying products n.e.c.",1.0
251200,"Siliceous Fossil Meals (Kieselguhr, Tripolite And Diatomite) And Similar Siliceous Earths, Calcined Or Not, Of A Specific Gravity Of Not Over 1",p14.3,"Chemical and fertilizer minerals, salt and other mining and quarrying products n.e.c.",1.0
251311,"Pumice Stone; Emery; Natural Corundum, Natural Garnet And Other Natural Abrasives, Crude Or In Irregular Pieces, Including Crushed Pumice (Bimskies)",p14.3,"Chemical and fertilizer minerals, salt and other mining and quarrying products n.e.c.",1.0
251319,"Pumice Stone; Emery; Natural Corundum, Natural Garnet And Other Natural Abrasives, Other Than Crude, Whether Or Not Heat",p14.3,"Chemical and fertilizer minerals, salt and other mining and quarrying products n.e.c.",1.0
251320,"Pumice Stone; Emery; Natural Corundum, Natural Garnet And Other Natural Abrasives, Crude Or In Irregular Pieces, Including Crushed Pumice (Bimskies)",p14.3,"Chemical and fertilizer minerals, salt and other mining and quarrying products n.e.c.",1.0
251400,"Slate, Whether Or Not Roughly Trimmed Or Merely Cut, By Sawing Or Otherwise Into Blocks Or Slabs Of A Square Or Rectangular Shape",p14.1,Stone,1.0
251511,"Marble, Travertine, And Specified Calcareous Monumental Or Building Stone  And Alabaster, Whether Or Not Roughly Trimmed Or Cut Into Blocks Or Slabs",p14.1,Stone,1.0
251512,"Marble, Travertine, And Specified Calcareous Monumental Or Building Stone  And Alabaster, Whether Or Not Roughly Trimmed Or Cut Into Blocks Or Slabs",p14.1,Stone,1.0
251520,"Marble, Travertine, And Specified Calcareous Monumental Or Building Stone  And Alabaster, Whether Or Not Roughly Trimmed Or Cut Into Blocks Or Slabs",p14.1,Stone,1.0
251611,"Granite, Porphyry, Basalt, Sandstone And Other Monumental Or Building Stone, N.E.S., Whether Or Not Roughly Trimmed Or Cut Into Blocks Or Slabs",p14.1,Stone,1.0
251612,"Granite, Porphyry, Basalt, Sandstone And Other Monumental Or Building Stone, N.E.S., Whether Or Not Roughly Trimmed Or Cut Into Blocks Or Slabs",p14.1,Stone,1.0
251621,"Granite, Porphyry, Basalt, Sandstone And Other Monumental Or Building Stone, N.E.S., Whether Or Not Roughly Trimmed Or Cut Into Blocks Or Slabs",p14.1,Stone,1.0
251622,"Granite, Porphyry, Basalt, Sandstone And Other Monumental Or Building Stone, N.E.S., Whether Or Not Roughly Trimmed Or Cut Into Blocks Or Slabs",p14.1,Stone,1.0
251690,"Granite, Porphyry, Basalt, Sandstone And Other Monumental Or Building Stone, N.E.S., Whether Or Not Roughly Trimmed Or Cut Into Blocks Or Slabs",p14.1,Stone,1.0
251710,"Pebbles, Gravel, Broken Or Crushed Stone For Specific Uses; Macadam Of Slag, Dross Etc; Tarred Macadam; Chips, Etc. From Monument And Building Stone",p14.2,Sand and clay,1.0
251720,"Pebbles, Gravel, Broken Or Crushed Stone For Specific Uses; Macadam Of Slag, Dross Etc; Tarred Macadam; Chips, Etc. From Monument And Building Stone",p14.2,Sand and clay,1.0
251730,"Pebbles, Gravel, Broken Or Crushed Stone For Specific Uses; Macadam Of Slag, Dross Etc; Tarred Macadam; Chips, Etc. From Monument And Building Stone",p14.2,Sand and clay,1.0
251741,"Pebbles, Gravel, Broken Or Crushed Stone For Specific Uses; Macadam Of Slag, Dross Etc; Tarred Macadam; Chips, Etc. From Monument And Building Stone",p14.2,Sand and clay,1.0
251749,"Pebbles, Gravel, Broken Or Crushed Stone For Specific Uses; Macadam Of Slag, Dross Etc; Tarred Macadam; Chips, Etc. From Monument And Building Stone",p14.2,Sand and clay,1.0
251810,"Dolomite (Calcined Or Not), Including Roughly Trimmed Or Cut Into Blocks Or Slabs And Agglomerated Dolomite",p14.1,Stone,1.0
251820,"Dolomite (Calcined Or Not), Including Roughly Trimmed Or Cut Into Blocks Or Slabs And Agglomerated Dolomite",p14.1,Stone,1.0
251830,"Dolomite (Calcined Or Not), Including Roughly Trimmed Or Cut Into Blocks Or Slabs And Agglomerated Dolomite",p14.1,Stone,1.0
251910,Natural Magnesium Carbonate (Magnesite),p14.3,"Chemical and fertilizer minerals, salt and other mining and quarrying products n.e.c.",1.0
251990,Fused Magnesia; Dead,p14.3,"Chemical and fertilizer minerals, salt and other mining and quarrying products n.e.c.",1.0
252010,Gypsum And Anhydrite,p14.1,Stone,1.0
252020,"Plasters (Calcined Gypsum Or Calcined Sulfate), With Or Without Small Quantities Of Accelerators Or Retarders (Including Plasters For Dental Use)",p26.d,"Cement, lime and plaster",1.0
252100,Limestone Flux And Calcareous Stone Commonly Used For The Manufacture Of   Lime Or Cement,p14.1,Stone,1.0
252210,Quicklime,p26.d,"Cement, lime and plaster",1.0
252220,Slaked Lime,p26.d,"Cement, lime and plaster",1.0
252230,Hydraulic Lime,p26.d,"Cement, lime and plaster",1.0
252310,Cement Clinkers,p26.d,"Cement, lime and plaster",1.0
252321,Portland Cement,p26.d,"Cement, lime and plaster",1.0
252329,Portland Cement,p26.d,"Cement, lime and plaster",1.0
252330,Aluminous Cement,p26.d,"Cement, lime and plaster",1.0
252390,"Hydraulic Cements, N.E.S.",p26.d,"Cement, lime and plaster",1.0
252400,Asbestos,p14.3,"Chemical and fertilizer minerals, salt and other mining and quarrying products n.e.c.",1.0
252510,Mica (Including Splittings); Mica Waste,p14.3,"Chemical and fertilizer minerals, salt and other mining and quarrying products n.e.c.",1.0
252520,Mica (Including Splittings); Mica Waste,p14.3,"Chemical and fertilizer minerals, salt and other mining and quarrying products n.e.c.",1.0
252530,Mica (Including Splittings); Mica Waste,p14.3,"Chemical and fertilizer minerals, salt and other mining and quarrying products n.e.c.",1.0
252610,"Steatite, Natural, Whether Or Not Roughly Trimmed Or Merely Cut, By Sawing Or Otherwise, Into Blocks Or Slabs Of Square Or Rectangular Shape; Talc",p14.3,"Chemical and fertilizer minerals, salt and other mining and quarrying products n.e.c.",1.0
252620,"Steatite, Natural, Whether Or Not Roughly Trimmed Or Merely Cut, By Sawing Or Otherwise, Into Blocks Or Slabs Of Square Or Rectangular Shape; Talc",p14.3,"Chemical and fertilizer minerals, salt and other mining and quarrying products n.e.c.",1.0
252700,"Cryolite, Natural; Chiolite, Natural",p14.3,"Chemical and fertilizer minerals, salt and other mining and quarrying products n.e.c.",1.0
252810,"Natural Borates And Concentrates, Except Borates From Natural Brine; Natural Boric Acid Containing Not Over 85% H3b03 Based On Dry Weight",p14.3,"Chemical and fertilizer minerals, salt and other mining and quarrying products n.e.c.",1.0
252890,"Natural Borates And Concentrates, Except Borates From Natural Brine; Natural Boric Acid Containing Not Over 85% H3b03 Based On Dry Weight",p14.3,"Chemical and fertilizer minerals, salt and other mining and quarrying products n.e.c.",1.0
252910,Felspar; Leucite Nepheline And Nepheline Syenite,p14.3,"Chemical and fertilizer minerals, salt and other mining and quarrying products n.e.c.",1.0
252921,Fluorspar,p14.3,"Chemical and fertilizer minerals, salt and other mining and quarrying products n.e.c.",1.0
252922,Fluorspar,p14.3,"Chemical and fertilizer minerals, salt and other mining and quarrying products n.e.c.",1.0
252930,Felspar; Leucite Nepheline And Nepheline Syenite,p14.3,"Chemical and fertilizer minerals, salt and other mining and quarrying products n.e.c.",1.0
253010,"Vermiculite, Perlite And Chlorites, Unexpanded",p14.3,"Chemical and fertilizer minerals, salt and other mining and quarrying products n.e.c.",1.0
253020,"Mineral Substances, N.E.S.",p14.3,"Chemical and fertilizer minerals, salt and other mining and quarrying products n.e.c.",1.0
253040,"Mineral Substances, N.E.S.",p14.3,"Chemical and fertilizer minerals, salt and other mining and quarrying products n.e.c.",1.0
253090,"Mineral Substances, N.E.S.",p14.3,"Chemical and fertilizer minerals, salt and other mining and quarrying products n.e.c.",1.0
260111,"Iron Ore And Concentrates, Not Agglomerated",p13.1,Iron ores,1.0
260112,"Iron Ore Agglomerates (Sinters, Pellets, Briquettes, Etc.)",p13.1,Iron ores,1.0
260120,"Roasted Iron Pyrites (Pyrites Cinders), Whether Or Not Agglomerated",p24.d,Chemicals nec,1.0
260200,Manganese Ores And Concentrates (Including Manganiferous Iron Ores And Concentrates With A Manganese Content Of 20% Or More Calculated On Dry Weight,p13.20.16,Other non-ferrous metal ores and concentrates,1.0
260300,Copper Ores And Concentrates,p13.20.11,Copper ores and concentrates,1.0
260400,Nickel Ores And Concentrates,p13.20.12,Nickel ores and concentrates,1.0
260500,Cobalt Ores And Concentrates,p13.20.16,Other non-ferrous metal ores and concentrates,1.0
260600,Aluminum Ores And Concentrates,p13.20.13,Aluminium ores and concentrates,1.0
260700,Lead Ores And Concentrates,p13.20.15,"Lead, zinc and tin ores and concentrates",1.0
260800,Zinc Ores And Concentrates,p13.20.15,"Lead, zinc and tin ores and concentrates",1.0
260900,Tin Ores And Concentrates,p13.20.15,"Lead, zinc and tin ores and concentrates",1.0
261000,Chromium Ores And Concentrates,p13.20.16,Other non-ferrous metal ores and concentrates,1.0
261100,Tungstun (Or Wolfram) Ores And Concentrates,p13.20.16,Other non-ferrous metal ores and concentrates,1.0
261210,Uranium Ores And Concentrates,p12,Uranium and thorium ores (12),1.0
261220,Thorium Ores And Concentrates,p12,Uranium and thorium ores (12),1.0
261310,"Molybdenum Ores And Concentrates, Roasted",p13.20.16,Other non-ferrous metal ores and concentrates,1.0
261390,"Molybdenum Ores And Concentrates, Other Than Roasted",p13.20.16,Other non-ferrous metal ores and concentrates,1.0
261400,Titanium Ores And Concentrates,p13.20.16,Other non-ferrous metal ores and concentrates,1.0
261510,Zirconium Ores And Concentrates,p13.20.16,Other non-ferrous metal ores and concentrates,1.0
261590,"Niobium, Tantalum Or Vanadium Ores And Concentrates",p13.20.16,Other non-ferrous metal ores and concentrates,1.0
261610,Silver Ores And Concentrates,p13.20.14,Precious metal ores and concentrates,1.0
261690,Ores And Concentrates Of Precious Metals Except Silver,p13.20.14,Precious metal ores and concentrates,1.0
261710,"Base Metal Ores And Concentrates, N.E.S.",p13.20.16,Other non-ferrous metal ores and concentrates,1.0
261790,"Base Metal Ores And Concentrates, N.E.S.",p13.20.16,Other non-ferrous metal ores and concentrates,1.0
262011,"3932 And Residues (Other Than From The Manufacture Of Iron And Steel) Containing Metals And Metal Compounds, N.E.S.""",p27.43,"Lead, zinc and tin and products thereof",1.0
262019,"3932 And Residues (Other Than From The Manufacture Of Iron And Steel) Containing Metals And Metal Compounds, N.E.S.""",p27.43,"Lead, zinc and tin and products thereof",1.0
262020,"3932 And Residues (Other Than From The Manufacture Of Iron And Steel) Containing Metals And Metal Compounds, N.E.S.""",p27.43,"Lead, zinc and tin and products thereof",1.0
262030,"3932 And Residues (Other Than From The Manufacture Of Iron And Steel) Containing Metals And Metal Compounds, N.E.S.""",p27.44,Copper products,1.0
262040,"3932 And Residues (Other Than From The Manufacture Of Iron And Steel) Containing Metals And Metal Compounds, N.E.S.""",p27.42,Aluminium and aluminium products,1.0
262050,"3932 And Residues (Other Than From The Manufacture Of Iron And Steel) Containing Metals And Metal Compounds, N.E.S.""",p27.45,Other non-ferrous metal products,1.0
262090,"3932 And Residues (Other Than From The Manufacture Of Iron And Steel) Containing Metals And Metal Compounds, N.E.S.""",p27.45,Other non-ferrous metal products,1.0
262100,"Slag And Ash, N.E.S., Including Seaweed Ash (Kelp)",p14.3,"Chemical and fertilizer minerals, salt and other mining and quarrying products n.e.c.",1.0
270111,"Anthracite, Pulverized Or Not, But Not Agglomerated",p10.a,Anthracite,1.0
270119,"Coal, N.E.S., Pulverized Or Not, But Not Agglomerated",p10.a,Anthracite,1.0
270112,"Bituminous Coal, Pulverized Or Not, But Not Agglomerated",p10.c,Other Bituminous Coal,1.0
270112,"Bituminous Coal, Pulverized Or Not, But Not Agglomerated",p10.d,Sub-Bituminous Coal,1.0
270119,"Coal, N.E.S., Pulverized Or Not, But Not Agglomerated",p10.c,Other Bituminous Coal,1.0
270119,"Coal, N.E.S., Pulverized Or Not, But Not Agglomerated",p10.b,Coking Coal,1.0
270119,"Coal, N.E.S., Pulverized Or Not, But Not Agglomerated",p10.e,Patent Fuel,1.0
270120,"Briquettes, Ovoids And Similar Solid Fuels Manufactured From Coal",p10.e,Patent Fuel,1.0
270120,"Briquettes, Ovoids And Similar Solid Fuels Manufactured From Coal",p10.g,BKB/Peat Briquettes,1.0
270210,"Lignite (Excluding Jet), Pulverized Or Not, But Not Agglomerated",p10.f,Lignite/Brown Coal,1.0
270220,"Lignite (Excluding Jet), Pulverized Or Not, Agglomerated",p10.f,Lignite/Brown Coal,1.0
270300,"Peat (Including Peat Litter), Agglomerated Or Not",p10.g,BKB/Peat Briquettes,1.0
270300,"Peat (Including Peat Litter), Agglomerated Or Not",p10.h,Peat,1.0
270400,"Coke And Semicoke (Including Char) Of Coal, Of Lignite Or Of Peat, Agglomerated Or Not; Retort Carbon",p23.1.a,Coke Oven Coke,1.0
270400,"Coke And Semicoke (Including Char) Of Coal, Of Lignite Or Of Peat, Agglomerated Or Not; Retort Carbon",p23.1.b,Gas Coke,1.0
270500,"Coal Gas, Water Gas, Producer Gas And Similar Gases, Other Than Petroleum Gases And Other Gaseous Hydrocarbons",p40.2.a,Coke oven gas,1.0
270500,"Coal Gas, Water Gas, Producer Gas And Similar Gases, Other Than Petroleum Gases And Other Gaseous Hydrocarbons",p40.2.b,Blast Furnace Gas,1.0
270500,"Coal Gas, Water Gas, Producer Gas And Similar Gases, Other Than Petroleum Gases And Other Gaseous Hydrocarbons",p40.2.c,Oxygen Steel Furnace Gas,1.0
270500,"Coal Gas, Water Gas, Producer Gas And Similar Gases, Other Than Petroleum Gases And Other Gaseous Hydrocarbons",p40.2.d,Gas Works Gas,1.0
270500,"Coal Gas, Water Gas, Producer Gas And Similar Gases, Other Than Petroleum Gases And Other Gaseous Hydrocarbons",p40.2.e,Biogas,1.0
270600,"Tars Distilled From Coal, Lignite, Peat Or Other Mineral Tars, Including Partially Distilled And Reconstituted Tars",p23.1.c,Coal Tar,1.0
270710,Benzene,p24.d,Chemicals nec,1.0
270720,Toluene,p24.d,Chemicals nec,1.0
270730,Xylene,p24.d,Chemicals nec,1.0
270740,Oils And Products N.E.S. Of The Distillation Of High Temperature Coal Tar; Similar Products In Which Aromatic Constituents Predominate By Weight,p24.d,Chemicals nec,1.0
270750,Oils And Products N.E.S. Of The Distillation Of High Temperature Coal Tar; Similar Products In Which Aromatic Constituents Predominate By Weight,p24.d,Chemicals nec,1.0
270760,Oils And Products N.E.S. Of The Distillation Of High Temperature Coal Tar; Similar Products In Which Aromatic Constituents Predominate By Weight,p24.d,Chemicals nec,1.0
270791,Oils And Products N.E.S. Of The Distillation Of High Temperature Coal Tar; Similar Products In Which Aromatic Constituents Predominate By Weight,p24.d,Chemicals nec,1.0
270799,Oils And Products N.E.S. Of The Distillation Of High Temperature Coal Tar; Similar Products In Which Aromatic Constituents Predominate By Weight,p24.d,Chemicals nec,1.0
270810,Pitch From Coal Tar Or Other Mineral Tars,p24.d,Chemicals nec,1.0
270820,Pitch Coke,p24.d,Chemicals nec,1.0
270900,"Petroleum Oils And Oils From Bituminous Minerals, Crude",p11.a,"Crude petroleum and services related to crude oil extraction, excluding surveying",1.0
271000,line Including Aviation (Except Jet) Fuel,p23.20.a,Motor Gasoline,1.0
271000,line Including Aviation (Except Jet) Fuel,p23.20.b,Aviation Gasoline,1.0
271000,line Including Aviation (Except Jet) Fuel,p23.20.c,Gasoline Type Jet Fuel,1.0
271000,line Including Aviation (Except Jet) Fuel,p23.20.d,Kerosene Type Jet Fuel,1.0
271000,line Including Aviation (Except Jet) Fuel,p23.20.e,Kerosene,1.0
271000,line Including Aviation (Except Jet) Fuel,p23.20.f,Gas/Diesel Oil,1.0
271000,line Including Aviation (Except Jet) Fuel,p23.20.g,Heavy Fuel Oil,1.0
271000,line Including Aviation (Except Jet) Fuel,p23.20.l,Naphtha,1.0
271000,line Including Aviation (Except Jet) Fuel,p23.20.m,White Spirit & SBP,1.0
271111,"Natural Gas, Liquefied",p11.b.1,Natural Gas Liquids,1.0
271112,"Propane, Liquefied",p23.20.i,Liquefied Petroleum Gases (LPG),1.0
271113,"Butane, Liquefied",p23.20.i,Liquefied Petroleum Gases (LPG),1.0
271114,"Ethylene, Propylene, Butylene And Butadiene, Liquefied",p23.20.i,Liquefied Petroleum Gases (LPG),1.0
271119,"Gaseous Hydrocarbons, Liquefied, N.E.S.",p23.20.i,Liquefied Petroleum Gases (LPG),1.0
271121,"Natural Gas, In The Gaseous State",p11.b,"Natural gas and services related to natural gas extraction, excluding surveying",1.0
271129,"Gaseous Hydrocarbons In The Gaseous State, N.E.S.",p11.b,"Natural gas and services related to natural gas extraction, excluding surveying",1.0
271129,"Gaseous Hydrocarbons In The Gaseous State, N.E.S.",p11.c,Other Hydrocarbons,1.0
271129,"Gaseous Hydrocarbons In The Gaseous State, N.E.S.",p23.20.h,Refinery Gas,1.0
271210,Petroleum Jelly (Petrolatum),p23.20.n,Lubricants,1.0
271210,Petroleum Jelly (Petrolatum),p23.20.r,Non-specified Petroleum Products,1.0
271220,"Paraffin Wax, Microcrystalline Petroleum Wax, Slack Wax, Ozokerite, Lignite Wax, Peat Wax Etc., Whether Or Not Colored",p23.20.p,Paraffin Waxes,1.0
271290,"Paraffin Wax, Microcrystalline Petroleum Wax, Slack Wax, Ozokerite, Lignite Wax, Peat Wax Etc., Whether Or Not Colored",p23.20.r,Non-specified Petroleum Products,1.0
271311,Petroleum Coke,p23.20.q,Petroleum Coke,1.0
271312,Petroleum Coke,p23.20.q,Petroleum Coke,1.0
271320,Petroleum Bitumen And Other Residues Of Petroleum Or Bituminous Mineral Oils; Bituminous Mixtures,p23.20.j,Refinery Feedstocks,1.0
271320,Petroleum Bitumen And Other Residues Of Petroleum Or Bituminous Mineral Oils; Bituminous Mixtures,p23.20.o,Bitumen,1.0
271390,Petroleum Bitumen And Other Residues Of Petroleum Or Bituminous Mineral Oils; Bituminous Mixtures,p23.20.r,Non-specified Petroleum Products,1.0
271410,Bituminous Shale And Tar Sands,p11.c,Other Hydrocarbons,1.0
271490,"Bitumen And Asphalt, Natural; Asphaltites And Asphaltic Rocks",p23.20.o,Bitumen,1.0
271500,"Bituminous Mixtures Based On Natural Asphalt, Natural Bitumen, Petroleum Bitumen, Mineral Tar Or Mineral Tar Pitch",p26.e,Other non-metallic mineral products,1.0
271600,Electric Current,p40.11.a,Electricity by coal,1.0
271600,Electric Current,p40.11.b,Electricity by gas,1.0
271600,Electric Current,p40.11.c,Electricity by nuclear,1.0
271600,Electric Current,p40.11.d,Electricity by hydro,1.0
271600,Electric Current,p40.11.e,Electricity by wind,1.0
271600,Electric Current,p40.11.f,Electricity by petroleum and other oil derivatives,1.0
271600,Electric Current,p40.11.g,Electricity by biomass and waste,1.0
271600,Electric Current,p40.11.h,Electricity by solar photovoltaic,1.0
271600,Electric Current,p40.11.i,Electricity by solar thermal,1.0
271600,Electric Current,p40.11.j,"Electricity by tide, wave, ocean",1.0
271600,Electric Current,p40.11.k,Electricity by Geothermal,1.0
271600,Electric Current,p40.11.l,Electricity nec,1.0
280110,Chlorine,p24.d,Chemicals nec,1.0
280120,"Fluorine, Bromine And Iodine",p24.d,Chemicals nec,1.0
280130,"Fluorine, Bromine And Iodine",p24.d,Chemicals nec,1.0
280200,"Sulfur, Sublimed Or Precipitated; Collodoidal Sulfur",p24.d,Chemicals nec,1.0
280300,"Carbon (Including Carbon Black), N.E.S.",p24.d,Chemicals nec,1.0
280410,"Hydrogen, Rare Gases, Nitrogen And Oxygen",p24.d,Chemicals nec,1.0
280421,"Hydrogen, Rare Gases, Nitrogen And Oxygen",p24.d,Chemicals nec,1.0
280429,"Hydrogen, Rare Gases, Nitrogen And Oxygen",p24.d,Chemicals nec,1.0
280430,"Hydrogen, Rare Gases, Nitrogen And Oxygen",p24.d,Chemicals nec,1.0
280440,"Hydrogen, Rare Gases, Nitrogen And Oxygen",p24.d,Chemicals nec,1.0
280450,"Selenium, Tellurium, Phosphorus, Arsenic And Boron",p24.d,Chemicals nec,1.0
280461,Silicon,p24.d,Chemicals nec,1.0
280469,Silicon,p24.d,Chemicals nec,1.0
280470,"Selenium, Tellurium, Phosphorus, Arsenic And Boron",p24.d,Chemicals nec,1.0
280480,"Selenium, Tellurium, Phosphorus, Arsenic And Boron",p24.d,Chemicals nec,1.0
280490,"Selenium, Tellurium, Phosphorus, Arsenic And Boron",p24.d,Chemicals nec,1.0
280511,Sodium And Other Alkali Metals,p24.d,Chemicals nec,1.0
280519,Sodium And Other Alkali Metals,p24.d,Chemicals nec,1.0
280521,"Calcium, Strontium And Barium; Rare Earth Metals, Scandium And Yttrium, Whether Not Intermixed Or Interalloyed",p24.d,Chemicals nec,1.0
280522,"Calcium, Strontium And Barium; Rare Earth Metals, Scandium And Yttrium, Whether Not Intermixed Or Interalloyed",p24.d,Chemicals nec,1.0
280530,"Calcium, Strontium And Barium; Rare Earth Metals, Scandium And Yttrium, Whether Not Intermixed Or Interalloyed",p24.d,Chemicals nec,1.0
280540,Mercury,p24.d,Chemicals nec,1.0
280610,"Hydrogen Chloride, (Hydrochloric Acid); Chlorosulfuric Acid",p24.d,Chemicals nec,1.0
280620,"Hydrogen Chloride, (Hydrochloric Acid); Chlorosulfuric Acid",p24.d,Chemicals nec,1.0
280700,Sulfuric Acid; Oleum,p24.d,Chemicals nec,1.0
280800,Nitric Acid; Sulfonitric Acids,p24.c,P- and other fertiliser,1.0
280910,Diphosphorus Pentoxide; Phosphoric Acid And Polyphosphoric Acids,p24.d,Chemicals nec,1.0
280920,Diphosphorus Pentoxide; Phosphoric Acid And Polyphosphoric Acids,p24.d,Chemicals nec,1.0
281000,Boron Oxides; Boric Acids,p24.d,Chemicals nec,1.0
281111,"Inorganic Acids, N.E.S.",p24.d,Chemicals nec,1.0
281119,"Inorganic Acids, N.E.S.",p24.d,Chemicals nec,1.0
281121,"Inorganic Oxygen Compounds Of Nonmetals, N.E.S.",p24.d,Chemicals nec,1.0
281122,Silicon Dioxide,p24.d,Chemicals nec,1.0
281123,Sulfur Dioxide,p24.d,Chemicals nec,1.0
281129,"Inorganic Oxygen Compounds Of Nonmetals, N.E.S.",p24.d,Chemicals nec,1.0
281210,Halides And Halide Oxides Of Nonmetals,p24.d,Chemicals nec,1.0
281290,Halides And Halide Oxides Of Nonmetals,p24.d,Chemicals nec,1.0
281310,Sulfides Of Nonmetals; Commercial Phosphorus Trisulfide,p24.d,Chemicals nec,1.0
281390,Sulfides Of Nonmetals; Commercial Phosphorus Trisulfide,p24.d,Chemicals nec,1.0
281410,"Ammonia, Anhydrous, Or In Aqueous Solution",p24.c,P- and other fertiliser,1.0
281420,"Ammonia, Anhydrous, Or In Aqueous Solution",p24.c,P- and other fertiliser,1.0
281511,"Sodium Hydroxide (Caustic Soda), Solid",p24.d,Chemicals nec,1.0
281512,Sodium Hydroxide In Aqueous Solution (Soda Lye Or Liquid Soda),p24.d,Chemicals nec,1.0
281520,Potassium Hydroxide (Caustic Potash); Peroxides Of Sodium Or Potassium,p24.d,Chemicals nec,1.0
281530,Potassium Hydroxide (Caustic Potash); Peroxides Of Sodium Or Potassium,p24.d,Chemicals nec,1.0
281610,"Magnesium Hydroxide And Peroxide; Stronium Or Barium Oxides, Hydroxides And Peroxides",p24.d,Chemicals nec,1.0
281620,"Magnesium Hydroxide And Peroxide; Stronium Or Barium Oxides, Hydroxides And Peroxides",p24.d,Chemicals nec,1.0
281630,"Magnesium Hydroxide And Peroxide; Stronium Or Barium Oxides, Hydroxides And Peroxides",p24.d,Chemicals nec,1.0
281700,Zinc Oxide; Zinc Peroxide,p24.d,Chemicals nec,1.0
281810,"Artificial Corundum, Whether Or Not Chemically Defined",p26.e,Other non-metallic mineral products,1.0
281820,"Alumina (Aluminum Oxide), Other Than Artificial Corundum",p27.42,Aluminium and aluminium products,1.0
281830,Aluminum Hydroxide,p24.d,Chemicals nec,1.0
281910,Chromium Oxides And Hydroxides,p24.d,Chemicals nec,1.0
281990,Chromium Oxides And Hydroxides,p24.d,Chemicals nec,1.0
282010,Manganese Oxides,p24.d,Chemicals nec,1.0
282090,Manganese Oxides,p24.d,Chemicals nec,1.0
282110,Iron Oxides And Hydroxides; Earth Colors 70% Or More By Weight Of Combined Iron Evaluated As Fe203,p24.d,Chemicals nec,1.0
282120,Iron Oxides And Hydroxides; Earth Colors 70% Or More By Weight Of Combined Iron Evaluated As Fe203,p24.d,Chemicals nec,1.0
282200,Cobalt Oxides And Hydroxides; Commercial Cobalt Oxides,p24.d,Chemicals nec,1.0
282300,Titanium Oxides,p24.d,Chemicals nec,1.0
282410,Lead Oxides; Red Lead And Orange Lead,p24.d,Chemicals nec,1.0
282420,Lead Oxides; Red Lead And Orange Lead,p24.d,Chemicals nec,1.0
282490,Lead Oxides; Red Lead And Orange Lead,p24.d,Chemicals nec,1.0
282510,Hydrazine And Hydroxylamine And Their Inorganic Salts,p24.d,Chemicals nec,1.0
282520,"Inorganic Bases N.E.S.; Metal Oxides, Hydroxides And Peroxides, N.E.S.",p24.d,Chemicals nec,1.0
282530,"Inorganic Bases N.E.S.; Metal Oxides, Hydroxides And Peroxides, N.E.S.",p24.d,Chemicals nec,1.0
282540,"Inorganic Bases N.E.S.; Metal Oxides, Hydroxides And Peroxides, N.E.S.",p24.d,Chemicals nec,1.0
282550,"Inorganic Bases N.E.S.; Metal Oxides, Hydroxides And Peroxides, N.E.S.",p24.d,Chemicals nec,1.0
282560,"Inorganic Bases N.E.S.; Metal Oxides, Hydroxides And Peroxides, N.E.S.",p24.d,Chemicals nec,1.0
282570,"Inorganic Bases N.E.S.; Metal Oxides, Hydroxides And Peroxides, N.E.S.",p24.d,Chemicals nec,1.0
282580,"Inorganic Bases N.E.S.; Metal Oxides, Hydroxides And Peroxides, N.E.S.",p24.d,Chemicals nec,1.0
282590,"Inorganic Bases N.E.S.; Metal Oxides, Hydroxides And Peroxides, N.E.S.",p24.d,Chemicals nec,1.0
282611,"Fluorides; Fluorosilicates, Fluoroaluminates And Other Complex Fluorine Salts",p24.d,Chemicals nec,1.0
282612,"Fluorides; Fluorosilicates, Fluoroaluminates And Other Complex Fluorine Salts",p24.d,Chemicals nec,1.0
282619,"Fluorides; Fluorosilicates, Fluoroaluminates And Other Complex Fluorine Salts",p24.d,Chemicals nec,1.0
282620,"Fluorides; Fluorosilicates, Fluoroaluminates And Other Complex Fluorine Salts",p24.d,Chemicals nec,1.0
282630,"Fluorides; Fluorosilicates, Fluoroaluminates And Other Complex Fluorine Salts",p24.d,Chemicals nec,1.0
282690,"Fluorides; Fluorosilicates, Fluoroaluminates And Other Complex Fluorine Salts",p24.d,Chemicals nec,1.0
282710,Ammonium Chloride,p24.c,P- and other fertiliser,1.0
282720,Calcium Chloride,p24.d,Chemicals nec,1.0
282731,"Chlorides, Chloride Oxides And Hydroxides, N.E.S.; Bromides And Bromide Oxides; Iodides And Iodide Oxides",p24.d,Chemicals nec,1.0
282732,"Chlorides, Chloride Oxides And Hydroxides, N.E.S.; Bromides And Bromide Oxides; Iodides And Iodide Oxides",p24.d,Chemicals nec,1.0
282733,"Chlorides, Chloride Oxides And Hydroxides, N.E.S.; Bromides And Bromide Oxides; Iodides And Iodide Oxides",p24.d,Chemicals nec,1.0
282734,"Chlorides, Chloride Oxides And Hydroxides, N.E.S.; Bromides And Bromide Oxides; Iodides And Iodide Oxides",p24.d,Chemicals nec,1.0
282735,"Chlorides, Chloride Oxides And Hydroxides, N.E.S.; Bromides And Bromide Oxides; Iodides And Iodide Oxides",p24.d,Chemicals nec,1.0
282736,"Chlorides, Chloride Oxides And Hydroxides, N.E.S.; Bromides And Bromide Oxides; Iodides And Iodide Oxides",p24.d,Chemicals nec,1.0
282738,"Chlorides, Chloride Oxides And Hydroxides, N.E.S.; Bromides And Bromide Oxides; Iodides And Iodide Oxides",p24.d,Chemicals nec,1.0
282739,"Chlorides, Chloride Oxides And Hydroxides, N.E.S.; Bromides And Bromide Oxides; Iodides And Iodide Oxides",p24.d,Chemicals nec,1.0
282741,"Chlorides, Chloride Oxides And Hydroxides, N.E.S.; Bromides And Bromide Oxides; Iodides And Iodide Oxides",p24.d,Chemicals nec,1.0
282749,"Chlorides, Chloride Oxides And Hydroxides, N.E.S.; Bromides And Bromide Oxides; Iodides And Iodide Oxides",p24.d,Chemicals nec,1.0
282751,"Chlorides, Chloride Oxides And Hydroxides, N.E.S.; Bromides And Bromide Oxides; Iodides And Iodide Oxides",p24.d,Chemicals nec,1.0
282759,"Chlorides, Chloride Oxides And Hydroxides, N.E.S.; Bromides And Bromide Oxides; Iodides And Iodide Oxides",p24.d,Chemicals nec,1.0
282760,"Chlorides, Chloride Oxides And Hydroxides, N.E.S.; Bromides And Bromide Oxides; Iodides And Iodide Oxides",p24.d,Chemicals nec,1.0
282810,Hypochlorites; Commercial Calcium Hypochlorite; Chlorites; Hypobromites,p24.d,Chemicals nec,1.0
282890,Hypochlorites; Commercial Calcium Hypochlorite; Chlorites; Hypobromites,p24.d,Chemicals nec,1.0
282911,Sodium Chlorate,p24.d,Chemicals nec,1.0
282919,"Chlorates And Perchlorates, N.E.S.; Bromates And Perbromates; Iodates And Periodates",p24.d,Chemicals nec,1.0
282990,"Chlorates And Perchlorates, N.E.S.; Bromates And Perbromates; Iodates And Periodates",p24.d,Chemicals nec,1.0
283010,Sodium Sulfide,p24.d,Chemicals nec,1.0
283020,"Sulfides, N.E.S.; Polysulfides",p24.d,Chemicals nec,1.0
283030,"Sulfides, N.E.S.; Polysulfides",p24.d,Chemicals nec,1.0
283090,"Sulfides, N.E.S.; Polysulfides",p24.d,Chemicals nec,1.0
283110,Dithionites And Sulfoxylates,p24.d,Chemicals nec,1.0
283190,Dithionites And Sulfoxylates,p24.d,Chemicals nec,1.0
283210,Sulfites; Thiosulfates,p24.d,Chemicals nec,1.0
283220,Sulfites; Thiosulfates,p24.d,Chemicals nec,1.0
283230,Sulfites; Thiosulfates,p24.d,Chemicals nec,1.0
283311,Sodium Sulfates,p24.d,Chemicals nec,1.0
283319,Sodium Sulfates,p24.d,Chemicals nec,1.0
283321,Sulfates N.E.S.; Alums,p24.d,Chemicals nec,1.0
283322,Sulfates N.E.S.; Alums,p24.d,Chemicals nec,1.0
283323,Sulfates N.E.S.; Alums,p24.d,Chemicals nec,1.0
283324,Sulfates N.E.S.; Alums,p24.d,Chemicals nec,1.0
283325,Sulfates N.E.S.; Alums,p24.d,Chemicals nec,1.0
283326,Sulfates N.E.S.; Alums,p24.d,Chemicals nec,1.0
283327,Sulfates N.E.S.; Alums,p24.d,Chemicals nec,1.0
283329,Sulfates N.E.S.; Alums,p24.d,Chemicals nec,1.0
283330,Sulfates N.E.S.; Alums,p24.d,Chemicals nec,1.0
283340,Sulfates N.E.S.; Alums,p24.d,Chemicals nec,1.0
283410,Nitrites,p24.c,P- and other fertiliser,1.0
283421,Potassium Nitrate,p24.c,P- and other fertiliser,1.0
283422,"Nitrates, N.E.S.",p24.d,Chemicals nec,1.0
283429,"Nitrates, N.E.S.",p24.d,Chemicals nec,1.0
283510,Phosphinates (Hypophosphites) And Phosphonates (Phosphites),p24.d,Chemicals nec,1.0
283522,"Phosphates, N.E.S.",p24.d,Chemicals nec,1.0
283523,"Phosphates, N.E.S.",p24.d,Chemicals nec,1.0
283524,"Phosphates, N.E.S.",p24.d,Chemicals nec,1.0
283525,"Phosphates, N.E.S.",p24.d,Chemicals nec,1.0
283526,"Phosphates, N.E.S.",p24.d,Chemicals nec,1.0
283529,"Phosphates, N.E.S.",p24.d,Chemicals nec,1.0
283531,Sodium Triphosphate (Sodium Tripolyphosphate),p24.d,Chemicals nec,1.0
283539,"Polyphosphates, N.E.S.",p24.d,Chemicals nec,1.0
283610,Commercial Ammonium Carbonate And Other Ammonium Carbonates,p24.c,P- and other fertiliser,1.0
283620,Neutral Sodium Carbonate (Disodium Carbonate),p24.d,Chemicals nec,1.0
283630,Sodium Hydrogencarbonate (Sodium Bicarbonate),p24.d,Chemicals nec,1.0
283640,Potassium Carbonates,p24.d,Chemicals nec,1.0
283650,"Carbonates, N.E.S.",p24.d,Chemicals nec,1.0
283660,"Carbonates, N.E.S.",p24.d,Chemicals nec,1.0
283670,Lead Carbonate,p24.d,Chemicals nec,1.0
283691,"Carbonates, N.E.S.",p24.d,Chemicals nec,1.0
283692,"Carbonates, N.E.S.",p24.d,Chemicals nec,1.0
283699,"Carbonates, N.E.S.",p24.d,Chemicals nec,1.0
283711,"Cyanides, Cyanide Oxides And Complex Cyanides",p24.d,Chemicals nec,1.0
283719,"Cyanides, Cyanide Oxides And Complex Cyanides",p24.d,Chemicals nec,1.0
283720,"Cyanides, Cyanide Oxides And Complex Cyanides",p24.d,Chemicals nec,1.0
283800,"Fulminates, Cyanates And Thiocyanates",p24.d,Chemicals nec,1.0
283911,Silicates; Commercial Alkali Metal Silicates,p24.d,Chemicals nec,1.0
283919,Silicates; Commercial Alkali Metal Silicates,p24.d,Chemicals nec,1.0
283920,Silicates; Commercial Alkali Metal Silicates,p24.d,Chemicals nec,1.0
283990,Silicates; Commercial Alkali Metal Silicates,p24.d,Chemicals nec,1.0
284011,Borates; Peroxoborates (Perborates),p24.d,Chemicals nec,1.0
284019,Borates; Peroxoborates (Perborates),p24.d,Chemicals nec,1.0
284020,Borates; Peroxoborates (Perborates),p24.d,Chemicals nec,1.0
284030,Borates; Peroxoborates (Perborates),p24.d,Chemicals nec,1.0
284110,Salts Of Oxometallic Or Peroxometallic Acids,p24.d,Chemicals nec,1.0
284120,Salts Of Oxometallic Or Peroxometallic Acids,p24.d,Chemicals nec,1.0
284130,Salts Of Oxometallic Or Peroxometallic Acids,p24.d,Chemicals nec,1.0
284140,Salts Of Oxometallic Or Peroxometallic Acids,p24.d,Chemicals nec,1.0
284150,Salts Of Oxometallic Or Peroxometallic Acids,p24.d,Chemicals nec,1.0
284161,Salts Of Oxometallic Or Peroxometallic Acids,p24.d,Chemicals nec,1.0
284169,Salts Of Oxometallic Or Peroxometallic Acids,p24.d,Chemicals nec,1.0
284170,Salts Of Oxometallic Or Peroxometallic Acids,p24.d,Chemicals nec,1.0
284180,Salts Of Oxometallic Or Peroxometallic Acids,p24.d,Chemicals nec,1.0
284190,Salts Of Oxometallic Or Peroxometallic Acids,p24.d,Chemicals nec,1.0
284210,"Salts Of Inorganic Acids Or Peroxoacids, N.E.S.",p24.d,Chemicals nec,1.0
284290,"Salts Of Inorganic Acids Or Peroxoacids, N.E.S.",p24.d,Chemicals nec,1.0
284310,"Colloidal Precious Metals; Organic Or Inorganic Precious Metal Compounds, Chemically Defined Or Not; Amalgams Of Precious Metals",p24.d,Chemicals nec,1.0
284321,"Colloidal Precious Metals; Organic Or Inorganic Precious Metal Compounds, Chemically Defined Or Not; Amalgams Of Precious Metals",p24.d,Chemicals nec,1.0
284329,"Colloidal Precious Metals; Organic Or Inorganic Precious Metal Compounds, Chemically Defined Or Not; Amalgams Of Precious Metals",p24.d,Chemicals nec,1.0
284330,"Colloidal Precious Metals; Organic Or Inorganic Precious Metal Compounds, Chemically Defined Or Not; Amalgams Of Precious Metals",p24.d,Chemicals nec,1.0
284390,"Colloidal Precious Metals; Organic Or Inorganic Precious Metal Compounds, Chemically Defined Or Not; Amalgams Of Precious Metals",p24.d,Chemicals nec,1.0
284410,"Natural Uranium And Its Compounds; Uranium Alloys, Dispersions, Ceramic Products And Mixtures Containing Natural Uranium Or Natural Uranium Compound",p23.3,Nuclear fuel,1.0
284420,"Uranium And Its Compounds Enriched In U235; Plutonium And Its Compounds; Alloys, And Other Products Containing Enriched Uranium Or Plutonium",p23.3,Nuclear fuel,1.0
284430,"Uranium And Its Compounds Depleted In U235; Thorium And Its Compounds; Alloys, And Other Products Containing Uranium Depleted In U235 Or Thorium",p23.3,Nuclear fuel,1.0
284440,"Radioactive Elements, Isotopes And Compounds, N.E.S.; Alloys, Other Products And Mixtures Having These Elements, Isotopes Or Compounds; Residues",p23.3,Nuclear fuel,1.0
284510,"Stable Isotopes And Their Compounds, Inorganic Or Organic, Chemically Defined Or Not",p24.d,Chemicals nec,1.0
284590,"Stable Isotopes And Their Compounds, Inorganic Or Organic, Chemically Defined Or Not",p24.d,Chemicals nec,1.0
284610,"Compounds, inorganic or organic of rare-earth metals",p24.d,Chemicals nec,1.0
284690,"Compounds, inorganic or organic of rare-earth metals",p24.d,Chemicals nec,1.0
284700,"Hydrogen Peroxide, Solidified Or Not With Urea",p24.d,Chemicals nec,1.0
284800,"Phosphides, Chemically Defined Or Not (Excluding Ferrophosphorus)",p24.d,Chemicals nec,1.0
284910,"Calcium Carbide, Chemically Defined Or Not",p24.d,Chemicals nec,1.0
284920,"Carbides (Other Than Calcium Carbide), Chemically Defined Or Not",p24.d,Chemicals nec,1.0
284990,"Carbides (Other Than Calcium Carbide), Chemically Defined Or Not",p24.d,Chemicals nec,1.0
285000,"Hydrides, Nitrides, Azides, Silicides And Borides, Whet Or Nt Chemically Defined, Oth Th Compounds Which Are Also Carbides Of Headng 524.93 Or 524.9",p24.d,Chemicals nec,1.0
285100,"Inorganic Compounds N.E.S. (Including Distilled Or Conductivity Water); Liquid Air (With Rare Gases Or Not); Compressed Air; Amalgams, N.E.S.",p24.d,Chemicals nec,1.0
290110,Saturated Acyclic Hydrocarbons,p24.d,Chemicals nec,1.0
290121,Ethylene,p24.d,Chemicals nec,1.0
290122,Propene (Propylene),p24.d,Chemicals nec,1.0
290123,"Butylenes, Butadienes And Methylbutadienes",p24.d,Chemicals nec,1.0
290124,"Butylenes, Butadienes And Methylbutadienes",p24.d,Chemicals nec,1.0
290129,"Acyclic Hydrocarbons, N.E.S.",p24.d,Chemicals nec,1.0
290211,Cyclohexane,p24.d,Chemicals nec,1.0
290219,"Cyclic Hydrocarbons, N.E.S.",p24.d,Chemicals nec,1.0
290220,"Benzene, Pure",p24.d,Chemicals nec,1.0
290230,"Toluene, Pure",p24.d,Chemicals nec,1.0
290241,"Xylenes, Pure",p24.d,Chemicals nec,1.0
290242,"Xylenes, Pure",p24.d,Chemicals nec,1.0
290243,"Xylenes, Pure",p24.d,Chemicals nec,1.0
290244,"Xylenes, Pure",p24.d,Chemicals nec,1.0
290250,Styrene,p24.d,Chemicals nec,1.0
290260,Ethylbenzene,p24.d,Chemicals nec,1.0
290270,Cumene,p24.d,Chemicals nec,1.0
290290,"Cyclic Hydrocarbons, N.E.S.",p24.d,Chemicals nec,1.0
290311,"Saturated Chlorinated Derivatives Of Acyclic Hydrocarbons, N.E.S.",p23.20.r,Non-specified Petroleum Products,1.0
290311,"Saturated Chlorinated Derivatives Of Acyclic Hydrocarbons, N.E.S.",p23.20.m,White Spirit & SBP,1.0
290312,"Saturated Chlorinated Derivatives Of Acyclic Hydrocarbons, N.E.S.",p23.20.k,Ethane,1.0
290312,"Saturated Chlorinated Derivatives Of Acyclic Hydrocarbons, N.E.S.",p23.20.r,Non-specified Petroleum Products,1.0
290312,"Saturated Chlorinated Derivatives Of Acyclic Hydrocarbons, N.E.S.",p23.20.m,White Spirit & SBP,1.0
290313,"Saturated Chlorinated Derivatives Of Acyclic Hydrocarbons, N.E.S.",p23.20.r,Non-specified Petroleum Products,1.0
290313,"Saturated Chlorinated Derivatives Of Acyclic Hydrocarbons, N.E.S.",p23.20.m,White Spirit & SBP,1.0
290314,"Saturated Chlorinated Derivatives Of Acyclic Hydrocarbons, N.E.S.",p24.d,Chemicals nec,1.0
290315,"1,2-Dichloroethane (Ethylene Dichloride)",p23.20.r,Non-specified Petroleum Products,1.0
290315,"1,2-Dichloroethane (Ethylene Dichloride)",p23.20.m,White Spirit & SBP,1.0
290316,"Saturated Chlorinated Derivatives Of Acyclic Hydrocarbons, N.E.S.",p24.d,Chemicals nec,1.0
290319,"Saturated Chlorinated Derivatives Of Acyclic Hydrocarbons, N.E.S.",p24.d,Chemicals nec,1.0
290321,Vinyl Chloride (Chloroethylene),p24.d,Chemicals nec,1.0
290322,Trichloroethylene,p24.d,Chemicals nec,1.0
290323,Tetrachloroethylene (Perchloroethylene),p24.d,Chemicals nec,1.0
290329,"Unsaturated Chlorinated Derivatives Of Acyclic Hydrocarbons, N.E.S.",p24.d,Chemicals nec,1.0
290330,"Fluorinated, Brominated Or Iodinated Derivatives Of Acyclic Hydrocarbons",p24.d,Chemicals nec,1.0
290341,Halogenated Derivatives Of Acyclic Hydrocarbons Containing Two Or More Different Halogens,p24.d,Chemicals nec,1.0
290342,Halogenated Derivatives Of Acyclic Hydrocarbons Containing Two Or More Different Halogens,p24.d,Chemicals nec,1.0
290343,Halogenated Derivatives Of Acyclic Hydrocarbons Containing Two Or More Different Halogens,p24.d,Chemicals nec,1.0
290344,Halogenated Derivatives Of Acyclic Hydrocarbons Containing Two Or More Different Halogens,p24.d,Chemicals nec,1.0
290345,Halogenated Derivatives Of Acyclic Hydrocarbons Containing Two Or More Different Halogens,p24.d,Chemicals nec,1.0
290346,Halogenated Derivatives Of Acyclic Hydrocarbons Containing Two Or More Different Halogens,p24.d,Chemicals nec,1.0
290347,Halogenated Derivatives Of Acyclic Hydrocarbons Containing Two Or More Different Halogens,p24.d,Chemicals nec,1.0
290349,Halogenated Derivatives Of Acyclic Hydrocarbons Containing Two Or More Different Halogens,p24.d,Chemicals nec,1.0
290351,"Halogenated Derivatives Of Hydrocarbons, N.E.S.",p24.d,Chemicals nec,1.0
290359,"Halogenated Derivatives Of Hydrocarbons, N.E.S.",p24.d,Chemicals nec,1.0
290361,"Halogenated Derivatives Of Hydrocarbons, N.E.S.",p24.d,Chemicals nec,1.0
290362,"Halogenated Derivatives Of Hydrocarbons, N.E.S.",p24.d,Chemicals nec,1.0
290369,"Halogenated Derivatives Of Hydrocarbons, N.E.S.",p24.d,Chemicals nec,1.0
290410,"Sulfonated, Nitrated Or Nitrosated Derivatives Of Hydrocarbons, Halogenated Or Not",p24.d,Chemicals nec,1.0
290420,"Sulfonated, Nitrated Or Nitrosated Derivatives Of Hydrocarbons, Halogenated Or Not",p24.d,Chemicals nec,1.0
290490,"Sulfonated, Nitrated Or Nitrosated Derivatives Of Hydrocarbons, Halogenated Or Not",p24.d,Chemicals nec,1.0
290511,Methanol (Methyl Alcohol),p24.d,Chemicals nec,1.0
290512,Propan,p24.d,Chemicals nec,1.0
290513,Butanols,p24.d,Chemicals nec,1.0
290514,Butanols,p24.d,Chemicals nec,1.0
290515,"Monohydric Alcohols, N.E.S.",p24.d,Chemicals nec,1.0
290516,Octanol (Octyl Alcohol) And Isomers Thereof,p24.d,Chemicals nec,1.0
290517,"Monohydric Alcohols, N.E.S.",p24.d,Chemicals nec,1.0
290519,"Monohydric Alcohols, N.E.S.",p24.d,Chemicals nec,1.0
290522,"Monohydric Alcohols, N.E.S.",p24.d,Chemicals nec,1.0
290529,"Monohydric Alcohols, N.E.S.",p24.d,Chemicals nec,1.0
290531,Ethylene Glycol (Ethanediol),p23.20.k,Ethane,1.0
290532,"Acyclic Alcohols, N.E.S.",p24.d,Chemicals nec,1.0
290539,"Acyclic Alcohols, N.E.S.",p24.d,Chemicals nec,1.0
290541,"Acyclic Alcohols, N.E.S.",p24.d,Chemicals nec,1.0
290542,Pentaerythritol,p24.d,Chemicals nec,1.0
290543,Mannitol,p24.d,Chemicals nec,1.0
290544,D,p24.d,Chemicals nec,1.0
290545,"Glycerol (Glycerine), Glycerol Waters And Glycerol Lyes",p24.d,Chemicals nec,1.0
290549,"Acyclic Alcohols, N.E.S.",p24.d,Chemicals nec,1.0
290550,"Acyclic Alcohols, N.E.S.",p24.d,Chemicals nec,1.0
290611,"Cyclanic, Cyclenic, Or Cycloterpenic Alcohols And Their Halogenated, Sulfonated, Nitrated Or Nitrosated Derivatives",p24.d,Chemicals nec,1.0
290612,"Cyclanic, Cyclenic, Or Cycloterpenic Alcohols And Their Halogenated, Sulfonated, Nitrated Or Nitrosated Derivatives",p24.d,Chemicals nec,1.0
290613,"Cyclanic, Cyclenic, Or Cycloterpenic Alcohols And Their Halogenated, Sulfonated, Nitrated Or Nitrosated Derivatives",p24.d,Chemicals nec,1.0
290614,"Cyclanic, Cyclenic, Or Cycloterpenic Alcohols And Their Halogenated, Sulfonated, Nitrated Or Nitrosated Derivatives",p24.d,Chemicals nec,1.0
290619,"Cyclanic, Cyclenic, Or Cycloterpenic Alcohols And Their Halogenated, Sulfonated, Nitrated Or Nitrosated Derivatives",p24.d,Chemicals nec,1.0
290621,"Aromatic Cyclic Alcohols And Their Halogenated, Sulfonated, Nitrated Or Nitrosated Derivatives",p24.d,Chemicals nec,1.0
290629,"Aromatic Cyclic Alcohols And Their Halogenated, Sulfonated, Nitrated Or Nitrosated Derivatives",p24.d,Chemicals nec,1.0
290711,"Phenol (Hydroxybenzene), Pure, And Its Salts",p24.d,Chemicals nec,1.0
290712,"Cresols, N.E.S., And Their Salts",p24.d,Chemicals nec,1.0
290713,Phenols And Phenol,p24.d,Chemicals nec,1.0
290714,Phenols And Phenol,p24.d,Chemicals nec,1.0
290715,Phenols And Phenol,p24.d,Chemicals nec,1.0
290719,Phenols And Phenol,p24.d,Chemicals nec,1.0
290721,Phenols And Phenol,p24.d,Chemicals nec,1.0
290722,Phenols And Phenol,p24.d,Chemicals nec,1.0
290723,Phenols And Phenol,p24.d,Chemicals nec,1.0
290729,Phenols And Phenol,p24.d,Chemicals nec,1.0
290730,Phenols And Phenol,p24.d,Chemicals nec,1.0
290810,Phenol Or Phenol,p24.d,Chemicals nec,1.0
290820,Phenol Or Phenol,p24.d,Chemicals nec,1.0
290890,Phenol Or Phenol,p24.d,Chemicals nec,1.0
290911,"Acyclic, Cyclanic, Cyclenic, Cycloterpenic And Aromatic Ethers And Their Halogenated, Sulfonated, Nitrated Or Nitrosated Derivatives",p24.d,Chemicals nec,1.0
290919,"Acyclic, Cyclanic, Cyclenic, Cycloterpenic And Aromatic Ethers And Their Halogenated, Sulfonated, Nitrated Or Nitrosated Derivatives",p24.d,Chemicals nec,1.0
290920,"Acyclic, Cyclanic, Cyclenic, Cycloterpenic And Aromatic Ethers And Their Halogenated, Sulfonated, Nitrated Or Nitrosated Derivatives",p24.d,Chemicals nec,1.0
290930,"Acyclic, Cyclanic, Cyclenic, Cycloterpenic And Aromatic Ethers And Their Halogenated, Sulfonated, Nitrated Or Nitrosated Derivatives",p24.d,Chemicals nec,1.0
290941,Ether,p24.d,Chemicals nec,1.0
290942,Ether,p24.d,Chemicals nec,1.0
290943,Ether,p24.d,Chemicals nec,1.0
290944,Ether,p24.d,Chemicals nec,1.0
290949,Ether,p24.d,Chemicals nec,1.0
290950,Ether,p24.d,Chemicals nec,1.0
290960,Ether,p24.d,Chemicals nec,1.0
291010,Oxirane (Ethylene Oxide),p24.d,Chemicals nec,1.0
291020,Methyloxirane (Propylene Oxide),p24.d,Chemicals nec,1.0
291030,"Epoxides, Epoxyalcohols, Epoxyphenols And Epoxyethers With A Three",p24.d,Chemicals nec,1.0
291090,"Epoxides, Epoxyalcohols, Epoxyphenols And Epoxyethers With A Three",p24.d,Chemicals nec,1.0
291100,"Acetals And Hemiacetals, Whether Or Not With Other Oxygen",p24.d,Chemicals nec,1.0
291211,Acyclic Aldehydes Without Other Oxygen Function,p24.d,Chemicals nec,1.0
291212,Acyclic Aldehydes Without Other Oxygen Function,p24.d,Chemicals nec,1.0
291213,Acyclic Aldehydes Without Other Oxygen Function,p24.d,Chemicals nec,1.0
291219,Acyclic Aldehydes Without Other Oxygen Function,p24.d,Chemicals nec,1.0
291221,"Aldehydes, Whether Or Not With Other Oxygen Function N.E.S.; Cyclic Polymers Of Aldehydes; Paraformaldehyde",p24.d,Chemicals nec,1.0
291229,"Aldehydes, Whether Or Not With Other Oxygen Function N.E.S.; Cyclic Polymers Of Aldehydes; Paraformaldehyde",p24.d,Chemicals nec,1.0
291230,"Aldehydes, Whether Or Not With Other Oxygen Function N.E.S.; Cyclic Polymers Of Aldehydes; Paraformaldehyde",p24.d,Chemicals nec,1.0
291241,"Aldehydes, Whether Or Not With Other Oxygen Function N.E.S.; Cyclic Polymers Of Aldehydes; Paraformaldehyde",p24.d,Chemicals nec,1.0
291242,"Aldehydes, Whether Or Not With Other Oxygen Function N.E.S.; Cyclic Polymers Of Aldehydes; Paraformaldehyde",p24.d,Chemicals nec,1.0
291249,"Aldehydes, Whether Or Not With Other Oxygen Function N.E.S.; Cyclic Polymers Of Aldehydes; Paraformaldehyde",p24.d,Chemicals nec,1.0
291250,"Aldehydes, Whether Or Not With Other Oxygen Function N.E.S.; Cyclic Polymers Of Aldehydes; Paraformaldehyde",p24.d,Chemicals nec,1.0
291260,"Aldehydes, Whether Or Not With Other Oxygen Function N.E.S.; Cyclic Polymers Of Aldehydes; Paraformaldehyde",p24.d,Chemicals nec,1.0
291300,Derivatives Of Aldehyde,p24.d,Chemicals nec,1.0
291411,Acetone,p24.d,Chemicals nec,1.0
291412,Butanone (Ethyl Methyl Ketone),p24.d,Chemicals nec,1.0
291413,"Acyclic Ketones Without Other Oxygen Function, N.E.S.",p24.d,Chemicals nec,1.0
291419,"Acyclic Ketones Without Other Oxygen Function, N.E.S.",p24.d,Chemicals nec,1.0
291421,Camphor,p24.d,Chemicals nec,1.0
291422,"Cyclanic, Cyclenic Or Cycloterpenic Ketones Without Other Oxygen Function, N.E.S.",p24.d,Chemicals nec,1.0
291423,"Cyclanic, Cyclenic Or Cycloterpenic Ketones Without Other Oxygen Function, N.E.S.",p24.d,Chemicals nec,1.0
291429,"Cyclanic, Cyclenic Or Cycloterpenic Ketones Without Other Oxygen Function, N.E.S.",p24.d,Chemicals nec,1.0
291431,"Aromatic Ketones, Ketone Alcohols, Aldehydes, Phenols And Other Etc; Quinones; Halogenated, Sulfonated, Nitrated Etc. Ketone And Quinone Derivatives",p24.d,Chemicals nec,1.0
291439,"Aromatic Ketones, Ketone Alcohols, Aldehydes, Phenols And Other Etc; Quinones; Halogenated, Sulfonated, Nitrated Etc. Ketone And Quinone Derivatives",p24.d,Chemicals nec,1.0
291440,"Aromatic Ketones, Ketone Alcohols, Aldehydes, Phenols And Other Etc; Quinones; Halogenated, Sulfonated, Nitrated Etc. Ketone And Quinone Derivatives",p24.d,Chemicals nec,1.0
291450,"Aromatic Ketones, Ketone Alcohols, Aldehydes, Phenols And Other Etc; Quinones; Halogenated, Sulfonated, Nitrated Etc. Ketone And Quinone Derivatives",p24.d,Chemicals nec,1.0
291461,"Aromatic Ketones, Ketone Alcohols, Aldehydes, Phenols And Other Etc; Quinones; Halogenated, Sulfonated, Nitrated Etc. Ketone And Quinone Derivatives",p24.d,Chemicals nec,1.0
291469,"Aromatic Ketones, Ketone Alcohols, Aldehydes, Phenols And Other Etc; Quinones; Halogenated, Sulfonated, Nitrated Etc. Ketone And Quinone Derivatives",p24.d,Chemicals nec,1.0
291470,"Aromatic Ketones, Ketone Alcohols, Aldehydes, Phenols And Other Etc; Quinones; Halogenated, Sulfonated, Nitrated Etc. Ketone And Quinone Derivatives",p24.d,Chemicals nec,1.0
291511,Formic Acid And Its Salts And Esters,p24.d,Chemicals nec,1.0
291512,Formic Acid And Its Salts And Esters,p24.d,Chemicals nec,1.0
291513,Formic Acid And Its Salts And Esters,p24.d,Chemicals nec,1.0
291521,Acetic Acid And Its Salts,p24.d,Chemicals nec,1.0
291522,Acetic Acid And Its Salts,p24.d,Chemicals nec,1.0
291523,Acetic Acid And Its Salts,p24.d,Chemicals nec,1.0
291524,"Saturated Acyclic Monocarboxylic Acids, Nes; Their Anhydrides, Halides, Peroxides, Peroxyacids And Halogenated, Sulfonated, Nitrated Etc.",p24.d,Chemicals nec,1.0
291529,Acetic Acid And Its Salts,p24.d,Chemicals nec,1.0
291531,Esters Of Acetic Acid,p24.d,Chemicals nec,1.0
291532,Esters Of Acetic Acid,p24.d,Chemicals nec,1.0
291533,Esters Of Acetic Acid,p24.d,Chemicals nec,1.0
291534,Esters Of Acetic Acid,p24.d,Chemicals nec,1.0
291535,Esters Of Acetic Acid,p24.d,Chemicals nec,1.0
291539,Esters Of Acetic Acid,p24.d,Chemicals nec,1.0
291540,"Saturated Acyclic Monocarboxylic Acids, Nes; Their Anhydrides, Halides, Peroxides, Peroxyacids And Halogenated, Sulfonated, Nitrated Etc.",p24.d,Chemicals nec,1.0
291550,"Saturated Acyclic Monocarboxylic Acids, Nes; Their Anhydrides, Halides, Peroxides, Peroxyacids And Halogenated, Sulfonated, Nitrated Etc.",p24.d,Chemicals nec,1.0
291560,"Butyric Acids, Valeric Acids, Their Salts And Esters",p24.d,Chemicals nec,1.0
291570,"Palmitic Acid, Stearic Acid, Their Salts And Esters",p24.d,Chemicals nec,1.0
291590,"Saturated Acyclic Monocarboxylic Acids, Nes; Their Anhydrides, Halides, Peroxides, Peroxyacids And Halogenated, Sulfonated, Nitrated Etc.",p24.d,Chemicals nec,1.0
291611,"Unsaturated Acyclic Monocarboxylic Acids N.E.S.; Cyclic Monocarboxylic Acids, Their Anhydrides, Halides, Peroxides, Peroxyacids And Their Derivative",p24.d,Chemicals nec,1.0
291612,"Unsaturated Acyclic Monocarboxylic Acids N.E.S.; Cyclic Monocarboxylic Acids, Their Anhydrides, Halides, Peroxides, Peroxyacids And Their Derivative",p24.d,Chemicals nec,1.0
291613,Methacrylic Acid And Its Salts And Esters,p24.d,Chemicals nec,1.0
291614,Methacrylic Acid And Its Salts And Esters,p24.d,Chemicals nec,1.0
291615,"Oleic, Linoleic Or Linolenic Acids, Their Salts And Esters",p24.d,Chemicals nec,1.0
291619,"Unsaturated Acyclic Monocarboxylic Acids N.E.S.; Cyclic Monocarboxylic Acids, Their Anhydrides, Halides, Peroxides, Peroxyacids And Their Derivative",p24.d,Chemicals nec,1.0
291620,"Unsaturated Acyclic Monocarboxylic Acids N.E.S.; Cyclic Monocarboxylic Acids, Their Anhydrides, Halides, Peroxides, Peroxyacids And Their Derivative",p24.d,Chemicals nec,1.0
291631,"Unsaturated Acyclic Monocarboxylic Acids N.E.S.; Cyclic Monocarboxylic Acids, Their Anhydrides, Halides, Peroxides, Peroxyacids And Their Derivative",p24.d,Chemicals nec,1.0
291632,"Unsaturated Acyclic Monocarboxylic Acids N.E.S.; Cyclic Monocarboxylic Acids, Their Anhydrides, Halides, Peroxides, Peroxyacids And Their Derivative",p24.d,Chemicals nec,1.0
291634,"Unsaturated Acyclic Monocarboxylic Acids N.E.S.; Cyclic Monocarboxylic Acids, Their Anhydrides, Halides, Peroxides, Peroxyacids And Their Derivative",p24.d,Chemicals nec,1.0
291635,"Unsaturated Acyclic Monocarboxylic Acids N.E.S.; Cyclic Monocarboxylic Acids, Their Anhydrides, Halides, Peroxides, Peroxyacids And Their Derivative",p24.d,Chemicals nec,1.0
291639,"Unsaturated Acyclic Monocarboxylic Acids N.E.S.; Cyclic Monocarboxylic Acids, Their Anhydrides, Halides, Peroxides, Peroxyacids And Their Derivative",p24.d,Chemicals nec,1.0
291711,"Polycarboxylic Acids, N.E.S. And Their Anhydrides, Halides, Peroxides And Peroxyacids; Their Halogenated, Sulfonated, Nitrated Etc. Derivatives",p24.d,Chemicals nec,1.0
291712,"Polycarboxylic Acids, N.E.S. And Their Anhydrides, Halides, Peroxides And Peroxyacids; Their Halogenated, Sulfonated, Nitrated Etc. Derivatives",p24.d,Chemicals nec,1.0
291713,"Polycarboxylic Acids, N.E.S. And Their Anhydrides, Halides, Peroxides And Peroxyacids; Their Halogenated, Sulfonated, Nitrated Etc. Derivatives",p24.d,Chemicals nec,1.0
291714,Maleic Anhydride,p24.d,Chemicals nec,1.0
291719,"Polycarboxylic Acids, N.E.S. And Their Anhydrides, Halides, Peroxides And Peroxyacids; Their Halogenated, Sulfonated, Nitrated Etc. Derivatives",p24.d,Chemicals nec,1.0
291720,"Cyclanic, Cyclenic Or Cycloterpenic Polycarboxylic Acids, Their Anhydrides, Halides, Peroxides, Peroxyacids And Their Derivatives",p24.d,Chemicals nec,1.0
291731,"Polycarboxylic Acids, N.E.S. And Their Anhydrides, Halides, Peroxides And Peroxyacids; Their Halogenated, Sulfonated, Nitrated Etc. Derivatives",p24.d,Chemicals nec,1.0
291732,Dioctyl Orthophthalates,p24.d,Chemicals nec,1.0
291733,"Polycarboxylic Acids, N.E.S. And Their Anhydrides, Halides, Peroxides And Peroxyacids; Their Halogenated, Sulfonated, Nitrated Etc. Derivatives",p24.d,Chemicals nec,1.0
291734,"Polycarboxylic Acids, N.E.S. And Their Anhydrides, Halides, Peroxides And Peroxyacids; Their Halogenated, Sulfonated, Nitrated Etc. Derivatives",p24.d,Chemicals nec,1.0
291735,Phthalic Anhydride,p24.d,Chemicals nec,1.0
291736,"Polycarboxylic Acids, N.E.S. And Their Anhydrides, Halides, Peroxides And Peroxyacids; Their Halogenated, Sulfonated, Nitrated Etc. Derivatives",p24.d,Chemicals nec,1.0
291737,Dimethyl Terephthalate,p24.d,Chemicals nec,1.0
291739,"Polycarboxylic Acids, N.E.S. And Their Anhydrides, Halides, Peroxides And Peroxyacids; Their Halogenated, Sulfonated, Nitrated Etc. Derivatives",p24.d,Chemicals nec,1.0
291811,"Lactic Acid, Tartaric Acid, Citric Acid And Their Salts And Esters",p24.d,Chemicals nec,1.0
291812,"Lactic Acid, Tartaric Acid, Citric Acid And Their Salts And Esters",p24.d,Chemicals nec,1.0
291813,"Lactic Acid, Tartaric Acid, Citric Acid And Their Salts And Esters",p24.d,Chemicals nec,1.0
291814,"Lactic Acid, Tartaric Acid, Citric Acid And Their Salts And Esters",p24.d,Chemicals nec,1.0
291815,"Lactic Acid, Tartaric Acid, Citric Acid And Their Salts And Esters",p24.d,Chemicals nec,1.0
291816,"Carboxylic Acids With Alcohol Being The Only Oxygen Function, Their Anhydrides, Halides, Peroxides, Peroxyacids And Their Derivatives, N.E.S.",p24.d,Chemicals nec,1.0
291817,"Carboxylic Acids With Alcohol Being The Only Oxygen Function, Their Anhydrides, Halides, Peroxides, Peroxyacids And Their Derivatives, N.E.S.",p24.d,Chemicals nec,1.0
291819,"Carboxylic Acids With Alcohol Being The Only Oxygen Function, Their Anhydrides, Halides, Peroxides, Peroxyacids And Their Derivatives, N.E.S.",p24.d,Chemicals nec,1.0
291821,Salicylic Acid And Its Salts And Esters,p24.d,Chemicals nec,1.0
291822,Salicylic Acid And Its Salts And Esters,p24.d,Chemicals nec,1.0
291823,Salicylic Acid And Its Salts And Esters,p24.d,Chemicals nec,1.0
291829,"Carboxylic Acids With Phenol Being The Only Oxygen Function, Their Anhydrides, Halides, Peroxides, Peroxyacids And Their Derivatives, N.E.S.",p24.d,Chemicals nec,1.0
291830,"Carboxylic Acids With Aldehyde Or Ketone Being The Only Oxygen Function, Their Anhydrides, Halides, Peroxides, Peroxyacids And Their Derivatives",p24.d,Chemicals nec,1.0
291890,"Carboxylic Acids With Additional Oxygen Functions, N.E.S., Their Anhydrides, Halides, Peroxides, Peroxyacids And Their Derivatives",p24.d,Chemicals nec,1.0
291900,"Phosphoric Esters And Their Salts (Including Lactophosphates); Their Halogenated, Sulfonated, Nitrated Or Nitrosated Derivatives",p24.d,Chemicals nec,1.0
292010,"Esters Of Inorganic Acids (Not Of Hydrogen Halides) And Their Salts, N.E.S., Their Halogenated, Sulfonated, Nitrated Or Nitrosated Derivatives",p24.d,Chemicals nec,1.0
292090,"Esters Of Inorganic Acids (Not Of Hydrogen Halides) And Their Salts, N.E.S., Their Halogenated, Sulfonated, Nitrated Or Nitrosated Derivatives",p24.d,Chemicals nec,1.0
292111,Acyclic Monoamines And Their Derivatives; Salts Thereof,p24.d,Chemicals nec,1.0
292112,Acyclic Monoamines And Their Derivatives; Salts Thereof,p24.d,Chemicals nec,1.0
292119,Acyclic Monoamines And Their Derivatives; Salts Thereof,p24.d,Chemicals nec,1.0
292121,Acyclic Polyamines And Their Derivatives; Salts Thereof,p24.d,Chemicals nec,1.0
292122,Acyclic Polyamines And Their Derivatives; Salts Thereof,p24.d,Chemicals nec,1.0
292129,Acyclic Polyamines And Their Derivatives; Salts Thereof,p24.d,Chemicals nec,1.0
292130,"Cyclanic, Cyclenic Or Cycloterpenic Mono",p24.d,Chemicals nec,1.0
292141,Aromatic Monoamines And Their Derivatives; Salts Thereof,p24.d,Chemicals nec,1.0
292142,Aromatic Monoamines And Their Derivatives; Salts Thereof,p24.d,Chemicals nec,1.0
292143,Aromatic Monoamines And Their Derivatives; Salts Thereof,p24.d,Chemicals nec,1.0
292144,Aromatic Monoamines And Their Derivatives; Salts Thereof,p24.d,Chemicals nec,1.0
292145,Aromatic Monoamines And Their Derivatives; Salts Thereof,p24.d,Chemicals nec,1.0
292149,Aromatic Monoamines And Their Derivatives; Salts Thereof,p24.d,Chemicals nec,1.0
292151,Aromatic Polyamines And Their Derivatives; Salts Thereof,p24.d,Chemicals nec,1.0
292159,Aromatic Polyamines And Their Derivatives; Salts Thereof,p24.d,Chemicals nec,1.0
292211,Amino,p24.d,Chemicals nec,1.0
292212,Amino,p24.d,Chemicals nec,1.0
292213,Amino,p24.d,Chemicals nec,1.0
292219,Amino,p24.d,Chemicals nec,1.0
292221,Amino,p24.d,Chemicals nec,1.0
292222,Amino,p24.d,Chemicals nec,1.0
292229,Amino,p24.d,Chemicals nec,1.0
292230,Amino,p24.d,Chemicals nec,1.0
292241,"Lysine, Its Esters And Salts Thereof; Glutamic Acid And Its Salts",p24.d,Chemicals nec,1.0
292242,"Lysine, Its Esters And Salts Thereof; Glutamic Acid And Its Salts",p24.d,Chemicals nec,1.0
292243,Amino Acids And Their Esters (Not Containing More Than One Kind Of Oxygen,p24.d,Chemicals nec,1.0
292249,Amino Acids And Their Esters (Not Containing More Than One Kind Of Oxygen,p24.d,Chemicals nec,1.0
292250,Amino,p24.d,Chemicals nec,1.0
292310,Quaternary Ammonium Salts And Hydroxides; Lecithins And Other Phosphoaminolipids,p24.d,Chemicals nec,1.0
292320,Quaternary Ammonium Salts And Hydroxides; Lecithins And Other Phosphoaminolipids,p24.d,Chemicals nec,1.0
292390,Quaternary Ammonium Salts And Hydroxides; Lecithins And Other Phosphoaminolipids,p24.d,Chemicals nec,1.0
292410,Acyclic Amides (Including Acyclic Carbamates) And Their Derivatives; Salts Thereof,p24.d,Chemicals nec,1.0
292421,Ureines And Their Derivatives; Salts Thereof,p24.d,Chemicals nec,1.0
292422,Cyclic Amides N.E.S. (Including Cyclic Carbamates) And Their Derivatives; Salts Thereof,p24.d,Chemicals nec,1.0
292429,Cyclic Amides N.E.S. (Including Cyclic Carbamates) And Their Derivatives; Salts Thereof,p24.d,Chemicals nec,1.0
292511,Carboxyimide,p24.d,Chemicals nec,1.0
292519,Carboxyimide,p24.d,Chemicals nec,1.0
292520,Carboxyimide,p24.d,Chemicals nec,1.0
292610,Acrylonitrile,p24.d,Chemicals nec,1.0
292620,Nitrile,p24.d,Chemicals nec,1.0
292690,Nitrile,p24.d,Chemicals nec,1.0
292700,Diazo,p24.d,Chemicals nec,1.0
292800,Organic Derivatives Of Hydrazine Or Hydroxylamine,p24.d,Chemicals nec,1.0
292910,Nitrogen,p24.d,Chemicals nec,1.0
292990,Nitrogen,p24.d,Chemicals nec,1.0
293010,Dithiocarbonates (Xanthates),p24.d,Chemicals nec,1.0
293020,Thiocarbamates And Dithiocarbamates,p24.d,Chemicals nec,1.0
293030,Thiuram Mono,p24.d,Chemicals nec,1.0
293040,Methionine,p24.d,Chemicals nec,1.0
293090,Organo,p24.d,Chemicals nec,1.0
293100,Organo,p24.d,Chemicals nec,1.0
293211,Heterocyclic Compounds With Oxygen Hetero,p24.d,Chemicals nec,1.0
293212,Heterocyclic Compounds With Oxygen Hetero,p24.d,Chemicals nec,1.0
293213,Heterocyclic Compounds With Oxygen Hetero,p24.d,Chemicals nec,1.0
293219,Heterocyclic Compounds With Oxygen Hetero,p24.d,Chemicals nec,1.0
293221,"Coumarin, Methylcoumarins And Ethylcoumarins",p24.d,Chemicals nec,1.0
293229,Lactones N.E.S.,p24.d,Chemicals nec,1.0
293291,Heterocyclic Compounds With Oxygen Hetero,p24.d,Chemicals nec,1.0
293292,Heterocyclic Compounds With Oxygen Hetero,p24.d,Chemicals nec,1.0
293293,Heterocyclic Compounds With Oxygen Hetero,p24.d,Chemicals nec,1.0
293294,Heterocyclic Compounds With Oxygen Hetero,p24.d,Chemicals nec,1.0
293299,Heterocyclic Compounds With Oxygen Hetero,p24.d,Chemicals nec,1.0
293311,Heterocyclic Compounds With Nitrogen Hetero,p24.d,Chemicals nec,1.0
293319,Heterocyclic Compounds With Nitrogen Hetero,p24.d,Chemicals nec,1.0
293321,Hydantoin And Its Derivatives,p24.d,Chemicals nec,1.0
293329,"Heterocyclic Compounds With An Unfused Imidazole Ring, Hydrogenated Or Not, N.E.S.",p24.d,Chemicals nec,1.0
293331,Heterocyclic Compounds With Nitrogen Hetero,p24.d,Chemicals nec,1.0
293332,Heterocyclic Compounds With Nitrogen Hetero,p24.d,Chemicals nec,1.0
293339,Heterocyclic Compounds With Nitrogen Hetero,p24.d,Chemicals nec,1.0
293340,Heterocyclic Compounds With Nitrogen Hetero,p24.d,Chemicals nec,1.0
293351,Heterocyclic Compounds With Nitrogen Hetero,p24.d,Chemicals nec,1.0
293359,Heterocyclic Compounds With Nitrogen Hetero,p24.d,Chemicals nec,1.0
293361,Heterocyclic Compounds With Nitrogen Hetero,p24.d,Chemicals nec,1.0
293369,Heterocyclic Compounds With Nitrogen Hetero,p24.d,Chemicals nec,1.0
293371,Lactams,p24.d,Chemicals nec,1.0
293379,Lactams,p24.d,Chemicals nec,1.0
293390,Heterocyclic Compounds With Nitrogen Hetero,p24.d,Chemicals nec,1.0
293410,"Heterocyclic Compounds, N.E.S.",p24.d,Chemicals nec,1.0
293420,"Heterocyclic Compounds, N.E.S.",p24.d,Chemicals nec,1.0
293430,Heterocyclic Compounds With A Phenothiazine Ring,p24.d,Chemicals nec,1.0
293490,"Heterocyclic Compounds, N.E.S.",p24.d,Chemicals nec,1.0
293500,Sulfonamides,p24.d,Chemicals nec,1.0
293610,"Provitamins, Unmixed",p24.d,Chemicals nec,1.0
293621,"Vitamins A And Derivatives, Unmixed",p24.d,Chemicals nec,1.0
293622,"Vitamins B And Derivatives, Unmixed",p24.d,Chemicals nec,1.0
293623,"Vitamins B And Derivatives, Unmixed",p24.d,Chemicals nec,1.0
293624,"Vitamins B And Derivatives, Unmixed",p24.d,Chemicals nec,1.0
293625,"Vitamins B And Derivatives, Unmixed",p24.d,Chemicals nec,1.0
293626,"Vitamins B And Derivatives, Unmixed",p24.d,Chemicals nec,1.0
293627,"Vitamin C And Derivatives, Unmixed",p24.d,Chemicals nec,1.0
293628,"Vitamin E And Derivatives, Unmixed",p24.d,Chemicals nec,1.0
293629,"Vitamins N.E.S. And Derivatives, Unmixed",p24.d,Chemicals nec,1.0
293690,Provitamin And Vitamin Intermixtures (Including Natural Concentrates),p24.d,Chemicals nec,1.0
293710,Pituitary (Anterior) Or Similar Hormones And Derivatives,p24.d,Chemicals nec,1.0
293721,Adrenal Cortical Hormones And Derivatives,p24.d,Chemicals nec,1.0
293722,Adrenal Cortical Hormones And Derivatives,p24.d,Chemicals nec,1.0
293729,Adrenal Cortical Hormones And Derivatives,p24.d,Chemicals nec,1.0
293791,Insulin And Its Salts,p24.d,Chemicals nec,1.0
293792,"Hormones, Hormone Derivatives And Other Steriods Used As Hormones, N.E.S., Not Put Up As Medicaments",p24.d,Chemicals nec,1.0
293799,"Hormones, Hormone Derivatives And Other Steriods Used As Hormones, N.E.S., Not Put Up As Medicaments",p24.d,Chemicals nec,1.0
293810,"Glycosides, Natural Or Reproduced By Synthesis, And Salts, Ethers, Esters And Other Derivatives",p24.d,Chemicals nec,1.0
293890,Amino,p24.d,Chemicals nec,1.0
293910,Opium Alkaloids And Derivatives; Salts Thereof,p24.d,Chemicals nec,1.0
293921,Cinchona Alkaloids And Derivatives; Salts Thereof,p24.d,Chemicals nec,1.0
293929,Cinchona Alkaloids And Derivatives; Salts Thereof,p24.d,Chemicals nec,1.0
293930,Caffeine And Its Salts,p24.d,Chemicals nec,1.0
293941,Ephedrines And Their Salts,p24.d,Chemicals nec,1.0
293942,Ephedrines And Their Salts,p24.d,Chemicals nec,1.0
293949,Ephedrines And Their Salts,p24.d,Chemicals nec,1.0
293950,Theophylline And Aminophylline (Theophylline,p24.d,Chemicals nec,1.0
293961,Rye Ergot Alkaloids And Derivatives; Salts Thereof,p24.d,Chemicals nec,1.0
293962,Rye Ergot Alkaloids And Derivatives; Salts Thereof,p24.d,Chemicals nec,1.0
293963,Rye Ergot Alkaloids And Derivatives; Salts Thereof,p24.d,Chemicals nec,1.0
293969,Rye Ergot Alkaloids And Derivatives; Salts Thereof,p24.d,Chemicals nec,1.0
293970,Nicotine And Its Salts,p24.d,Chemicals nec,1.0
293990,"Vegetable Alkaloids, N.E.S. And Their Salts; Derivatives Of Alkaloids, N.E.S. And Their Salts",p24.d,Chemicals nec,1.0
294000,"Pure Sugars, N.E.S. (Other Than Sucrose, Lactose, Maltose, Glucose And Fructose); Sugar Ethers And Sugar Esters, And Their Salts, N.E.S.",p24.d,Chemicals nec,1.0
294110,Penicillins And Derivatives With A Penicillanic Acid Structure; Salts Thereof,p24.d,Chemicals nec,1.0
294120,Streptomycins And Derivatives; Salts Thereof,p24.d,Chemicals nec,1.0
294130,Tetracyclines And Derivatives; Salts Thereof,p24.d,Chemicals nec,1.0
294140,"Antibiotics, N.E.S., Not Put Up As Medicaments",p24.d,Chemicals nec,1.0
294150,"Antibiotics, N.E.S., Not Put Up As Medicaments",p24.d,Chemicals nec,1.0
294190,"Antibiotics, N.E.S., Not Put Up As Medicaments",p24.d,Chemicals nec,1.0
294200,"Organic Compounds, N.E.S.",p24.d,Chemicals nec,1.0
300110,"Glands, Other Organs, Dried And/Or Extracts Of Glands Etc. And Other Human Or Animal Products N.E.S. For Organo",p24.d,Chemicals nec,1.0
300120,"Glands, Other Organs, Dried And/Or Extracts Of Glands Etc. And Other Human Or Animal Products N.E.S. For Organo",p24.d,Chemicals nec,1.0
300190,"Glands, Other Organs, Dried And/Or Extracts Of Glands Etc. And Other Human Or Animal Products N.E.S. For Organo",p24.d,Chemicals nec,1.0
300210,Antisera And Other Blood Fractions; Vaccines,p24.d,Chemicals nec,1.0
300220,Antisera And Other Blood Fractions; Vaccines,p24.d,Chemicals nec,1.0
300230,Antisera And Other Blood Fractions; Vaccines,p24.d,Chemicals nec,1.0
300290,"Human Blood; Prepared Animal Blood (For Therapeutic Etc. Use); Toxins, Cultures Of Micro",p24.d,Chemicals nec,1.0
300310,"Medicaments Containing Penicillins Or Streptomycins Or Their Derivatives, Not In Dosage Form Or Retail Packings",p24.d,Chemicals nec,1.0
300320,"Medicaments Containing Antibiotics, Except Penicillins And Streptomycins, Not In Dosage Form Or Retail Packings",p24.d,Chemicals nec,1.0
300331,"Medicaments Containing Insulin, Not In Dosage Form Or Retail Packings",p24.d,Chemicals nec,1.0
300339,"Medicaments Containing Hormones, Their Derivatives And Other Steriods Used As Hormones, N.E.S., Not In Dosage Form Or Retail Packings",p24.d,Chemicals nec,1.0
300340,"Medicaments Containing Alkaloids And Their Derivatives, N.E.S., Not In Dosage Form Or Retail Packings",p24.d,Chemicals nec,1.0
300390,"Medicaments, N.E.S., Not In Dosage Form Or Retail Packings",p24.d,Chemicals nec,1.0
300410,"Medicaments Containing Penicillins Or Streptomycins Or Their Derivatives, In Dosage Form Or Retail Packings",p24.d,Chemicals nec,1.0
300420,"Medicaments Containing Antibiotics, Except Penicillins And Streptomycins, In Dosage Form Or Retail Packings",p24.d,Chemicals nec,1.0
300431,"Medicaments Containing Insulin, In Dosage Form Or Retail Packings",p24.d,Chemicals nec,1.0
300432,"Medicaments Containing Adrenal Cortical Hormones, Put Up In Measured Doses Or In Forms Or Packings For Retail Sale",p24.d,Chemicals nec,1.0
300439,"Medicaments Containing Hormones, Their Derivatives And Other Steriods Used As Hormones, N.E.S., In Dosage Form Or Retail Packings",p24.d,Chemicals nec,1.0
300440,"Medicaments Containing Alkaloids And Their Derivatives, N.E.S., In Dosage Form Or Retail Packings",p24.d,Chemicals nec,1.0
300450,"Medicaments Containing Vitamins Or Provitamins, In Dosage Form Or Retail Packings",p24.d,Chemicals nec,1.0
300490,"Medicaments, N.E.S., In Dosage Form Or Retail Packings",p24.d,Chemicals nec,1.0
300510,"Wadding, Gauze, Bandages Etc. Impregnated Or Coated With Pharmaceutical Products Or In Retail Packages For Medical, Dental Or Veterinary Use, N.E.S.",p24.d,Chemicals nec,1.0
300590,"Wadding, Gauze, Bandages Etc. Impregnated Or Coated With Pharmaceutical Products Or In Retail Packages For Medical, Dental Or Veterinary Use, N.E.S.",p24.d,Chemicals nec,1.0
300610,"Pharmaceutical Goods, N.E.S.",p24.d,Chemicals nec,1.0
300620,Blood,p24.d,Chemicals nec,1.0
300630,Opacifying Preparations For X,p24.d,Chemicals nec,1.0
300640,"Pharmaceutical Goods, N.E.S.",p24.d,Chemicals nec,1.0
300650,"Pharmaceutical Goods, N.E.S.",p24.d,Chemicals nec,1.0
300660,"Pharmaceutical Goods, N.E.S.",p24.d,Chemicals nec,1.0
310100,"Animal Or Vegetable Fertilizers, Whether Or Not Mixed, Etc.; Fertilizers Produced By Mixing Or Chem Treatment Of Animal Or Veg Products (Imports Onl",p24.c,P- and other fertiliser,1.0
310210,"Urea Fertilizers, Whether Or Not In Aqueous Solution, (Imports Only)",p24.c,P- and other fertiliser,1.0
310221,Ammonium Sulfate Fertilizers (Imports Only),p24.c,P- and other fertiliser,1.0
310229,"Fertilizers, Double Salts And Mixtures Of Ammonium Sulfate And Ammonium Nitrate, (Imports Only)",p24.c,P- and other fertiliser,1.0
310230,"Ammonium Nitrate Fertilizers, (Imports Only)",p24.c,P- and other fertiliser,1.0
310250,"Sodium Nitrate, Except Those Of Division 56, (Imports Only)",p24.c,P- and other fertiliser,1.0
310260,"Fertilizers, Double Salts And Mixtures Of Calcium Nitrate And Ammonium Nitrate, (Imports Only)",p24.c,P- and other fertiliser,1.0
310270,Calcium Cyanamide Fertilizers (Imports Only),p24.c,P- and other fertiliser,1.0
310280,"Fertilizers, Urea And Ammonium Nitrate Mixtures In Aqueous Or Ammoniacal Solution, (Imports Only)",p24.c,P- and other fertiliser,1.0
310310,Superphosphate Fertilizers (Imports Only),p24.c,P- and other fertiliser,1.0
310320,"Basic Slag Fertilizers (Thomas Slag), (Imports Only)",p24.c,P- and other fertiliser,1.0
310390,"Mineral Or Chemical Fertilizers, Phosphatic, N.E.S., (Imports Only)",p24.c,P- and other fertiliser,1.0
310410,"Carnallite, Slyvite, And Other Crude Natural Potassium Salts, (Imports Only)",p14.3,"Chemical and fertilizer minerals, salt and other mining and quarrying products n.e.c.",1.0
310420,Potassium Chloride Fertilizers (Imports Only),p24.c,P- and other fertiliser,1.0
310430,Potassium Sulfate Fertilizers (Imports Only),p24.c,P- and other fertiliser,1.0
310490,"Mineral Or Chemical Fertilizers, Potassic, N.E.S., (Imports Only)",p24.c,P- and other fertiliser,1.0
310510,"Fertilizers, Incl Those Of Animal Or Veg Origin And Mineral Or Chem Elements, In Tablets, Etc. Or In Packages Weighing Not Over 10 Kg, (Imports Only",p24.c,P- and other fertiliser,1.0
310520,"Fertilizers, N.E.S., Containing The Three Fertilizing Elements Nitrogen, Phosphorus And Potassium, (Imports Only)",p24.c,P- and other fertiliser,1.0
310530,"Diammonium Hydrogenorthophosphate (Diammonium Phosphate) Fertilizers, (Imports Only)",p24.c,P- and other fertiliser,1.0
310540,"Ammonium Dihydrogenorthophosphate (Monoammonium Phosphate) Fertilz & Mix With Diammonium Hydrogenorthophosphate (Diammonium Phosphate), (Imports Onl",p24.c,P- and other fertiliser,1.0
310551,"Fertilizers, N.E.S., Containing The Two Fertilizing Elements Nitrogen And Phosphorus, (Imports Only)",p24.c,P- and other fertiliser,1.0
310559,"Fertilizers, N.E.S., Containing The Two Fertilizing Elements Nitrogen And Phosphorus, (Imports Only)",p24.c,P- and other fertiliser,1.0
310560,"Mineral Or Chemical Fertilizers, Containing The Two Fertilizing Elements Phosphorus And Potassium, (Imports Only)",p24.c,P- and other fertiliser,1.0
310590,"Fertilizers, N.E.S., (Imports Only)",p24.c,P- and other fertiliser,1.0
320110,"Tanning Extracts Of Vegetable Origin; Tannins And Their Salts, Ethers, Esters And Other Derivatives",p24.d,Chemicals nec,1.0
320120,"Tanning Extracts Of Vegetable Origin; Tannins And Their Salts, Ethers, Esters And Other Derivatives",p24.d,Chemicals nec,1.0
320190,"Tanning Extracts Of Vegetable Origin; Tannins And Their Salts, Ethers, Esters And Other Derivatives",p24.d,Chemicals nec,1.0
320210,Synthetic Organic Tanning Substances,p24.d,Chemicals nec,1.0
320290,Inorganic Tanning Substances; Tanning Preparations; Enzymatic Preparations For Pre,p24.d,Chemicals nec,1.0
320300,"Coloring Matter Of Vegetable Or Animal Origin (Including Dyeing Extracts Except Animal Black), And Preparations Based Thereon",p24.d,Chemicals nec,1.0
320411,Disperse Dyes And Preparations Based Thereon,p24.d,Chemicals nec,1.0
320412,Acid Dyes And Preparations Based Thereon; Mordant Dyes And Preparations Based Thereon,p24.d,Chemicals nec,1.0
320413,Basic Dyes And Preparations Based Thereon,p24.d,Chemicals nec,1.0
320414,Direct Dyes And Preparations Based Thereon,p24.d,Chemicals nec,1.0
320415,Vat Dyes (Including Those Usable As Pigments) And Preparations Based Thereon,p24.d,Chemicals nec,1.0
320416,Reactive Dyes And Preparations Based Thereon,p24.d,Chemicals nec,1.0
320417,Pigments And Preparations Based Thereon,p24.d,Chemicals nec,1.0
320419,"Synthetic Organic Coloring Matter, N.E.S. (Including Mixtures Of Products Provided For Under Subgroup 531.1), And Preparations Based Thereon",p24.d,Chemicals nec,1.0
320420,Synthetic Organic Fluorescent Brightening Agents Or Luminophores,p24.d,Chemicals nec,1.0
320490,Synthetic Organic Fluorescent Brightening Agents Or Luminophores,p24.d,Chemicals nec,1.0
320500,Color Lakes; Preparations Based On Color Lakes,p24.d,Chemicals nec,1.0
320611,Pigments And Preparations Based On Titanium Dioxide,p24.d,Chemicals nec,1.0
320619,Pigments And Preparations Based On Titanium Dioxide,p24.d,Chemicals nec,1.0
320620,Pigments And Preparations Based On Chromium Compounds,p24.d,Chemicals nec,1.0
320630,Pigments And Preparations Based On Cadmium Compounds,p24.d,Chemicals nec,1.0
320641,Ultramarine And Preparations Based Thereon,p24.d,Chemicals nec,1.0
320642,"Lithopone, And Other Pigments And Preparations Based On Zinc Sulfide",p24.d,Chemicals nec,1.0
320643,Hexacyanoferrate (Ferrocyanide And Ferricyanide) Pigments And Preparations Based On Hexacyanoferrate,p24.d,Chemicals nec,1.0
320649,"Coloring Matter And Coloring Preparations, N.E.S.",p24.d,Chemicals nec,1.0
320650,Inorganic Products Used As Luminophores,p24.d,Chemicals nec,1.0
320710,"Prepared Pigments, Opacifiers And Colors, Vitrifiable Enamel Etc. Used In Ceramic, Enameling And Glass Industry; Glass Frit, Powder, Granules Or Fla",p24.d,Chemicals nec,1.0
320720,"Prepared Pigments, Opacifiers And Colors, Vitrifiable Enamel Etc. Used In Ceramic, Enameling And Glass Industry; Glass Frit, Powder, Granules Or Fla",p24.d,Chemicals nec,1.0
320730,"Prepared Pigments, Opacifiers And Colors, Vitrifiable Enamel Etc. Used In Ceramic, Enameling And Glass Industry; Glass Frit, Powder, Granules Or Fla",p24.d,Chemicals nec,1.0
320740,"Prepared Pigments, Opacifiers And Colors, Vitrifiable Enamel Etc. Used In Ceramic, Enameling And Glass Industry; Glass Frit, Powder, Granules Or Fla",p24.d,Chemicals nec,1.0
320810,"Paints And Varnishes (Including Enamels And Lacquers) Based On Synthetic Or Chemically Modified Natural Polymers, Nonaqueous; Plastics In Solution",p24.d,Chemicals nec,1.0
320820,"Paints And Varnishes (Including Enamels And Lacquers) Based On Synthetic Or Chemically Modified Natural Polymers, Nonaqueous; Plastics In Solution",p24.d,Chemicals nec,1.0
320890,"Paints And Varnishes (Including Enamels And Lacquers) Based On Synthetic Or Chemically Modified Natural Polymers, Nonaqueous; Plastics In Solution",p24.d,Chemicals nec,1.0
320910,"Paints And Varnishes (Including Enamels And Lacquers) Based On Synthetic Polymers Or Chemically Modified Natural Polymers, In An Aqueous Medium",p24.d,Chemicals nec,1.0
320990,"Paints And Varnishes (Including Enamels And Lacquers) Based On Synthetic Polymers Or Chemically Modified Natural Polymers, In An Aqueous Medium",p24.d,Chemicals nec,1.0
321000,"Paints And Varnishes N.E.S., Including Enamels, Lacquers And Distempers; Prepared Water Pigments Used For Finishing Leather",p24.d,Chemicals nec,1.0
321100,Prepared Paint Driers,p24.d,Chemicals nec,1.0
321210,Pigments (Including Metallic Powders And Flakes) In Nonaqueous Media For Paint Manufacture; Stamping Foils; Dyes And Colors Packaged For Retail Sale,p24.d,Chemicals nec,1.0
321290,Pigments (Including Metallic Powders And Flakes) In Nonaqueous Media For Paint Manufacture; Stamping Foils; Dyes And Colors Packaged For Retail Sale,p24.d,Chemicals nec,1.0
321310,"Artists And Other Painters Colors, Modifying Tints Etc., In Tablets, Tubes, Jars, Bottles, Pans Or Similar Forms Or Packings",p24.d,Chemicals nec,1.0
321390,"Artists And Other Painters Colors, Modifying Tints Etc., In Tablets, Tubes, Jars, Bottles, Pans Or Similar Forms Or Packings",p24.d,Chemicals nec,1.0
321410,"Glaziers Putty; Grafting Putty; Resin Cement, Caulking Compounds And Other Mastics; Painters Fillings; Nonrefractory Surfacing Preparations",p24.d,Chemicals nec,1.0
321490,"Glaziers Putty; Grafting Putty; Resin Cement, Caulking Compounds And Other Mastics; Painters Fillings; Nonrefractory Surfacing Preparations",p24.d,Chemicals nec,1.0
321511,"Printing Ink, Black",p24.d,Chemicals nec,1.0
321519,"Printing Ink,  Other Than Black",p24.d,Chemicals nec,1.0
321590,"Writing Or Drawing Ink And Other Inks (Except Printing Ink), Whether Or Not Concentrated Or Solid",p24.d,Chemicals nec,1.0
330111,Essential Oils Of Citrus Fruit,p24.d,Chemicals nec,1.0
330112,Essential Oils Of Citrus Fruit,p24.d,Chemicals nec,1.0
330113,Essential Oils Of Citrus Fruit,p24.d,Chemicals nec,1.0
330114,Essential Oils Of Citrus Fruit,p24.d,Chemicals nec,1.0
330119,Essential Oils Of Citrus Fruit,p24.d,Chemicals nec,1.0
330121,"Essential Oils, Except Of Citrus Fruit",p24.d,Chemicals nec,1.0
330122,"Essential Oils, Except Of Citrus Fruit",p24.d,Chemicals nec,1.0
330123,"Essential Oils, Except Of Citrus Fruit",p24.d,Chemicals nec,1.0
330124,"Essential Oils, Except Of Citrus Fruit",p24.d,Chemicals nec,1.0
330125,"Essential Oils, Except Of Citrus Fruit",p24.d,Chemicals nec,1.0
330126,"Essential Oils, Except Of Citrus Fruit",p24.d,Chemicals nec,1.0
330129,"Essential Oils, Except Of Citrus Fruit",p24.d,Chemicals nec,1.0
330130,Resinoids,p24.d,Chemicals nec,1.0
330190,"Concentrates Of Essential Oils In Fats, Fixed Oils Etc.; Terpenic By",p24.d,Chemicals nec,1.0
330210,Mixtures Containing Odoriferous Substances Of A Kind Used In The Food Or Drink Industries,p24.d,Chemicals nec,1.0
330290,"Mixtures Containing One Or More Odoriferous Substances (Except Those Used In Food And Drink Products) For Industrial Use, N.E.S.",p24.d,Chemicals nec,1.0
330300,Perfumes And Toilet Waters,p24.d,Chemicals nec,1.0
330410,Beauty Or Make,p24.d,Chemicals nec,1.0
330420,Beauty Or Make,p24.d,Chemicals nec,1.0
330430,Beauty Or Make,p24.d,Chemicals nec,1.0
330491,Beauty Or Make,p24.d,Chemicals nec,1.0
330499,Beauty Or Make,p24.d,Chemicals nec,1.0
330510,"Cosmetic Or Toilet Preparations For Use On The Hair, Including Shampoos",p24.d,Chemicals nec,1.0
330520,"Cosmetic Or Toilet Preparations For Use On The Hair, Including Shampoos",p24.d,Chemicals nec,1.0
330530,"Cosmetic Or Toilet Preparations For Use On The Hair, Including Shampoos",p24.d,Chemicals nec,1.0
330590,"Cosmetic Or Toilet Preparations For Use On The Hair, Including Shampoos",p24.d,Chemicals nec,1.0
330610,"Oral Or Dental Hygiene Preparations, Including Denture Fixative Pastes And Powders",p24.d,Chemicals nec,1.0
330620,"Oral Or Dental Hygiene Preparations, Including Denture Fixative Pastes And Powders",p24.d,Chemicals nec,1.0
330690,"Oral Or Dental Hygiene Preparations, Including Denture Fixative Pastes And Powders",p24.d,Chemicals nec,1.0
330710,Pre,p24.d,Chemicals nec,1.0
330720,Personal Deodorants And Antiperspirants,p24.d,Chemicals nec,1.0
330730,Perfumed Bath Salts And Other Bath Preparations,p24.d,Chemicals nec,1.0
330741,Preparations For Perfuming Or Deodorizing Rooms,p24.d,Chemicals nec,1.0
330749,Preparations For Perfuming Or Deodorizing Rooms,p24.d,Chemicals nec,1.0
330790,"Depilatories And Perfumery, Cosmetic Or Toilet Preparations, N.E.S.",p24.d,Chemicals nec,1.0
340111,Soap And Organic Surface,p24.d,Chemicals nec,1.0
340119,Soap And Organic Surface,p24.d,Chemicals nec,1.0
340120,"Soap, N.E.S.",p24.d,Chemicals nec,1.0
340211,Organic Surface,p24.d,Chemicals nec,1.0
340212,Organic Surface,p24.d,Chemicals nec,1.0
340213,Organic Surface,p24.d,Chemicals nec,1.0
340219,Organic Surface,p24.d,Chemicals nec,1.0
340220,Surface,p24.d,Chemicals nec,1.0
340290,Surface,p24.d,Chemicals nec,1.0
340311,"Preparations For Treating Textiles, Leather, Furskins Or Other Materials, Containing Petroleum Or Bituminous Mineral Oils (Less Than 70% By Weight)",p24.d,Chemicals nec,1.0
340319,"Lubricating Preparations, Containing Petroleum Or Bituminous Mineral Oils (Less Than 70% By Weight)",p24.d,Chemicals nec,1.0
340391,"Preparations For Treating Textiles, Leather, Furskins Or Other Materials, Containing Oils Or Greases From Other Than Petroleum Or Bituminous Mineral",p24.d,Chemicals nec,1.0
340399,Lubricating Preparations Containing Oils Or Greases From Sources Other Than Petroleum Or Bituminous Minerals,p24.d,Chemicals nec,1.0
340410,Artificial Waxes And Prepared Waxes Of Chemically Modified Lignite,p24.d,Chemicals nec,1.0
340420,Artificial Waxes And Prepared Waxes Of Polyethylene Glycol,p24.d,Chemicals nec,1.0
340490,"Artificial Waxes And Prepared Waxes, N.E.S.",p24.d,Chemicals nec,1.0
340510,"Polishes, Creams And Similar Preparations (Except Artificial And Prepared Waxes), For Footwear And Leather",p24.d,Chemicals nec,1.0
340520,"Polishes, Creams And Similar Preparations (Except Artificial And Prepared Waxes), For The Maintenance Of Wooden Furniture, Floors And Other Woodwork",p24.d,Chemicals nec,1.0
340530,"Polishes And Similar Preparations (Except Metal Polishes, Artificial And Prepared Waxes), For Coachwork",p24.d,Chemicals nec,1.0
340540,"Scouring Pastes, Powders And Other Scouring Preparations",p24.d,Chemicals nec,1.0
340590,"Polishes, Creams And Similar Preparations (Except Artificial And Prepared Waxes), For Glass Or Metal",p24.d,Chemicals nec,1.0
340600,"Candles, Tapers And The Like",p24.d,Chemicals nec,1.0
340700,"Modelling Pastes; Dental Wax Or Dental Impression Compounds, In Sets, Retail Packages, Etc.; Calcined Gypsum Or Calcium Sulfate Based Dental Product",p24.d,Chemicals nec,1.0
350110,Casein,p15.f,Dairy products,1.0
350190,Caseinates And Other Casein Derivatives; Casein Glues,p24.d,Chemicals nec,1.0
350211,Egg Albumin,p15.i,Food products nec,1.0
350219,Egg Albumin,p15.i,Food products nec,1.0
350220,Albumins (Incl Cncent Of Two Or More Whey Proteins Cont By Weight More Th 80% Whey Proteins Calc On Dry Matter) Oth Th Egg Albumins; Oth Albumin Der,p24.d,Chemicals nec,1.0
350290,Albumins (Incl Cncent Of Two Or More Whey Proteins Cont By Weight More Th 80% Whey Proteins Calc On Dry Matter) Oth Th Egg Albumins; Oth Albumin Der,p24.d,Chemicals nec,1.0
350300,"Gelatin (Including Gelatin In Rectangular Or Square Sheets) And Gelatin Derivatives; Isinglass; Other Glues Of Animal Origin,",p24.d,Chemicals nec,1.0
350400,"Peptones And Derivatives; Other Proteins And Derivatives, N.E.S.; Hide Powder, Chromed Or Not",p24.f,Additives/Blending Components,1.0
350510,Dextrins And Other Modified Starches,p15.i,Food products nec,1.0
350520,"Glues Based On Starches, Dextrins Or Other Modified Starches",p24.d,Chemicals nec,1.0
350610,"Prepared Glues And Adhesives, N.E.S.; Products For Use As Glues Or Adhesives, In Packages For Retail Sale Not Exceeding A Net Weight Of 1 Kg",p24.d,Chemicals nec,1.0
350691,"Prepared Glues And Adhesives, N.E.S.; Products For Use As Glues Or Adhesives, In Packages For Retail Sale Not Exceeding A Net Weight Of 1 Kg",p24.d,Chemicals nec,1.0
350699,"Prepared Glues And Adhesives, N.E.S.; Products For Use As Glues Or Adhesives, In Packages For Retail Sale Not Exceeding A Net Weight Of 1 Kg",p24.d,Chemicals nec,1.0
350710,"Enzymes; Prepared Enzymes, N.E.S.",p24.d,Chemicals nec,1.0
350790,"Enzymes; Prepared Enzymes, N.E.S.",p24.d,Chemicals nec,1.0
360100,Propellent Powders,p24.d,Chemicals nec,1.0
360200,"Prepared Explosives, Other Than Propellent Powders",p24.d,Chemicals nec,1.0
360300,Safety Fuses; Detonating Fuses; Percussion Or Detonating Caps; Ignitors; Electric Detonators,p24.d,Chemicals nec,1.0
360410,Fireworks,p24.d,Chemicals nec,1.0
360490,"Signalling Flares, Rain Rockets, Fog Signals And Other Pyrotechnic Articles, N.E.S.",p24.d,Chemicals nec,1.0
360500,"Matches, Except Bengal Matches And Other Pyrotechnical Articles",p36,Furniture; other manufactured goods n.e.c. (36),1.0
360610,Liquid Or Liquefied,p36,Furniture; other manufactured goods n.e.c. (36),1.0
360690,"Ferrocerium And Other Pyrophoric Alloys; Metaldehyde, Etc. For Fuel Use; S Olid Or Semi",p36,Furniture; other manufactured goods n.e.c. (36),1.0
370110,"Photographic Plates And Film, Flat, Sensitised, Unexposed, Except Of Paper, Paperboard Or Textiles; Instant Print Film, Flat, Sensitised, Unexposed",p24.d,Chemicals nec,1.0
370120,"Photographic Plates And Film, Flat, Sensitised, Unexposed, Except Of Paper, Paperboard Or Textiles; Instant Print Film, Flat, Sensitised, Unexposed",p24.d,Chemicals nec,1.0
370130,"Photographic Plates And Film, Flat, Sensitised, Unexposed, Except Of Paper, Paperboard Or Textiles; Instant Print Film, Flat, Sensitised, Unexposed",p24.d,Chemicals nec,1.0
370191,"Photographic Plates And Film, Flat, Sensitised, Unexposed, Except Of Paper, Paperboard Or Textiles; Instant Print Film, Flat, Sensitised, Unexposed",p24.d,Chemicals nec,1.0
370199,"Photographic Plates And Film, Flat, Sensitised, Unexposed, Except Of Paper, Paperboard Or Textiles; Instant Print Film, Flat, Sensitised, Unexposed",p24.d,Chemicals nec,1.0
370210,"Photographic Film In Rolls, Sensitised, Unexposed, Except Of Paper, Paperboard Or Textiles; Instant Print Film In Rolls, Sensitised, Unexposed",p24.d,Chemicals nec,1.0
370220,"Photographic Film In Rolls, Sensitised, Unexposed, Except Of Paper, Paperboard Or Textiles; Instant Print Film In Rolls, Sensitised, Unexposed",p24.d,Chemicals nec,1.0
370231,"Photographic Film In Rolls, Sensitised, Unexposed, Except Of Paper, Paperboard Or Textiles; Instant Print Film In Rolls, Sensitised, Unexposed",p24.d,Chemicals nec,1.0
370232,"Photographic Film In Rolls, Sensitised, Unexposed, Except Of Paper, Paperboard Or Textiles; Instant Print Film In Rolls, Sensitised, Unexposed",p24.d,Chemicals nec,1.0
370239,"Photographic Film In Rolls, Sensitised, Unexposed, Except Of Paper, Paperboard Or Textiles; Instant Print Film In Rolls, Sensitised, Unexposed",p24.d,Chemicals nec,1.0
370241,"Photographic Film In Rolls, Sensitised, Unexposed, Except Of Paper, Paperboard Or Textiles; Instant Print Film In Rolls, Sensitised, Unexposed",p24.d,Chemicals nec,1.0
370242,"Photographic Film In Rolls, Sensitised, Unexposed, Except Of Paper, Paperboard Or Textiles; Instant Print Film In Rolls, Sensitised, Unexposed",p24.d,Chemicals nec,1.0
370243,"Photographic Film In Rolls, Sensitised, Unexposed, Except Of Paper, Paperboard Or Textiles; Instant Print Film In Rolls, Sensitised, Unexposed",p24.d,Chemicals nec,1.0
370244,"Photographic Film In Rolls, Sensitised, Unexposed, Except Of Paper, Paperboard Or Textiles; Instant Print Film In Rolls, Sensitised, Unexposed",p24.d,Chemicals nec,1.0
370251,"Photographic Film In Rolls, Sensitised, Unexposed, Except Of Paper, Paperboard Or Textiles; Instant Print Film In Rolls, Sensitised, Unexposed",p24.d,Chemicals nec,1.0
370252,"Photographic Film In Rolls, Sensitised, Unexposed, Except Of Paper, Paperboard Or Textiles; Instant Print Film In Rolls, Sensitised, Unexposed",p24.d,Chemicals nec,1.0
370253,"Photographic Film In Rolls, Sensitised, Unexposed, Except Of Paper, Paperboard Or Textiles; Instant Print Film In Rolls, Sensitised, Unexposed",p24.d,Chemicals nec,1.0
370254,"Photographic Film In Rolls, Sensitised, Unexposed, Except Of Paper, Paperboard Or Textiles; Instant Print Film In Rolls, Sensitised, Unexposed",p24.d,Chemicals nec,1.0
370255,"Photographic Film In Rolls, Sensitised, Unexposed, Except Of Paper, Paperboard Or Textiles; Instant Print Film In Rolls, Sensitised, Unexposed",p24.d,Chemicals nec,1.0
370256,"Photographic Film In Rolls, Sensitised, Unexposed, Except Of Paper, Paperboard Or Textiles; Instant Print Film In Rolls, Sensitised, Unexposed",p24.d,Chemicals nec,1.0
370291,"Photographic Film In Rolls, Sensitised, Unexposed, Except Of Paper, Paperboard Or Textiles; Instant Print Film In Rolls, Sensitised, Unexposed",p24.d,Chemicals nec,1.0
370292,"Photographic Film In Rolls, Sensitised, Unexposed, Except Of Paper, Paperboard Or Textiles; Instant Print Film In Rolls, Sensitised, Unexposed",p24.d,Chemicals nec,1.0
370293,"Photographic Film In Rolls, Sensitised, Unexposed, Except Of Paper, Paperboard Or Textiles; Instant Print Film In Rolls, Sensitised, Unexposed",p24.d,Chemicals nec,1.0
370294,"Photographic Film In Rolls, Sensitised, Unexposed, Except Of Paper, Paperboard Or Textiles; Instant Print Film In Rolls, Sensitised, Unexposed",p24.d,Chemicals nec,1.0
370295,"Photographic Film In Rolls, Sensitised, Unexposed, Except Of Paper, Paperboard Or Textiles; Instant Print Film In Rolls, Sensitised, Unexposed",p24.d,Chemicals nec,1.0
370310,"Photographic Paper, Paperboard And Textiles, Sensitised, Unexposed",p24.d,Chemicals nec,1.0
370320,"Photographic Paper, Paperboard And Textiles, Sensitised, Unexposed",p24.d,Chemicals nec,1.0
370390,"Photographic Paper, Paperboard And Textiles, Sensitised, Unexposed",p24.d,Chemicals nec,1.0
370400,"Photographic Plates, Film, Paper, Paperboard And Textiles, Exposed But Not Developed",p24.d,Chemicals nec,1.0
370510,"Photographic Plates And Film, Exposed And Developed, Other Than Cinematographic Film",p24.d,Chemicals nec,1.0
370520,"Photographic Plates And Film, Exposed And Developed, Other Than Cinematographic Film",p24.d,Chemicals nec,1.0
370590,"Photographic Plates And Film, Exposed And Developed, Other Than Cinematographic Film",p24.d,Chemicals nec,1.0
370610,"Cinematograph Film, Exposed And Developed, Whether Or Not Incorporating Sound Track Or Consisting Only Of Sound Track, Of A Width Of 35 Mm Or More",p24.d,Chemicals nec,1.0
370690,"Cinematograph Film, Exposed And Developed, Whether Or Not Incorporating Sound Track Or Consisting Only Of Sound Track Of A Width Less Than 35 Mm",p24.d,Chemicals nec,1.0
370710,"Chemicals Prepared For Photographic Use (Except Varnish, Glue, Etc.); Unmixed Products For Photo Use In Measured Portions Or Ready To Use Retail Pa",p24.d,Chemicals nec,1.0
370790,"Chemicals Prepared For Photographic Use (Except Varnish, Glue, Etc.); Unmixed Products For Photo Use In Measured Portions Or Ready To Use Retail Pa",p24.d,Chemicals nec,1.0
380110,Artificial Graphite; Colloidal Or Semi,p26.e,Other non-metallic mineral products,1.0
380120,Artificial Graphite; Colloidal Or Semi,p26.e,Other non-metallic mineral products,1.0
380130,Artificial Graphite; Colloidal Or Semi,p26.e,Other non-metallic mineral products,1.0
380190,Artificial Graphite; Colloidal Or Semi,p26.e,Other non-metallic mineral products,1.0
380210,Activated Carbon,p24.d,Chemicals nec,1.0
380290,Activated Natural Mineral Products; Animal Black (Including Spent Animal Black),p24.d,Chemicals nec,1.0
380300,"Tall Oil, Refined Or Not",p24.d,Chemicals nec,1.0
380400,"3923idual Lyes From The Manufacture Of Wood Pulp (Including Lignin Sulfonates, But Excluding Tall Oil)""",p24.d,Chemicals nec,1.0
380510,"Gum, Wood Or Sulfate Turpentine And Other Terpenic Oils; Crude Dipentene; Sulfite Turpentine And Other Crude Para",p24.d,Chemicals nec,1.0
380520,"Gum, Wood Or Sulfate Turpentine And Other Terpenic Oils; Crude Dipentene; Sulfite Turpentine And Other Crude Para",p24.d,Chemicals nec,1.0
380590,"Gum, Wood Or Sulfate Turpentine And Other Terpenic Oils; Crude Dipentene; Sulfite Turpentine And Other Crude Para",p24.d,Chemicals nec,1.0
380610,"Rosin And Rosin Acids, And Derivatives; Rosin Spirit And Rosin Oils",p24.d,Chemicals nec,1.0
380620,"Rosin And Rosin Acids, And Derivatives; Rosin Spirit And Rosin Oils",p24.d,Chemicals nec,1.0
380630,"Rosin And Rosin Acids, And Derivatives; Rosin Spirit And Rosin Oils",p24.d,Chemicals nec,1.0
380690,"Rosin And Rosin Acids, And Derivatives; Rosin Spirit And Rosin Oils",p24.d,Chemicals nec,1.0
380700,"Wood Tar; Wood Tar Oils; Wood Creosote; Wood Naphtha; Vegetable Pitch; Brewers Pitch And Like Products Based On Rosin, Resin Acids Or Vegetable Pitc",p24.d,Chemicals nec,1.0
380810,"Insecticides, Put Up Or Packed For Retail Sale Or As Preparations Or Articles",p24.d,Chemicals nec,1.0
380820,"Fungicides, Put Up Or Packed For Retail Sale Or As Preparations Or Articles",p24.d,Chemicals nec,1.0
380830,"Herbicides (Weed Killers), Antisprouting Products And Plant",p24.d,Chemicals nec,1.0
380840,Disinfectants Put Up Or Packed For Retail Sale Or As Preparations Or Articles,p24.d,Chemicals nec,1.0
380890,Rodenticides And Similar Products Put Up Or Packed For Retail Sale Or As Preparations Or Articles,p24.d,Chemicals nec,1.0
380910,"Finishing Agents, Dye Carriers, Dressings, Etc. Used In The Textile, Paper, Leather Or Similar Industries, N.E.S.",p24.d,Chemicals nec,1.0
380991,"Finishing Agents, Dye Carriers, Dressings, Etc. Used In The Textile, Paper, Leather Or Similar Industries, N.E.S.",p24.d,Chemicals nec,1.0
380992,"Finishing Agents, Dye Carriers, Dressings, Etc. Used In The Textile, Paper, Leather Or Similar Industries, N.E.S.",p24.d,Chemicals nec,1.0
380993,"Finishing Agents, Dye Carriers, Dressings, Etc. Used In The Textile, Paper, Leather Or Similar Industries, N.E.S.",p24.d,Chemicals nec,1.0
381010,"Pickling Preparations For Metal Surfaces; Fluxes And Other Products For Soldering, Etc.; Products As Cores Or Coatings For Welding Electrodes Or Rod",p24.d,Chemicals nec,1.0
381090,"Pickling Preparations For Metal Surfaces; Fluxes And Other Products For Soldering, Etc.; Products As Cores Or Coatings For Welding Electrodes Or Rod",p24.d,Chemicals nec,1.0
381111,Antiknock Preparations,p24.f,Additives/Blending Components,1.0
381119,Antiknock Preparations,p24.f,Additives/Blending Components,1.0
381121,Additives For Lubricating Oils,p24.f,Additives/Blending Components,1.0
381129,Additives For Lubricating Oils,p24.f,Additives/Blending Components,1.0
381190,"Additives For Other Liquids Used For The Same Purposes As Mineral Oils, N.E.S.",p24.f,Additives/Blending Components,1.0
381210,Prepared Rubber Accelerators,p24.f,Additives/Blending Components,1.0
381220,"Compound Plasticizers For Rubber Or Plastics, N.E.S.; Antioxidizers And Other Compound Stabilizers For Rubber Or Plastics",p24.f,Additives/Blending Components,1.0
381230,"Compound Plasticizers For Rubber Or Plastics, N.E.S.; Antioxidizers And Other Compound Stabilizers For Rubber Or Plastics",p24.f,Additives/Blending Components,1.0
381300,Preparations And Charges For Fire Extinguishers; Charged Fire Extinguishing Grenades,p24.f,Additives/Blending Components,1.0
381400,"Organic Composite Solvents And Thinners, N.E.S.; Prepared Paint Or Varnish Removers",p24.d,Chemicals nec,1.0
381511,Supported Catalysts With Nickel Or Nickel Compounds As Active Substances,p24.d,Chemicals nec,1.0
381512,Supported Catalysts With Precious Metal Or Precious Metal Compounds As Active Substances,p24.d,Chemicals nec,1.0
381519,"Supported Catalysts, N.E.S.",p24.d,Chemicals nec,1.0
381590,"Catalysts And Catalytic Preparations, N.E.S.",p24.d,Chemicals nec,1.0
381600,"Refractory Cements, Mortars, Concretes And Similar Compositions, N.E.S.",p24.d,Chemicals nec,1.0
381710,"Mixed Alkylbenzenes, N.E.S.",p24.d,Chemicals nec,1.0
381720,"Mixed Alkylnaphthalenes, N.E.S.",p24.d,Chemicals nec,1.0
381800,"Chemical Elements Doped For Use In Electronics, In Discs, Wafers Or Similar Forms; Chemical Compounds Doped For Use In Electronics",p24.d,Chemicals nec,1.0
381900,"Hydraulic Brake Fluids And Prepared Liquids For Hydraulic Transmissions, Containing Less Than 70% By Weight Of Petroleum Or Bituminous Mineral Oils",p24.d,Chemicals nec,1.0
382000,Antifreezing Preparations And Deicing Fluids,p24.d,Chemicals nec,1.0
382100,Prepared Culture Media For Development Of Micro,p24.d,Chemicals nec,1.0
382200,"Composite Diagnostic Or Laboratory Reagents, N.E.S.",p24.d,Chemicals nec,1.0
382311,Fatty Acids And Acid Oils From Refining Animal Or Vegetable Fatty Substances,p24.d,Chemicals nec,1.0
382312,Fatty Acids And Acid Oils From Refining Animal Or Vegetable Fatty Substances,p24.d,Chemicals nec,1.0
382313,Fatty Acids And Acid Oils From Refining Animal Or Vegetable Fatty Substances,p24.d,Chemicals nec,1.0
382319,Fatty Acids And Acid Oils From Refining Animal Or Vegetable Fatty Substances,p24.d,Chemicals nec,1.0
382370,"Fatty Alcohols, Industrial",p24.d,Chemicals nec,1.0
382410,"Chemical Products And Preparations, N.E.S.",p24.d,Chemicals nec,1.0
382420,"Chemical Products And Preparations, N.E.S.",p24.d,Chemicals nec,1.0
382430,"Chemical Products And Preparations, N.E.S.",p24.d,Chemicals nec,1.0
382440,"Prepared Additives For Cements, Mortars Or Concretes",p24.d,Chemicals nec,1.0
382450,Nonrefractory Mortars And Concretes,p24.d,Chemicals nec,1.0
382460,"Chemical Products And Preparations, N.E.S.",p24.d,Chemicals nec,1.0
382471,"Chemical Products And Preparations, N.E.S.",p24.d,Chemicals nec,1.0
382479,"Chemical Products And Preparations, N.E.S.",p24.d,Chemicals nec,1.0
382490,"Chemical Products And Preparations, N.E.S.",p24.d,Chemicals nec,1.0
390110,"Polyethylene, Having A Specific Gravity Of Less Than 0.94, In Primary Forms",p24.a,"Plastics, basic",1.0
390120,"Polyethylene, Having A Specific Gravity Of 0.94 Or More, In Primary Forms",p24.a,"Plastics, basic",1.0
390130,Ethylene,p24.a,"Plastics, basic",1.0
390190,"Polymers Of Ethylene, N.E.S., In Primary Forms",p24.a,"Plastics, basic",1.0
390210,"Polypropylene, In Primary Forms",p24.a,"Plastics, basic",1.0
390220,"Polyisobutylene, In Primary Forms",p24.a,"Plastics, basic",1.0
390230,"Propylene Copolymers, In Primary Forms",p24.a,"Plastics, basic",1.0
390290,"Polymers Of Olefins, N.E.S., In Primary Forms",p24.a,"Plastics, basic",1.0
390311,"Polystyrene, Expansible, In Primary Forms",p24.a,"Plastics, basic",1.0
390319,"Polystyrene, Other Than Expansible, In Primary Forms",p24.a,"Plastics, basic",1.0
390320,Styrene,p24.a,"Plastics, basic",1.0
390330,Acrylonitrile,p24.a,"Plastics, basic",1.0
390390,"Styrene Polymers, N.E.S., In Primary Forms",p24.a,"Plastics, basic",1.0
390410,"Polyvinyl Chloride, Not Mixed With Other Substances, In Primary Forms",p24.a,"Plastics, basic",1.0
390421,"Polyvinyl Chloride, Mixed With Other Substances, Nonplasticized, In Primary Forms",p24.a,"Plastics, basic",1.0
390422,"Polyvinyl Chloride, Mixed With Other Substances, Plasticized, In Primary Forms",p24.a,"Plastics, basic",1.0
390430,Vinyl Chloride,p24.a,"Plastics, basic",1.0
390440,"Vinyl Chloride Copolymers, N.E.S., In Primary Forms",p24.a,"Plastics, basic",1.0
390450,"Vinylidene Chloride Polymers, In Primary Forms",p24.a,"Plastics, basic",1.0
390461,Fluoro,p24.a,"Plastics, basic",1.0
390469,Fluoro,p24.a,"Plastics, basic",1.0
390490,"Polymers Of Vinyl Chloride Or Other Halogenated Olefins, N.E.S., In Primary Forms",p24.a,"Plastics, basic",1.0
390512,"Polymers Of Vinyl Acetate, In Primary Forms",p24.a,"Plastics, basic",1.0
390519,"Polymers Of Vinyl Acetate, In Primary Forms",p24.a,"Plastics, basic",1.0
390521,"Polymers Of Vinyl Acetate, In Primary Forms",p24.a,"Plastics, basic",1.0
390529,"Polymers Of Vinyl Acetate, In Primary Forms",p24.a,"Plastics, basic",1.0
390530,"Polymers Of Vinyl Esters Other Than Vinyl Acetate; Other Vinyl Polymers, N.E.S., In Primary Forms",p24.a,"Plastics, basic",1.0
390591,"Polymers Of Vinyl Esters Other Than Vinyl Acetate; Other Vinyl Polymers, N.E.S., In Primary Forms",p24.a,"Plastics, basic",1.0
390599,"Polymers Of Vinyl Esters Other Than Vinyl Acetate; Other Vinyl Polymers, N.E.S., In Primary Forms",p24.a,"Plastics, basic",1.0
390610,"Polymethyl Methacrylate, In Primary Forms",p24.a,"Plastics, basic",1.0
390690,"Acrylic Polymers, Other Than Polymethyl Methacrylate, In Primary Forms",p24.a,"Plastics, basic",1.0
390710,"Polyacetals, In Primary Forms",p24.a,"Plastics, basic",1.0
390720,"Polyether Resins, Other Than Polyacetals, In Primary Forms",p24.a,"Plastics, basic",1.0
390730,"Epoxide Resins, In Primary Forms",p24.a,"Plastics, basic",1.0
390740,"Polycarbonates, In Primary Forms",p24.a,"Plastics, basic",1.0
390750,"Alkyd Resins, In Primary Forms",p24.a,"Plastics, basic",1.0
390760,"Polyethylene Terephthalate, In Primary Forms",p24.a,"Plastics, basic",1.0
390791,"Polyesters In Primary Forms, N.E.S., Unsaturated",p24.a,"Plastics, basic",1.0
390799,"Polyesters In Primary Forms, N.E.S., Saturated",p24.a,"Plastics, basic",1.0
390810,Polyamide,p24.a,"Plastics, basic",1.0
390890,"Polyamides, N.E.S., In Primary Forms",p24.a,"Plastics, basic",1.0
390910,"Urea Resins; Thiourea Resins, In Primary Forms",p24.a,"Plastics, basic",1.0
390920,"Melamine Resins, In Primary Forms",p24.a,"Plastics, basic",1.0
390930,Amino,p24.a,"Plastics, basic",1.0
390940,"Phenolic Resins, In Primary Forms",p24.a,"Plastics, basic",1.0
390950,"Polyurethanes, In Primary Forms",p24.a,"Plastics, basic",1.0
391000,Silicones In Primary Forms,p24.a,"Plastics, basic",1.0
391110,"Petroleum Resins, Coumarone",p24.a,"Plastics, basic",1.0
391190,"Petroleum Resins, Coumarone",p24.a,"Plastics, basic",1.0
391211,"Cellulose Acetates, Nonplasticised, In Primary Forms",p24.a,"Plastics, basic",1.0
391212,"Cellulose Acetates, Plasticised, In Primary Forms",p24.a,"Plastics, basic",1.0
391220,"Cellulose Nitrates (Including Collodions), In Primary Forms",p24.a,"Plastics, basic",1.0
391231,"Cellulose Ethers, In Primary Forms",p24.a,"Plastics, basic",1.0
391239,"Cellulose Ethers, In Primary Forms",p24.a,"Plastics, basic",1.0
391290,"Cellulose And Its Chemical Derivatives, N.E.S., In Primary Forms",p24.a,"Plastics, basic",1.0
391310,"Alginic Acid, Its Salts And Esters, In Primary Forms",p24.a,"Plastics, basic",1.0
391390,"Natural Polymers And Modified Natural Polymers (Hardened Proteins, Chemical Derivatives Of Natural Rubber, Etc.), N.E.S., In Primary Forms",p24.a,"Plastics, basic",1.0
391400,Ion,p24.a,"Plastics, basic",1.0
440130,"3928dust And Wood Waste And Scrap, Whether Or Not Agglomerated In Logs, Briquettes, Pellets Or Similar Forms""",p20,Wood and products of wood and cork (except furniture); articles of straw and plaiting materials (20),1.0
470710,3924e And Scrap Of Unbleached Kraft Paper Or Paperboard Or Of Corrugated Paper Of Paperboard,p21.1,Pulp,1.0
470720,"3924te And Scrap Of Other Paper Of Paperboard Made Mainly Of Bleached Chemical Pulp, Not Colored In The Mass""",p21.1,Pulp,1.0
470730,"3924te And Scrap Of Paper Of Paperboard Made Mainly Of Mechanical Pulp (E.G., Newspapers, Journals And Similar Printed Matter)""",p21.1,Pulp,1.0
391610,Monofilament With A Cross,p25,Rubber and plastic products (25),1.0
391620,Monofilament With A Cross,p25,Rubber and plastic products (25),1.0
391690,Monofilament With A Cross,p25,Rubber and plastic products (25),1.0
391710,Artificial Guts (Sausage Casings) Of Hardened Protein Or Cellulosic Materials,p25,Rubber and plastic products (25),1.0
391721,"Rigid Tubes, Pipes And Hoses Of Plastics",p25,Rubber and plastic products (25),1.0
391722,"Rigid Tubes, Pipes And Hoses Of Plastics",p25,Rubber and plastic products (25),1.0
391723,"Rigid Tubes, Pipes And Hoses Of Plastics",p25,Rubber and plastic products (25),1.0
391729,"Rigid Tubes, Pipes And Hoses Of Plastics",p25,Rubber and plastic products (25),1.0
391731,"Flexible Tubes, Pipes And Hoses Of Plastics, Having A Minimum Burst Pressure Of 27.6 Mpa",p25,Rubber and plastic products (25),1.0
391732,"Tubes, Pipes And Hoses, N.E.S. Of Plastics, Not Reinforced Or Otherwise Combined With Other Materials, Without Fittings",p25,Rubber and plastic products (25),1.0
391733,"Tubes, Pipes And Hoses, N.E.S. Of Plastics, Not Reinforced Or Otherwise Combined With Other Materials, With Fittings",p25,Rubber and plastic products (25),1.0
391739,"Tubes, Pipes And Hoses Of Plastics, N.E.S.",p25,Rubber and plastic products (25),1.0
391740,"Fittings Of Plastics, For Tubes, Pipes And Hoses (Including Joints, Elbows And Flanges)",p25,Rubber and plastic products (25),1.0
391810,"Floor Coverings Of Plastics, Whether Or Not Self",p25,Rubber and plastic products (25),1.0
391890,"Floor Coverings Of Plastics, Whether Or Not Self",p25,Rubber and plastic products (25),1.0
391910,"Plates, Sheets, Film, Foil, Tape And Other Flat Shapes Of Plastics, Self",p25,Rubber and plastic products (25),1.0
391990,"Plates, Sheets, Film, Foil, Tape And Other Flat Shapes Of Plastics, Self",p25,Rubber and plastic products (25),1.0
392010,"Plates, Sheets, Film, Foil And Strip Of Polymers Of Ethylene, Not Self",p25,Rubber and plastic products (25),1.0
392020,"Plates, Sheets, Film, Foil And Strip Of Polymers Of Propylene, Not Self",p25,Rubber and plastic products (25),1.0
392030,"Plates, Sheets, Film, Foil And Strip Of Polymers Of Styrene, Not Self",p25,Rubber and plastic products (25),1.0
392041,"Plates, Sheets, Film, Foil And Strip Of Vinyl Chloride Polymers, Not Self",p25,Rubber and plastic products (25),1.0
392042,"Plates, Sheets, Film, Foil And Strip Of Vinyl Chloride Polymers, Not Self",p25,Rubber and plastic products (25),1.0
392051,"Plates, Sheets, Film, Foil And Strip Of Acrylic Polymers, Not Self",p25,Rubber and plastic products (25),1.0
392059,"Plates, Sheets, Film, Foil And Strip Of Acrylic Polymers, Not Self",p25,Rubber and plastic products (25),1.0
392061,"Plates, Sheets, Film, Foil And Strip Of Polycarbonates, Alkyd Resins Or Other Polyesters, Not Self",p25,Rubber and plastic products (25),1.0
392062,"Plates, Sheets, Film, Foil And Strip Of Polycarbonates, Alkyd Resins Or Other Polyesters, Not Self",p25,Rubber and plastic products (25),1.0
392063,"Plates, Sheets, Film, Foil And Strip Of Polycarbonates, Alkyd Resins Or Other Polyesters, Not Self",p25,Rubber and plastic products (25),1.0
392069,"Plates, Sheets, Film, Foil And Strip Of Polycarbonates, Alkyd Resins Or Other Polyesters, Not Self",p25,Rubber and plastic products (25),1.0
392071,"Plates, Sheets, Film, Foil And Strip Of Cellulose Or Its Chemical Derivatives, N.E.S., Not Self",p25,Rubber and plastic products (25),1.0
392072,"Plates, Sheets, Film, Foil And Strip Of Vulcanized Fiber, Not Self",p25,Rubber and plastic products (25),1.0
392073,"Plates, Sheets, Film, Foil And Strip Of Cellulose Or Its Chemical Derivatives, N.E.S., Not Self",p25,Rubber and plastic products (25),1.0
392079,"Plates, Sheets, Film, Foil And Strip Of Cellulose Or Its Chemical Derivatives, N.E.S., Not Self",p25,Rubber and plastic products (25),1.0
392091,"Plates, Sheets, Film, Foil And Strip Of Plastics, N.Es., Noncellular, Not Self",p25,Rubber and plastic products (25),1.0
392092,"Plates, Sheets, Film, Foil And Strip Of Plastics, N.Es., Noncellular, Not Self",p25,Rubber and plastic products (25),1.0
392093,"Plates, Sheets, Film, Foil And Strip Of Plastics, N.Es., Noncellular, Not Self",p25,Rubber and plastic products (25),1.0
392094,"Plates, Sheets, Film, Foil And Strip Of Plastics, N.Es., Noncellular, Not Self",p25,Rubber and plastic products (25),1.0
392099,"Plates, Sheets, Film, Foil And Strip Of Plastics, N.Es., Noncellular, Not Self",p25,Rubber and plastic products (25),1.0
392111,"Plates, Sheets, Film, Foil And Strip Of Plastics, N.E.S., Cellular",p25,Rubber and plastic products (25),1.0
392112,"Plates, Sheets, Film, Foil And Strip Of Plastics, N.E.S., Cellular",p25,Rubber and plastic products (25),1.0
392113,"Plates, Sheets, Film, Foil And Strip Of Plastics, N.E.S., Cellular",p25,Rubber and plastic products (25),1.0
392114,"Plates, Sheets, Film, Foil And Strip Of Plastics, N.E.S., Cellular",p25,Rubber and plastic products (25),1.0
392119,"Plates, Sheets, Film, Foil And Strip Of Plastics, N.E.S., Cellular",p25,Rubber and plastic products (25),1.0
392190,"Plates, Sheets, Film, Foil And Strip Of Plastics, N.E.S., Noncellular",p25,Rubber and plastic products (25),1.0
392210,"Baths, Shower Baths, Washbasins, Bidets, Lavatory Pans, Seats And Covers, Flushing Cisterns And Similar Sanitary Ware, Of Plastics",p25,Rubber and plastic products (25),1.0
392220,"Baths, Shower Baths, Washbasins, Bidets, Lavatory Pans, Seats And Covers, Flushing Cisterns And Similar Sanitary Ware, Of Plastics",p25,Rubber and plastic products (25),1.0
392290,"Baths, Shower Baths, Washbasins, Bidets, Lavatory Pans, Seats And Covers, Flushing Cisterns And Similar Sanitary Ware, Of Plastics",p25,Rubber and plastic products (25),1.0
392310,"Articles For The Conveyance Or Packing Of Goods, N.E.S., Of Plastics; Stoppers, Lids, Caps And Other Closures, Of Plastics",p25,Rubber and plastic products (25),1.0
392321,Sacks And Bags (Including Cones) Of Plastics,p25,Rubber and plastic products (25),1.0
392329,Sacks And Bags (Including Cones) Of Plastics,p25,Rubber and plastic products (25),1.0
392330,"Articles For The Conveyance Or Packing Of Goods, N.E.S., Of Plastics; Stoppers, Lids, Caps And Other Closures, Of Plastics",p25,Rubber and plastic products (25),1.0
392340,"Articles For The Conveyance Or Packing Of Goods, N.E.S., Of Plastics; Stoppers, Lids, Caps And Other Closures, Of Plastics",p25,Rubber and plastic products (25),1.0
392350,"Articles For The Conveyance Or Packing Of Goods, N.E.S., Of Plastics; Stoppers, Lids, Caps And Other Closures, Of Plastics",p25,Rubber and plastic products (25),1.0
392390,"Articles For The Conveyance Or Packing Of Goods, N.E.S., Of Plastics; Stoppers, Lids, Caps And Other Closures, Of Plastics",p25,Rubber and plastic products (25),1.0
392410,"Tableware, Kitchenware, Other Household Articles And Toilet Articles Of Plastics",p25,Rubber and plastic products (25),1.0
392490,"Tableware, Kitchenware, Other Household Articles And Toilet Articles Of Plastics",p25,Rubber and plastic products (25),1.0
392510,"Builders Ware Of Plastics, N.E.S.",p25,Rubber and plastic products (25),1.0
392520,"Builders Ware Of Plastics, N.E.S.",p25,Rubber and plastic products (25),1.0
392530,"Builders Ware Of Plastics, N.E.S.",p25,Rubber and plastic products (25),1.0
392590,"Builders Ware Of Plastics, N.E.S.",p25,Rubber and plastic products (25),1.0
392610,Office Or School Supplies Of Plastics,p25,Rubber and plastic products (25),1.0
392620,"Articles Of Apparel And Clothing Accessories, Of Plastics",p25,Rubber and plastic products (25),1.0
392630,"Fittings For Furniture, Coachwork Or The Like Of Plastics",p25,Rubber and plastic products (25),1.0
392640,"Articles Of Plastics, N.E.S.",p25,Rubber and plastic products (25),1.0
392690,"Articles Of Plastics, N.E.S.",p25,Rubber and plastic products (25),1.0
400110,"Natural Rubber Latex, Whether Or Not Prevulcanized",p01.h,Crops nec,1.0
400121,Smoked Sheets Of Natural Rubber,p01.h,Crops nec,1.0
400122,"Technically Specified Natural Rubber (Tsnr), In Primary Forms Or In Plates, Etc.",p01.h,Crops nec,1.0
400129,"Natural Rubber (Other Than Latex) N.E.S., In Primary Forms Or In Plates, Etc.",p01.h,Crops nec,1.0
400130,"Balata, Gutta",p02,"Products of forestry, logging and related services (02)",1.0
400211,Styrene,p24.d,Chemicals nec,1.0
400219,Styrene,p24.d,Chemicals nec,1.0
400220,"Butadiene Rubber (Br), In Primary Forms, Etc.",p24.d,Chemicals nec,1.0
400231,Isobutene,p24.d,Chemicals nec,1.0
400239,Isobutene,p24.d,Chemicals nec,1.0
400241,"Chloroprene (Chlorobutadiene) Rubber (Cr), In Primary Forms, Etc.",p24.d,Chemicals nec,1.0
400249,"Chloroprene (Chlorobutadiene) Rubber (Cr), In Primary Forms, Etc.",p24.d,Chemicals nec,1.0
400251,Acrylonitrile,p24.d,Chemicals nec,1.0
400259,Acrylonitrile,p24.d,Chemicals nec,1.0
400260,"Isoprene Rubber (Ir), In Primary Forms, Etc.",p24.d,Chemicals nec,1.0
400270,Ethylene,p24.d,Chemicals nec,1.0
400280,"Mixtures Of Natural Rubber Or Gums (Of Group 231) With Synthetic Rubber Products (Of Heading 232.1), In Primary Forms, Etc.",p24.d,Chemicals nec,1.0
400291,"Synthetic Rubber And Factice Derived From Oils, N.E.S., In Primary Forms, Etc.",p24.d,Chemicals nec,1.0
400299,"Synthetic Rubber And Factice Derived From Oils, N.E.S., In Primary Forms, Etc.",p24.d,Chemicals nec,1.0
400300,"Reclaimed Rubber In Primary Forms Or In Plates, Sheets Or Strip",p25,Rubber and plastic products (25),1.0
400400,"3925te, Pairings And Scrap Of Unhardened Rubber And Powders And Granules Obtained Therefrom""",p25,Rubber and plastic products (25),1.0
400510,"Compounded Rubber, Compounded With Carbon Black Or Silica, Unvulconized, In Primary Forms Or In Plates, Sheets Or Strip",p25,Rubber and plastic products (25),1.0
400520,"Compounded Rubber, Unvulcanized, Solutions; Dispersions (Other Than Those Compounded With Carbon Black Or Silica)",p25,Rubber and plastic products (25),1.0
400591,"Compounded Rubber, N.E.S., Unvulcanized, In Primary Forms Or In Plates, Sheets Or Strip",p25,Rubber and plastic products (25),1.0
400599,"Compounded Rubber, N.E.S., Unvulcanized, In Primary Forms Or In Plates, Sheets Or Strip",p25,Rubber and plastic products (25),1.0
400610,Rubber Camel,p25,Rubber and plastic products (25),1.0
400690,"Unvulcanized Rubber Forms And Articles, N.E.S.",p25,Rubber and plastic products (25),1.0
400700,Vulcanized Rubber Thread And Cord,p25,Rubber and plastic products (25),1.0
400811,"Plates, Sheets, Strip, Rods And Profile Shapes Of Unhardened Vulcanized Cellular Rubber",p25,Rubber and plastic products (25),1.0
400819,"Plates, Sheets, Strip, Rods And Profile Shapes Of Unhardened Vulcanized Cellular Rubber",p25,Rubber and plastic products (25),1.0
400821,"Plates, Sheets, Strip, Rods And Profile Shapes Of Unhardened Vulcanized Noncellular Rubber",p25,Rubber and plastic products (25),1.0
400829,"Plates, Sheets, Strip, Rods And Profile Shapes Of Unhardened Vulcanized Noncellular Rubber",p25,Rubber and plastic products (25),1.0
400910,"Tubes, Pipes And Hoses Of Unhardened Vulcanized Rubber, Not Reinforced, Etc., Without Fittings",p25,Rubber and plastic products (25),1.0
400920,"Tubes, Pipes And Hoses Of Unhardened Vulcanized Rubber, Reinforced, Etc. With Metal, No Fittings",p25,Rubber and plastic products (25),1.0
400930,"Tubes, Pipes And Hoses Of Unhardened Vulcanized Rubber, Reinforced, Etc. With Textiles, Without Fittings",p25,Rubber and plastic products (25),1.0
400940,"Tubes, Pipes And Hoses Of Unhardened Vulcanized Rubber, Reinforced Or Combined With Materials Other Than Metal Or Textiles, Without Fittings",p25,Rubber and plastic products (25),1.0
400950,"Tubes, Pipes And Hoses Of Unhardened Vulcanized Rubber (Reinforced Or Not), With Fittings",p25,Rubber and plastic products (25),1.0
401011,Vulc.rubber belting,p25,Rubber and plastic products (25),1.0
401012,Vulc.rubber belting,p25,Rubber and plastic products (25),1.0
401013,Vulc.rubber belting,p25,Rubber and plastic products (25),1.0
401019,Vulc.rubber belting,p25,Rubber and plastic products (25),1.0
401021,Vulc.rubber belting,p25,Rubber and plastic products (25),1.0
401022,Vulc.rubber belting,p25,Rubber and plastic products (25),1.0
401023,Vulc.rubber belting,p25,Rubber and plastic products (25),1.0
401024,Vulc.rubber belting,p25,Rubber and plastic products (25),1.0
401029,Vulc.rubber belting,p25,Rubber and plastic products (25),1.0
401110,"New Pneumatic Rubber Tires, Of A Kind Used On Motor Cars (Including Station Wagons And Racing Cars)",p25,Rubber and plastic products (25),1.0
401120,"New Pneumatic Rubber Tires, Of A Kind Used On Buses And Trucks",p25,Rubber and plastic products (25),1.0
401130,"New Pneumatic Rubber Tires, Of A Kind Used On Aircraft",p25,Rubber and plastic products (25),1.0
401140,"New Pneumatic Rubber Tires, Of A Kind Used On Motorcycles",p25,Rubber and plastic products (25),1.0
401150,"New Pneumatic Rubber Tires, Of A Kind Used On Bicycles",p25,Rubber and plastic products (25),1.0
401191,"New Pneumatic Rubber Tires, N.E.S., Having A Herring",p25,Rubber and plastic products (25),1.0
401199,"New Pneumatic Rubber Tires, N.E.S.",p25,Rubber and plastic products (25),1.0
401210,Retreaded Rubber Tires,p25,Rubber and plastic products (25),1.0
401220,3926 Pneumatic Rubber Tires,p25,Rubber and plastic products (25),1.0
401290,"Solid Or Cushion Rubber Tires, Interchangeable Treads And Tire Flaps",p25,Rubber and plastic products (25),1.0
401310,Rubber Inner Tubes For Tires,p25,Rubber and plastic products (25),1.0
401320,Rubber Inner Tubes For Tires,p25,Rubber and plastic products (25),1.0
401390,Rubber Inner Tubes For Tires,p25,Rubber and plastic products (25),1.0
401410,"Sheath Contraceptives, Of Rubber",p25,Rubber and plastic products (25),1.0
401490,"Hygenic Or Pharmaceutical Articles, N.E.S. Of Unhardened Vulcanized Rubber, With Or Without Fittings Of Hard Rubber",p25,Rubber and plastic products (25),1.0
401511,Rubber Gloves,p25,Rubber and plastic products (25),1.0
401519,Rubber Gloves,p25,Rubber and plastic products (25),1.0
401590,"Articles Of Apparel And Clothing Accessories For All Purposes, Of Vulcanized Rubber (Other Than Hard Rubber), N.E.S.",p25,Rubber and plastic products (25),1.0
401610,"Articles Of Unhardened Cellular Vulcanized Rubber, N.E.S.",p25,Rubber and plastic products (25),1.0
401691,"Articles Of Unhardened Noncellular Vulcanized Rubber, N.E.S.",p25,Rubber and plastic products (25),1.0
401692,"Articles Of Unhardened Noncellular Vulcanized Rubber, N.E.S.",p25,Rubber and plastic products (25),1.0
401693,"Articles Of Unhardened Noncellular Vulcanized Rubber, N.E.S.",p25,Rubber and plastic products (25),1.0
401694,"Articles Of Unhardened Noncellular Vulcanized Rubber, N.E.S.",p25,Rubber and plastic products (25),1.0
401695,"Articles Of Unhardened Noncellular Vulcanized Rubber, N.E.S.",p25,Rubber and plastic products (25),1.0
401699,"Articles Of Unhardened Noncellular Vulcanized Rubber, N.E.S.",p25,Rubber and plastic products (25),1.0
401700,"Hard Rubber (For Example, Ebonite), In All Forms, Including Waste And Scrap; Articles Of Hard Rubber",p25,Rubber and plastic products (25),1.0
410110,"Whole Bovine Hides And Skins, Weighing Per Skin Not Over 8 Kg Dried, Or 10 Kg Dry",p15.i,Food products nec,1.0
410121,"Hides And Skins (Excluding Those Of Heading 211.2) Of Bovine Animals, Fresh Or Wet",p15.i,Food products nec,1.0
410122,"Hides And Skins (Excluding Those Of Heading 211.2) Of Bovine Animals, Fresh Or Wet",p15.i,Food products nec,1.0
410129,"Hides And Skins (Excluding Those Of Heading 211.2) Of Bovine Animals, Fresh Or Wet",p15.i,Food products nec,1.0
410130,"Hides And Skins Of Bovine Animals, N.E.S., Otherwise Preserved",p15.i,Food products nec,1.0
410140,"Hides And Skins Of Equine Animals, Raw, Whether Or Not Dehaired Or Split",p15.i,Food products nec,1.0
410210,"Sheep And Lamb Skins (Except Of Astrakhan, Broadtail, Caracul, Persian, Etc. Lambs, Indian, Chinese, Mongolian Or Tibetan Lambs) With Wool On, Raw",p15.i,Food products nec,1.0
410221,"Sheep And Lamb Skins Without Wool On, Raw (Fresh, Salted, Dried, Etc.), Wh Ether Or Not Split",p15.i,Food products nec,1.0
410229,"Sheep And Lamb Skins Without Wool On, Raw (Fresh, Salted, Dried, Etc.), Wh Ether Or Not Split",p15.i,Food products nec,1.0
410310,"Goat And Kid Skins (Except Yemen, Mongolian Or Tibetan Goat Or Kid Skins), Raw (Fresh, Salted, Dried, Etc.), Whether Or Not Dehaired Or Split",p15.i,Food products nec,1.0
410320,"Hides And Skins, N.E.S., Raw (Fresh, Salted, Dried, Etc.) Whether Or Not Dehaired Or Split",p01.m,Animal products nec,1.0
410390,"Hides And Skins, N.E.S., Raw (Fresh, Salted, Dried, Etc.) Whether Or Not Dehaired Or Split",p01.m,Animal products nec,1.0
410410,"Whole Bovine Skin Leather (Without Hair), With A Surface Area Not Over 28 Sq. Ft, (2,6 M2), Not Specially Dressed Or Finished",p19,Leather and leather products (19),1.0
410421,"Bovine Leather N.E.S. And Equine Leather (Without Hair), Tanned Or Retanned But Not Further Prepared, Whether Or Not Split",p19,Leather and leather products (19),1.0
410422,"Bovine Leather N.E.S. And Equine Leather (Without Hair), Tanned Or Retanned But Not Further Prepared, Whether Or Not Split",p19,Leather and leather products (19),1.0
410429,"Bovine Leather N.E.S. And Equine Leather (Without Hair), Tanned Or Retanned But Not Further Prepared, Whether Or Not Split",p19,Leather and leather products (19),1.0
410431,"Bovine Leather N.E.S. And Equine Leather (Without Hair), Parchment",p19,Leather and leather products (19),1.0
410439,"Bovine Leather N.E.S. And Equine Leather (Without Hair), Parchment",p19,Leather and leather products (19),1.0
410511,"Sheep Or Lamb Skin Leather (Without Wool), Tanned Or Retanned But Not Further Prepared, Whether Or Not Split",p19,Leather and leather products (19),1.0
410512,"Sheep Or Lamb Skin Leather (Without Wool), Tanned Or Retanned But Not Further Prepared, Whether Or Not Split",p19,Leather and leather products (19),1.0
410519,"Sheep Or Lamb Skin Leather (Without Wool), Tanned Or Retanned But Not Further Prepared, Whether Or Not Split",p19,Leather and leather products (19),1.0
410520,"Sheep Or Lamb Skin Leather (Without Wool), Parchment",p19,Leather and leather products (19),1.0
410611,"Goat Or Kidskin Leather (Without Hair), Tanned Or Retanned But Not Further Prepared, Whether Or Not Split",p19,Leather and leather products (19),1.0
410612,"Goat Or Kidskin Leather (Without Hair), Tanned Or Retanned But Not Further Prepared, Whether Or Not Split",p19,Leather and leather products (19),1.0
410619,"Goat Or Kidskin Leather (Without Hair), Tanned Or Retanned But Not Further Prepared, Whether Or Not Split",p19,Leather and leather products (19),1.0
410620,"Goat Or Kidskin Leather (Without Hair), Parchment",p19,Leather and leather products (19),1.0
410710,"Swine Leather (Without Hair), Not Specially Dressed Or Finished",p19,Leather and leather products (19),1.0
410721,"Reptile Leather, Not Specially Dressed Or Finished",p19,Leather and leather products (19),1.0
410729,"Reptile Leather, Not Specially Dressed Or Finished",p19,Leather and leather products (19),1.0
410790,"Leather Of Animals, N.E.S. (Without Hair), Not Specially Dressed Or Finished",p19,Leather and leather products (19),1.0
410800,Chamois (Including Combination Chamois) Leather,p19,Leather and leather products (19),1.0
410900,Patent Leather And Patent Laminated Leather; Metallized Leather,p19,Leather and leather products (19),1.0
411000,"3922ings And Other Waste Of Leather Or Composition Leather, Not Suitable For The Manufacture Of Leather Articles; Leather Dust, Powder And Flour""",p19,Leather and leather products (19),1.0
411100,"Composition Leather With A Leather Or Leather Fiber Base, In Slabs, Sheets Or Strip",p19,Leather and leather products (19),1.0
420100,"Saddlery And Harness For Any Animal (Including Leads, Muzzles, Saddle Cloths And Bags, Dog Coats, Etc.), Of Any Material",p19,Leather and leather products (19),1.0
420211,"Trunks, Suitcases, Vanity Cases, Executive Cases, Briefcases, School Satchels Etc., With Outer Surface Of Leather, Or Of Composition Or Patent Leath",p19,Leather and leather products (19),1.0
420212,"Trunks, Suitcases, Vanity Cases, Executive Cases, Briefcases, School Satchels Etc., With Outer Surface Of Plastics Or Of Textile Materials",p19,Leather and leather products (19),1.0
420219,"Trunks, Suitcases, Vanity Cases, Executive Cases, Briefcases, School Satchels Etc., With Outer Surface Of Materials, N.E.S.",p19,Leather and leather products (19),1.0
420221,"Handbags, Outer Surface Of Leather, Of Composition Leather Or Of Patent Leather",p19,Leather and leather products (19),1.0
420222,Handbags With Outer Surface Of Sheeting Of Plastics Or Of Textile Materials,p19,Leather and leather products (19),1.0
420229,"Handbags, N.E.S.",p19,Leather and leather products (19),1.0
420231,Articles (Wallets And Other Cases) Of A Kind Normally Carried In The Pocket Or Handbag,p19,Leather and leather products (19),1.0
420232,Articles (Wallets And Other Cases) Of A Kind Normally Carried In The Pocket Or Handbag,p19,Leather and leather products (19),1.0
420239,Articles (Wallets And Other Cases) Of A Kind Normally Carried In The Pocket Or Handbag,p19,Leather and leather products (19),1.0
420291,"Binocular Cases, Camera Cases, Musical Instrument Cases, Etc. Of Leather, Plastic Sheeting, Textiles, Etc., N.E.S.",p19,Leather and leather products (19),1.0
420292,"Binocular Cases, Camera Cases, Musical Instrument Cases, Etc. Of Leather, Plastic Sheeting, Textiles, Etc., N.E.S.",p19,Leather and leather products (19),1.0
420299,"Binocular Cases, Camera Cases, Musical Instrument Cases, Etc. Of Leather, Plastic Sheeting, Textiles, Etc., N.E.S.",p19,Leather and leather products (19),1.0
420310,Articles Of Apparel Of Leather Or Composition Leather,p18,Wearing apparel; furs (18),1.0
420321,"Gloves, Mittens And Mitts, Of Leather Or Composition Leather, Specially Designed For Use In Sports",p36,Furniture; other manufactured goods n.e.c. (36),1.0
420329,"Gloves, Mittens, And Mitts, Of Leather Or Composition Leather, Not Designed For Use In Sports",p18,Wearing apparel; furs (18),1.0
420330,Belts And Bandoliers Of Leather Or Composition Leather,p18,Wearing apparel; furs (18),1.0
420340,"Clothing Accessories Of Leather Or Of Composition Leather, N.E.S.",p18,Wearing apparel; furs (18),1.0
420400,Articles Of Leather Or Composition Leather Used In Machinery Or Mechanical Appliances Or For Other Technical Uses,p19,Leather and leather products (19),1.0
420500,"Articles Of Leather Or Of Composition Leather, N.E.S.",p19,Leather and leather products (19),1.0
420610,"Articles Of Gut (Other Than Silkworm Gut), Of GoldbeaterS Skin, Of Bladders Or Of Tendons",p36,Furniture; other manufactured goods n.e.c. (36),1.0
420690,"Articles Of Gut (Other Than Silkworm Gut), Of GoldbeaterS Skin, Of Bladders Or Of Tendons",p36,Furniture; other manufactured goods n.e.c. (36),1.0
430110,"Mink Skins, Raw, Whole, With Or Without Head, Tail Or Paws",p01.m,Animal products nec,1.0
430120,"Rabbit Or Hare Furskins, Whole, Raw, With Or Without Head, Tail Or Paws",p01.m,Animal products nec,1.0
430130,"Lamb Furskins (Astrakhan, Broadtail, Caracul, Persian And Similar Lamb, Indian, Chinese, Mongolian Or Tibetan Lamb), Whole, Raw",p01.m,Animal products nec,1.0
430140,"Beaver Furskins, Whole, Raw, With Or Without Head, Tail Or Paws",p01.m,Animal products nec,1.0
430150,"Muskrat Furskins, Whole, Raw, With Or Without Head, Tail Or Paws",p01.m,Animal products nec,1.0
430160,"Fox Furskins, Whole, Raw, With Or Without Head, Tail Or Paws",p01.m,Animal products nec,1.0
430170,"Seal Furskins, Whole, Raw, With Or Without Head, Tail Or Paws",p01.m,Animal products nec,1.0
430180,"Furskins N.E.S., Whole, Raw, With Or Without Head, Tail Or Paws",p01.m,Animal products nec,1.0
430190,"Heads, Tails, Paws And Other Pieces Or Cuttings Of Furskins, Suitable For Furriers Use",p01.m,Animal products nec,1.0
430211,"Whole Mink Furskins, With Or Without Head, Tail Or Paws, Not Assembled",p18,Wearing apparel; furs (18),1.0
430212,"Whole Rabbit Or Hare Furskins, With Or Without Head, Tail Or Paws, Not Assembled",p18,Wearing apparel; furs (18),1.0
430213,"Whole Lamb Furskins: Astrakhan, Broadtail, Caracul, Persian, Etc., Indian, Chinese, Mongolian Or Tibetan, With Head, Tail Or Paws Or Not, Unassemble",p18,Wearing apparel; furs (18),1.0
430219,"Whole Furskins, N.E.S., With Or Without Head, Tail Or Paws, Not Assembled",p18,Wearing apparel; furs (18),1.0
430220,"Furskin Heads, Tails, Paws And Other Pieces Or Cuttings, Not Assembled",p18,Wearing apparel; furs (18),1.0
430230,"Whole Furskins And Furskin Pieces Or Cuttings, Assembled",p18,Wearing apparel; furs (18),1.0
430310,"Furskin Articles Of Apparel, Clothing Accessories And Other Articles Of Furskins, Except Headgear",p18,Wearing apparel; furs (18),1.0
430390,"Furskin Articles Of Apparel, Clothing Accessories And Other Articles Of Furskins, Except Headgear",p18,Wearing apparel; furs (18),1.0
430400,Artificial Fur And Articles Thereof,p18,Wearing apparel; furs (18),1.0
440110,"Fuel Wood, In Logs, In Billets, In Twigs, In Faggots Or In Similar Forms (Excluding Wood Waste)",p02,"Products of forestry, logging and related services (02)",1.0
440121,Coniferous Wood In Chips Or Particles,p20,Wood and products of wood and cork (except furniture); articles of straw and plaiting materials (20),1.0
440122,Nonconiferous Wood In Chips Or Particles,p20,Wood and products of wood and cork (except furniture); articles of straw and plaiting materials (20),1.0
470790,"3924te And Scrap Of Paper And Paperboard, N.E.S. (Including Unsorted Waste And Scrap)""",p21.1,Pulp,1.0
440200,"Wood Charcoal (Including Shell Or Nut Charcoal), Whether Or Not Agglomerat Ed",p24.e,Charcoal,1.0
440310,"Wood In The Rough (Whether Or Not Stripped Of Bark Or Sapwood) Or Roughly Squared, Treated With Paint, Stains Or Other Preservatives",p20,Wood and products of wood and cork (except furniture); articles of straw and plaiting materials (20),1.0
440320,"Coniferous Wood, In The Rough (Stripped Or Not Of Bark Or Sapwood), Or Roughly Squared, Untreated With Paint, Stain Or Other Preservative",p02,"Products of forestry, logging and related services (02)",1.0
440341,"Tropical Wood, Nonconiferous, In The Rough Or Roughly Squared, But Not Treated With Paint, Stains Or Preservatives",p02,"Products of forestry, logging and related services (02)",1.0
440349,"Tropical Wood, Nonconiferous, In The Rough Or Roughly Squared, But Not Treated With Paint, Stains Or Preservatives",p02,"Products of forestry, logging and related services (02)",1.0
440391,"Nonconiferous Wood, N.E.S., In The Rough Or Roughly Squared, But Not Treated With Paint, Stains Or Preservatives",p02,"Products of forestry, logging and related services (02)",1.0
440392,"Nonconiferous Wood, N.E.S., In The Rough Or Roughly Squared, But Not Treated With Paint, Stains Or Preservatives",p02,"Products of forestry, logging and related services (02)",1.0
440399,"Nonconiferous Wood, N.E.S., In The Rough Or Roughly Squared, But Not Treated With Paint, Stains Or Preservatives",p02,"Products of forestry, logging and related services (02)",1.0
440410,"Hoopwood; Split Poles, Piles, Pickets And Stakes Of Wood; Rough Wooden Sticks For Walking Sticks, Tool Handles, Etc.; Chipwood And Similar Strips Et",p02,"Products of forestry, logging and related services (02)",1.0
440420,"Hoopwood; Split Poles, Piles, Pickets And Stakes Of Wood; Rough Wooden Sticks For Walking Sticks, Tool Handles, Etc.; Chipwood And Similar Strips Et",p02,"Products of forestry, logging and related services (02)",1.0
440500,Wood Wool; Wood Flour,p20,Wood and products of wood and cork (except furniture); articles of straw and plaiting materials (20),1.0
440610,Railway Or Tramway Sleepers (Cross,p20,Wood and products of wood and cork (except furniture); articles of straw and plaiting materials (20),1.0
440690,Railway Or Tramway Sleepers (Cross,p20,Wood and products of wood and cork (except furniture); articles of straw and plaiting materials (20),1.0
440710,"Wood Of Coniferous Species, Sawn Or Chipped Lengthwise, Sliced Or Peeled, Whether Or Not Planed, Sanded Or Finger",p20,Wood and products of wood and cork (except furniture); articles of straw and plaiting materials (20),1.0
440724,"Wood Of Nonconiferous Species, Sawn Or Chipped Lengthwise, Sliced Or Peele D, Whether Or Not Planed, Sanded Or Finger",p20,Wood and products of wood and cork (except furniture); articles of straw and plaiting materials (20),1.0
440725,"Wood Of Nonconiferous Species, Sawn Or Chipped Lengthwise, Sliced Or Peele D, Whether Or Not Planed, Sanded Or Finger",p20,Wood and products of wood and cork (except furniture); articles of straw and plaiting materials (20),1.0
440726,"Wood Of Nonconiferous Species, Sawn Or Chipped Lengthwise, Sliced Or Peele D, Whether Or Not Planed, Sanded Or Finger",p20,Wood and products of wood and cork (except furniture); articles of straw and plaiting materials (20),1.0
440729,"Wood Of Nonconiferous Species, Sawn Or Chipped Lengthwise, Sliced Or Peele D, Whether Or Not Planed, Sanded Or Finger",p20,Wood and products of wood and cork (except furniture); articles of straw and plaiting materials (20),1.0
440791,"Wood Of Nonconiferous Species, Sawn Or Chipped Lengthwise, Sliced Or Peele D, Whether Or Not Planed, Sanded Or Finger",p20,Wood and products of wood and cork (except furniture); articles of straw and plaiting materials (20),1.0
440792,"Wood Of Nonconiferous Species, Sawn Or Chipped Lengthwise, Sliced Or Peele D, Whether Or Not Planed, Sanded Or Finger",p20,Wood and products of wood and cork (except furniture); articles of straw and plaiting materials (20),1.0
440799,"Wood Of Nonconiferous Species, Sawn Or Chipped Lengthwise, Sliced Or Peele D, Whether Or Not Planed, Sanded Or Finger",p20,Wood and products of wood and cork (except furniture); articles of straw and plaiting materials (20),1.0
440810,"Coniferous Veneer Sheets And Sheets For Plywood And Other Coniferous Wood Sawn Lengthwise, Etc., Not Over 6 Mm Thick",p20,Wood and products of wood and cork (except furniture); articles of straw and plaiting materials (20),1.0
440831,"Nonconiferous Veneer Sheets And Sheets For Plywood And Other Nonconiferous Wood Sawn Lengthwise, Etc., Not Over 6 Mm Thick",p20,Wood and products of wood and cork (except furniture); articles of straw and plaiting materials (20),1.0
440839,"Nonconiferous Veneer Sheets And Sheets For Plywood And Other Nonconiferous Wood Sawn Lengthwise, Etc., Not Over 6 Mm Thick",p20,Wood and products of wood and cork (except furniture); articles of straw and plaiting materials (20),1.0
440890,"Nonconiferous Veneer Sheets And Sheets For Plywood And Other Nonconiferous Wood Sawn Lengthwise, Etc., Not Over 6 Mm Thick",p20,Wood and products of wood and cork (except furniture); articles of straw and plaiting materials (20),1.0
440910,"Coniferous Wood (Including Strips Etc. For Parquet Flooring, Unassembled), Continuously Shaped (Grooved, Etc.) Along Any Of Its Edges Or Faces",p20,Wood and products of wood and cork (except furniture); articles of straw and plaiting materials (20),1.0
440920,"Nonconiferous Wood (Including Strips Etc. For Parquet Flooring, Unassembled) Continously Shaped (Grooved, Etc.) Along Any Of Its Edges Or Faces",p20,Wood and products of wood and cork (except furniture); articles of straw and plaiting materials (20),1.0
441011,"Particle Board And Similar Board Of Wood, Agglomerated Or Not",p20,Wood and products of wood and cork (except furniture); articles of straw and plaiting materials (20),1.0
441019,"Particle Board And Similar Board Of Wood, Agglomerated Or Not",p20,Wood and products of wood and cork (except furniture); articles of straw and plaiting materials (20),1.0
441090,"Particle Board And Similar Board Of Ligneous Material Other Than Wood, Agglomerated Or Not",p20,Wood and products of wood and cork (except furniture); articles of straw and plaiting materials (20),1.0
441111,"Fiberboard Of Wood Or Other Ligneous Materials, Of A Density Exceeding 0.80 G/Cm3",p20,Wood and products of wood and cork (except furniture); articles of straw and plaiting materials (20),1.0
441119,"Fiberboard Of Wood Or Other Ligneous Materials, Of A Density Exceeding 0.80 G/Cm3",p20,Wood and products of wood and cork (except furniture); articles of straw and plaiting materials (20),1.0
441121,"Fiberboard Of Wood Or Other Ligneous Materials, Of A Density Exceeding 0.50 G/Cm3 But Not Exceeding 0.80 G/Cm3",p20,Wood and products of wood and cork (except furniture); articles of straw and plaiting materials (20),1.0
441129,"Fiberboard Of Wood Or Other Ligneous Materials, Of A Density Exceeding 0.50 G/Cm3 But Not Exceeding 0.80 G/Cm3",p20,Wood and products of wood and cork (except furniture); articles of straw and plaiting materials (20),1.0
441131,"Fiberboard Of Wood Or Other Ligneous Materials, Of A Density Exceeding 0.35 G/Cm3 But Not Exceeding 0.50 G/Cm3",p20,Wood and products of wood and cork (except furniture); articles of straw and plaiting materials (20),1.0
441139,"Fiberboard Of Wood Or Other Ligneous Materials, Of A Density Exceeding 0.35 G/Cm3 But Not Exceeding 0.50 G/Cm3",p20,Wood and products of wood and cork (except furniture); articles of straw and plaiting materials (20),1.0
441191,"Fiberboard Of Wood Or Other Ligneous Material, N.E.S.",p20,Wood and products of wood and cork (except furniture); articles of straw and plaiting materials (20),1.0
441199,"Fiberboard Of Wood Or Other Ligneous Material, N.E.S.",p20,Wood and products of wood and cork (except furniture); articles of straw and plaiting materials (20),1.0
441213,Plywood With At Least One Outer Ply Of Tropical Or Nonconiferous Wood And Each Ply Not Over 6 Mm Thick,p20,Wood and products of wood and cork (except furniture); articles of straw and plaiting materials (20),1.0
441214,Plywood With At Least One Outer Ply Of Tropical Or Nonconiferous Wood And Each Ply Not Over 6 Mm Thick,p20,Wood and products of wood and cork (except furniture); articles of straw and plaiting materials (20),1.0
441219,"Plywood With Outer Plies Of Other Than Tropical Or Nonconiferous Wood, N.E.S. And Each Ply Not Over 6 Mm Thick",p20,Wood and products of wood and cork (except furniture); articles of straw and plaiting materials (20),1.0
441222,"Plywood, N.E.S., Veneered Panels And Similar Laminated Wood With At Least One Outer Ply Of Nonconiferous Wood",p20,Wood and products of wood and cork (except furniture); articles of straw and plaiting materials (20),1.0
441223,"Plywood, N.E.S., Veneered Panels And Similar Laminated Wood With At Least One Outer Ply Of Nonconiferous Wood",p20,Wood and products of wood and cork (except furniture); articles of straw and plaiting materials (20),1.0
441229,"Plywood, N.E.S., Veneered Panels And Similar Laminated Wood With At Least One Outer Ply Of Nonconiferous Wood",p20,Wood and products of wood and cork (except furniture); articles of straw and plaiting materials (20),1.0
441292,"Plywood, N.E.S., Veneered Panels And Similar Laminated Wood, N.E.S.",p20,Wood and products of wood and cork (except furniture); articles of straw and plaiting materials (20),1.0
441293,"Plywood, N.E.S., Veneered Panels And Similar Laminated Wood, N.E.S.",p20,Wood and products of wood and cork (except furniture); articles of straw and plaiting materials (20),1.0
441299,"Plywood, N.E.S., Veneered Panels And Similar Laminated Wood, N.E.S.",p20,Wood and products of wood and cork (except furniture); articles of straw and plaiting materials (20),1.0
441300,"Densified Wood In Blocks, Plates, Strips Or Profile Shapes",p20,Wood and products of wood and cork (except furniture); articles of straw and plaiting materials (20),1.0
441400,"Wooden Frames For Paintings, Photographs, Mirrors Or Similar Articles",p20,Wood and products of wood and cork (except furniture); articles of straw and plaiting materials (20),1.0
441510,"Wood Packing Cases, Boxes, Crates, Drums And Similar Packings; Cable",p20,Wood and products of wood and cork (except furniture); articles of straw and plaiting materials (20),1.0
441520,"Wood Pallets, Box Pallets And Other Load Boards",p20,Wood and products of wood and cork (except furniture); articles of straw and plaiting materials (20),1.0
441600,"Wood Casks, Barrels, Vats, Tubs And Other Coopers Products, Including Staves And Other Wooden Parts",p20,Wood and products of wood and cork (except furniture); articles of straw and plaiting materials (20),1.0
441700,"Wooden Tools, Tool Bodies And Handles, Broom Or Brush Bodies And Handles; Boot Or Shoe Lasts And Trees Of Wood",p20,Wood and products of wood and cork (except furniture); articles of straw and plaiting materials (20),1.0
441810,"Windows, French",p20,Wood and products of wood and cork (except furniture); articles of straw and plaiting materials (20),1.0
441820,"Doors, Door Frames And Thresholds Of Wood",p20,Wood and products of wood and cork (except furniture); articles of straw and plaiting materials (20),1.0
441830,"Builders Joinery And Carpentry Of Wood, N.E.S.",p20,Wood and products of wood and cork (except furniture); articles of straw and plaiting materials (20),1.0
441840,"Builders Joinery And Carpentry Of Wood, N.E.S.",p20,Wood and products of wood and cork (except furniture); articles of straw and plaiting materials (20),1.0
441850,Wood Shingles And Shakes,p20,Wood and products of wood and cork (except furniture); articles of straw and plaiting materials (20),1.0
441890,"Builders Joinery And Carpentry Of Wood, N.E.S.",p20,Wood and products of wood and cork (except furniture); articles of straw and plaiting materials (20),1.0
441900,Tableware And Kitchenware Of Wood,p20,Wood and products of wood and cork (except furniture); articles of straw and plaiting materials (20),1.0
442010,"Wood Marquetry And Inlaid Wood; Caskets And Cases For Jewelry And Cutlery, Etc. Of Wood; Ornaments Of Wood; Wooden Coat And Hat Racks, Etc.",p20,Wood and products of wood and cork (except furniture); articles of straw and plaiting materials (20),1.0
442090,"Wood Marquetry And Inlaid Wood; Caskets And Cases For Jewelry And Cutlery, Etc. Of Wood; Ornaments Of Wood; Wooden Coat And Hat Racks, Etc.",p20,Wood and products of wood and cork (except furniture); articles of straw and plaiting materials (20),1.0
442110,"Manufactured Articles Of Wood, N.E.S.",p20,Wood and products of wood and cork (except furniture); articles of straw and plaiting materials (20),1.0
442190,"Manufactured Articles Of Wood, N.E.S.",p20,Wood and products of wood and cork (except furniture); articles of straw and plaiting materials (20),1.0
450110,"Cork, Natural, Raw Or Simply Prepared",p02,"Products of forestry, logging and related services (02)",1.0
450190,"Waste Cork; Crushed, Granulated Or Ground Cork",p20,Wood and products of wood and cork (except furniture); articles of straw and plaiting materials (20),1.0
450200,"Cork, Natural, Debacked Or Roughly Squared Or In Rectangular Blocks, Plates, Sheets Or Strip (Including Sharp",p20,Wood and products of wood and cork (except furniture); articles of straw and plaiting materials (20),1.0
450310,"Corks And Stoppers, Of Natural Cork",p20,Wood and products of wood and cork (except furniture); articles of straw and plaiting materials (20),1.0
450390,"Articles Of Natural Cork, N.E.S.",p20,Wood and products of wood and cork (except furniture); articles of straw and plaiting materials (20),1.0
450410,"Agglomerated Cork Blocks, Plates, Sheets, Strip, Tiles And Solid Cylinders",p20,Wood and products of wood and cork (except furniture); articles of straw and plaiting materials (20),1.0
450490,"Agglomerated Cork And Articles Of Agglomerated Cork, N.E.S.",p20,Wood and products of wood and cork (except furniture); articles of straw and plaiting materials (20),1.0
460110,"Plaits And Similar Products Of Plaiting Materials, Whether Or Not Assembled Into Strips",p20,Wood and products of wood and cork (except furniture); articles of straw and plaiting materials (20),1.0
460120,"Mats, Matting And Screens Of Vegetable Materials",p20,Wood and products of wood and cork (except furniture); articles of straw and plaiting materials (20),1.0
460191,"Plaiting Materials, Plaits And Similar Products Thereof, N.E.S., Bound In Strands Or Woven In Sheets, Whether Or Not Being Finished Articles",p20,Wood and products of wood and cork (except furniture); articles of straw and plaiting materials (20),1.0
460199,"Plaiting Materials, Plaits And Similar Products Thereof, N.E.S., Bound In Strands Or Woven In Sheets, Whether Or Not Being Finished Articles",p20,Wood and products of wood and cork (except furniture); articles of straw and plaiting materials (20),1.0
460210,"Basketware, Wickerwork And Other Articles Made Directly To Shape From Plaiting Materials Or Matting, Etc. Or Parallel Strands; Articles Of Loofah",p20,Wood and products of wood and cork (except furniture); articles of straw and plaiting materials (20),1.0
460290,"Basketware, Wickerwork And Other Articles Made Directly To Shape From Plaiting Materials Or Matting, Etc. Or Parallel Strands; Articles Of Loofah",p20,Wood and products of wood and cork (except furniture); articles of straw and plaiting materials (20),1.0
470100,Mechanical Wood Pulp,p21.1,Pulp,1.0
470200,"Chemical Wood Pulp, Dissolving Grades",p21.1,Pulp,1.0
470311,"Chemical Wood Pulp, Coniferous, Soda Or Sulfate, Other Than Dissolving Grades, Unbleached",p21.1,Pulp,1.0
470319,"Chemical Wood Pulp, Nonconiferous, Soda Or Sulfate, Other Than Dissolving Grades, Unbleached",p21.1,Pulp,1.0
470321,"Chemical Wood Pulp, Coniferous, Soda Or Sulfate, Semibleached Or Bleached (Other Than Dissolving Grades)",p21.1,Pulp,1.0
470329,"Chemical Wood Pulp, Nonconiferous, Soda Or Sulfate, Semibleached Or Bleached (Other Than Dissolving Grades)",p21.1,Pulp,1.0
470411,"Chemical Wood Pulp, Sulfite (Other Than Dissolving Grades), Unbleached",p21.1,Pulp,1.0
470419,"Chemical Wood Pulp, Sulfite (Other Than Dissolving Grades), Unbleached",p21.1,Pulp,1.0
470421,"Chemical Wood Pulp, Sulfite (Other Than Dissolving Grades), Semibleached Or Bleached",p21.1,Pulp,1.0
470429,"Chemical Wood Pulp, Sulfite (Other Than Dissolving Grades), Semibleached Or Bleached",p21.1,Pulp,1.0
470500,Semichemical Wood Pulp,p21.1,Pulp,1.0
470610,"Pulps Of Fibrous Cellulosic Material, Other Than Semichemical Wood Pulp",p21.1,Pulp,1.0
470620,"Pulps Of Fibrous Cellulosic Material, Other Than Semichemical Wood Pulp",p21.1,Pulp,1.0
470691,"Pulps Of Fibrous Cellulosic Material, Other Than Semichemical Wood Pulp",p21.1,Pulp,1.0
470692,"Pulps Of Fibrous Cellulosic Material, Other Than Semichemical Wood Pulp",p21.1,Pulp,1.0
470693,"Pulps Of Fibrous Cellulosic Material, Other Than Semichemical Wood Pulp",p21.1,Pulp,1.0
391510,"3927te, Parings And Scrap Of Polymers Of Ethylene""",p24.a,"Plastics, basic",1.0
391520,"3927te, Parings And Scrap Of Polymers Of Styrene""",p24.a,"Plastics, basic",1.0
391530,"3927te, Parings And Scrap Of Polymers Of Vinyl Chloride""",p24.a,"Plastics, basic",1.0
391590,"3927te, Parings And Scrap, Of Plastics, N.E.S.""",p24.a,"Plastics, basic",1.0
284450,Spent (Irradiated) Fuel Elements (Cartridges) Of Nuclear Reactors,p90.5.d,Inert/metal/hazardous waste for treatment: landfill,1.0
480100,Newsprint In Rolls Or Sheets,p21.2,Paper and paper products,1.0
480210,Handmade Paper And Paperboard,p21.2,Paper and paper products,1.0
480220,Paper And Paperboard Used As A Base For Photo,p21.2,Paper and paper products,1.0
480230,"Carbonizing Base Paper, Uncoated, In Rolls Or Sheets",p21.2,Paper and paper products,1.0
480240,"Wallpaper Base, Uncoated, In Rolls Or Sheets",p21.2,Paper and paper products,1.0
480251,"Paper And Paperboard N.E.S., Weight Under 40 G/M2, Not Over 10% (Weight) Of Fiber Content Obtained By Mechanical Process, Uncoated, In Rolls Or She",p21.2,Paper and paper products,1.0
480252,"Paper And Paperboard N.E.S., Not Under 40 G/M2 And Not Over 150 G/M2, Not Over 10% (Weight) Of Fiber By Mechanical Process, Uncoated, Rolls Or Shee",p21.2,Paper and paper products,1.0
480253,"Paper And Paperboard N.E.S., Weight Over 150 G/M2, Not Over 10% (Weight) Of Fiber Content Obtained By Mechanical Process, Uncoated, In Rolls Or She",p21.2,Paper and paper products,1.0
480260,"Paper And Paperboard N.E.S., With Over 10% By Weight Of Total Fiber Content Obtained By Mechanical Process, Uncoated, In Rolls Or Sheets",p21.2,Paper and paper products,1.0
480300,"Toilet Or Facial Tissue Paper Stock, Towel Or Napkin Stock, Etc., Cellulose Wadding And Webs, Over 36 Cm In Width, Creped Etc. Or Not, Rolls Or She",p21.2,Paper and paper products,1.0
480411,"Kraft Paper, Uncoated, N.E.S., In Rolls Or Sheet",p21.2,Paper and paper products,1.0
480419,"Kraft Paper, Uncoated, N.E.S., In Rolls Or Sheet",p21.2,Paper and paper products,1.0
480421,"Kraft Sack Paper, Uncoated, In Rolls Or Sheets",p21.2,Paper and paper products,1.0
480429,"Kraft Sack Paper, Uncoated, In Rolls Or Sheets",p21.2,Paper and paper products,1.0
480431,"Kraft Paper And Paperboard, Uncoated, N.E.S., Weighing Not Over 150 G/M2, In Rolls Or Sheets",p21.2,Paper and paper products,1.0
480439,"Kraft Paper And Paperboard, Uncoated, N.E.S., Weighing Not Over 150 G/M2, In Rolls Or Sheets",p21.2,Paper and paper products,1.0
480441,"Kraft Paper And Paperboard, Uncoated, N.E.S., Weighing Over 150 G/M2 And Under 225 G/M2, In Rolls Or Sheets",p21.2,Paper and paper products,1.0
480442,"Kraft Paper And Paperboard, Uncoated, N.E.S., Weighing Over 150 G/M2 And Under 225 G/M2, In Rolls Or Sheets",p21.2,Paper and paper products,1.0
480449,"Kraft Paper And Paperboard, Uncoated, N.E.S., Weighing Over 150 G/M2 And Under 225 G/M2, In Rolls Or Sheets",p21.2,Paper and paper products,1.0
480451,"Kraft Paper And Paperboard, Uncoated, N.E.S., Weighing 225 G/M2 Or Over, In Rolls Or Sheets",p21.2,Paper and paper products,1.0
480452,"Kraft Paper And Paperboard, Uncoated, N.E.S., Weighing 225 G/M2 Or Over, In Rolls Or Sheets",p21.2,Paper and paper products,1.0
480459,"Kraft Paper And Paperboard, Uncoated, N.E.S., Weighing 225 G/M2 Or Over, In Rolls Or Sheets",p21.2,Paper and paper products,1.0
480510,"Semichemical Fluting Paper, Uncoated (Corrugating Medium), In Rolls Or Sheets",p21.2,Paper and paper products,1.0
480521,Multi,p21.2,Paper and paper products,1.0
480522,Multi,p21.2,Paper and paper products,1.0
480523,Multi,p21.2,Paper and paper products,1.0
480529,Multi,p21.2,Paper and paper products,1.0
480530,"Sulfite Wrapping Paper, Uncoated, In Rolls Or Sheets",p21.2,Paper and paper products,1.0
480540,"Filter Paper And Paperboard, Uncoated, In Rolls Or Sheets; Felt Paper And Paper Board, Uncoated, In Rolls Or Sheets",p21.2,Paper and paper products,1.0
480550,"Filter Paper And Paperboard, Uncoated, In Rolls Or Sheets; Felt Paper And Paper Board, Uncoated, In Rolls Or Sheets",p21.2,Paper and paper products,1.0
480560,"Paper And Paperboard, N.E.S., Uncoated, Weighing Not Over 150 G/M2, In Rolls Or Sheets",p21.2,Paper and paper products,1.0
480570,"Paper And Paperboard, N.E.S., Uncoated, Weighing Over 150 G/M2 And Under 225 G/M2, In Rolls Or Sheets",p21.2,Paper and paper products,1.0
480580,"Paper And Paperboard, N.E.S., Uncoated, Weighing 225 G/M2 Or Over, In Rolls Or Sheets",p21.2,Paper and paper products,1.0
480610,"Vegetable Parchment, Greaseproof Papers, Tracing Papers And Glassine Or Other Glazed Transparent Or Translucent Papers, In Rolls Or Sheets",p21.2,Paper and paper products,1.0
480620,"Vegetable Parchment, Greaseproof Papers, Tracing Papers And Glassine Or Other Glazed Transparent Or Translucent Papers, In Rolls Or Sheets",p21.2,Paper and paper products,1.0
480630,"Vegetable Parchment, Greaseproof Papers, Tracing Papers And Glassine Or Other Glazed Transparent Or Translucent Papers, In Rolls Or Sheets",p21.2,Paper and paper products,1.0
480640,"Vegetable Parchment, Greaseproof Papers, Tracing Papers And Glassine Or Other Glazed Transparent Or Translucent Papers, In Rolls Or Sheets",p21.2,Paper and paper products,1.0
480710,"Paper And Paperboard, Laminated Internally With Bitumen, Tar Or Asphalt, In Rolls Or Sheets",p21.2,Paper and paper products,1.0
480790,"Composite Paper And Paperboard, N.E.S. (Made By Sticking Flat Layers Together With Adhesives), Not Surface Coated Or Impregnated, In Rolls Or Sheet",p21.2,Paper and paper products,1.0
480810,"Paper And Paperboard, Corrugated, Whether Or Not Perforated, In Rolls Or Sheets",p21.2,Paper and paper products,1.0
480820,"Kraft Sack Paper, Creped Or Crinkled, Whether Or Not Embossed Or Perforated, In Rolls Or Sheets",p21.2,Paper and paper products,1.0
480830,"Kraft Paper, N.E.S., Creped Or Crinkled, Whether Or Not Embossed Or Perforated, In Rolls Or Sheets",p21.2,Paper and paper products,1.0
480890,"Paper, Creped, Crinkled, Embossed Or Perforated, N.E.S., In Rolls Or Sheets",p21.2,Paper and paper products,1.0
480910,"Carbon Paper, Self",p21.2,Paper and paper products,1.0
480920,"Carbon Paper, Self",p21.2,Paper and paper products,1.0
480990,"Carbon Paper, Self",p21.2,Paper and paper products,1.0
481011,"Paper And Paperboard Used For Writing, Printing, Etc., Coated Etc., Not Over 150 G/M2, Not Over 10% (Wt) Fiber By Mechanical Process, Rolls Or Shee",p21.2,Paper and paper products,1.0
481012,"Paper And Paperboard Used For Writing, Printing, Etc., Coated Etc., Over 150 G/M2, Not Over 10% (Wt.) Fiber By Mechanical Process, In Rolls Or Shee",p21.2,Paper and paper products,1.0
481021,"Paper And Paperboard Used For Writing, Printing, Etc., Coated Etc., Over 10% (Weight) Of Fiber Obtained By Mechanical Process, In Rolls Or Sheet",p21.2,Paper and paper products,1.0
481029,"Paper And Paperboard Used For Writing, Printing, Etc., Coated Etc., Over 10% (Weight) Of Fiber Obtained By Mechanical Process, In Rolls Or Sheet",p21.2,Paper and paper products,1.0
481031,"Kraft Paper And Paperboard, Coated, Etc., Bleached, Over 95% (Wt.) Of Wood Fiber Obtained By Chemical Process, Not Over 150 G/M2, In Rolls Or Sheet",p21.2,Paper and paper products,1.0
481032,"Kraft Paper And Paperboard, Coated, Etc., Bleached, Over 95% (Wt.) Of Wood Fiber Content Obtained By Chemical Process, Over 150 G/M2, Rolls Or Shee",p21.2,Paper and paper products,1.0
481039,"Kraft Paper And Paperboard, Coated, Etc., Whether Or Not Serface",p21.2,Paper and paper products,1.0
481091,"Paper And Paperboard, N.E.S., Coated, Etc., Whether Or Not Surface",p21.2,Paper and paper products,1.0
481099,"Paper And Paperboard, N.E.S., Coated, Etc., Whether Or Not Surface",p21.2,Paper and paper products,1.0
481110,"Paper And Paperboard, Tarred, Bituminized Or Asphalted, In Rolls Or Sheets",p21.2,Paper and paper products,1.0
481121,"Paper And Paperboard, Gummed Or Adhesive, Including Self",p21.2,Paper and paper products,1.0
481129,"Paper And Paperboard, Gummed Or Adhesive, Including Self",p21.2,Paper and paper products,1.0
481131,"Paper And Paperboard, Coated, Impregnated Or Covered With Plastics (No Adhesives), Bleached, Weighing Over 150 G/M2, In Rolls Or Sheets",p21.2,Paper and paper products,1.0
481139,"Paper And Paperboard, Coated, Impregnated Or Covered With Plastics (No Adhesives), N.E.S., In Rolls Or Sheets",p21.2,Paper and paper products,1.0
481140,"Paper, Paperboard, Cellulose Wadding And Webs Of Cellulose Fibers, Coated, Impregnated, Covered, Surface Decorated, Etc., N.E.S., In Rolls Or Sheet",p21.2,Paper and paper products,1.0
481190,"Paper, Paperboard, Cellulose Wadding And Webs Of Cellulose Fibers, Coated, Impregnated, Covered, Surface Decorated, Etc., N.E.S., In Rolls Or Sheet",p21.2,Paper and paper products,1.0
481200,"Filter Blocks, Slabs And Plates, Of Paper Pulp",p21.2,Paper and paper products,1.0
481310,"Cigarette Paper, Cut To Size, Whether Or Not In The Form Of Booklets Or Tubes",p21.2,Paper and paper products,1.0
481320,"Cigarette Paper, Cut To Size, Whether Or Not In The Form Of Booklets Or Tubes",p21.2,Paper and paper products,1.0
481390,"Cigarette Paper, Whether Or Not Cut To Size, N.E.S., Including Cigarette Paper In Rolls Over 5 Cm In Width",p21.2,Paper and paper products,1.0
481410,"Wallpaper And Similar Wall Coverings, Window Transparencies Of Paper, In Rolls Or Sheets",p21.2,Paper and paper products,1.0
481420,"Wallpaper And Similar Wall Coverings, Window Transparencies Of Paper, In Rolls Or Sheets",p21.2,Paper and paper products,1.0
481430,"Wallpaper And Similar Wall Coverings, Window Transparencies Of Paper, In Rolls Or Sheets",p21.2,Paper and paper products,1.0
481490,"Wallpaper And Similar Wall Coverings, Window Transparencies Of Paper, In Rolls Or Sheets",p21.2,Paper and paper products,1.0
481500,"Floor Coverings On A Base Of Paper Or Paperboard, Cut To Size Or Not",p21.2,Paper and paper products,1.0
481610,"Carbon Paper, Self",p21.2,Paper and paper products,1.0
481620,"Carbon Paper, Self",p21.2,Paper and paper products,1.0
481630,"Carbon Paper, Self",p21.2,Paper and paper products,1.0
481690,"Carbon Paper, Self",p21.2,Paper and paper products,1.0
481710,Paper Envelopes,p21.2,Paper and paper products,1.0
481720,"Letter Cards, Plain Postcards And Correspondence Cards Of Paper Or Paperboard",p21.2,Paper and paper products,1.0
481730,"Boxes, Wallets, Etc. Of Paper Or Paperboard, Containing Assorted Stationary",p21.2,Paper and paper products,1.0
481810,"Toilet Paper, Cut To Size, In Rolls Or Sheets",p21.2,Paper and paper products,1.0
481820,"Paper Handkerchiefs, Tissues, Towels, Tablecloths, Bed Sheets And Other Paper Linen; Paper Garments And Clothing Accessories",p21.2,Paper and paper products,1.0
481830,"Paper Handkerchiefs, Tissues, Towels, Tablecloths, Bed Sheets And Other Paper Linen; Paper Garments And Clothing Accessories",p21.2,Paper and paper products,1.0
481840,"Sanitary Napkins And Tampons, Diapers, Diaper Liners And Similar Sanitary Articles, Of Paper Pulp, Paper, Cellulose Wadding Or Webs Of Cellulose Fi",p21.2,Paper and paper products,1.0
481850,"Paper Handkerchiefs, Tissues, Towels, Tablecloths, Bed Sheets And Other Paper Linen; Paper Garments And Clothing Accessories",p21.2,Paper and paper products,1.0
481890,"Paper Handkerchiefs, Tissues, Towels, Tablecloths, Bed Sheets And Other Paper Linen; Paper Garments And Clothing Accessories",p21.2,Paper and paper products,1.0
481910,"Cartons, Boxes And Cases Of Corrugated Paper Or Paperboard",p21.2,Paper and paper products,1.0
481920,"Folding Cartons, Boxes And Cases Of Noncorrugated Paper Or Paperboard",p21.2,Paper and paper products,1.0
481930,"Paper Sacks And Bags, With A Base Of 40 Cm Or Over In Width",p21.2,Paper and paper products,1.0
481940,"Paper Sacks And Bags (Including Cones), N.E.S.",p21.2,Paper and paper products,1.0
481950,"Paper And Paperboard Packing Containers, N.E.S., Including Record Sleeves",p21.2,Paper and paper products,1.0
481960,"Paper And Paperboard Box Files, Letter Trays, Storage Boxes And Similar Articles Used In Offices, Shops Or The Like",p21.2,Paper and paper products,1.0
482010,"Registers, Books (Account, Note, Order And Receipt), Letter Pads, Memo Pads, Diaries And Similar Articles Of Paper Or Paperboard",p22,Printed matter and recorded media (22),1.0
482020,Paper Exercise Books,p22,Printed matter and recorded media (22),1.0
482030,"Binders (Other Than Book Covers), Folders And File Covers",p22,Printed matter and recorded media (22),1.0
482040,Manifold Business Forms And Interleaved Carbon Sets Of Paper Or Paperboard,p22,Printed matter and recorded media (22),1.0
482050,Albums For Samples Or Collections Of Paper Or Paperboard,p22,Printed matter and recorded media (22),1.0
482090,"Paper Book Covers; Blotting Pads And Other Articles Of Stationary, N.E.S.",p22,Printed matter and recorded media (22),1.0
482110,"Paper And Paperboard Labels Of All Kinds, Whether Or Not Printed",p21.2,Paper and paper products,1.0
482190,"Paper And Paperboard Labels Of All Kinds, Whether Or Not Printed",p21.2,Paper and paper products,1.0
482210,"Bobbins, Spools, Cops And Similar Supports Of Paper Pulp, Paper Or Paperboard",p21.2,Paper and paper products,1.0
482290,"Bobbins, Spools, Cops And Similar Supports Of Paper Pulp, Paper Or Paperboard",p21.2,Paper and paper products,1.0
482311,"Gummed Or Adhesive Paper, In Strips Or Rolls",p21.2,Paper and paper products,1.0
482319,"Gummed Or Adhesive Paper, In Strips Or Rolls",p21.2,Paper and paper products,1.0
482320,Filter Paper And Paperboard,p21.2,Paper and paper products,1.0
482340,"Articles Of Paper Pulp, Paper, Paperboard, Cellulose Wadding Or Webs Of Cellulose Fibers, N.E.S.",p21.2,Paper and paper products,1.0
482351,"Paper And Paperboard Used For Writing, Printing Or Other Graphic Purposes, N.E.S.",p21.2,Paper and paper products,1.0
482359,"Paper And Paperboard Used For Writing, Printing Or Other Graphic Purposes, N.E.S.",p21.2,Paper and paper products,1.0
482360,"Trays, Dishes, Plates, Cups And Similar Items Of Paper Or Paperboard",p21.2,Paper and paper products,1.0
482370,"Articles Of Paper Pulp, Paper, Paperboard, Cellulose Wadding Or Webs Of Cellulose Fibers, N.E.S.",p21.2,Paper and paper products,1.0
482390,"Articles Of Paper Pulp, Paper, Paperboard, Cellulose Wadding Or Webs Of Cellulose Fibers, N.E.S.",p21.2,Paper and paper products,1.0
490110,"Printed Books, Brochures, Leaflets And Similar Printed Matter, In Single Sheets, Whether Or Not Folded",p22,Printed matter and recorded media (22),1.0
490191,"Dictionaries And Encyclopedias, And Serial Installments Thereof, Not In Single Sheets",p22,Printed matter and recorded media (22),1.0
490199,"Books, Brochures And Similar Printed Matter, Not In Single Sheets, N.E.S.",p22,Printed matter and recorded media (22),1.0
490210,"Newspapers, Journals And Periodicals, Whether Or Not Illustrated Or Containing Advertising Material, Appearing At Least Four Times A Week",p22,Printed matter and recorded media (22),1.0
490290,"Newspapers, Journals And Periodicals, Whether Or Not Illustrated Or Containing Advertising Material, Appearing Less Than Four Times A Week",p22,Printed matter and recorded media (22),1.0
490300,"ChildrenS Picture, Drawing Or Coloring Books",p22,Printed matter and recorded media (22),1.0
490400,"Music, Printed Or In Manuscript, Whether Or Not Bound Or Illustrated",p22,Printed matter and recorded media (22),1.0
490510,"Maps And Hydrographic Or Similar Charts Of All Kinds (Including Wall Maps, Topographical Plans And Globes), Printed, Not In Book Form",p22,Printed matter and recorded media (22),1.0
490591,Maps And Charts In Book Form,p22,Printed matter and recorded media (22),1.0
490599,"Maps And Hydrographic Or Similar Charts Of All Kinds (Including Wall Maps, Topographical Plans And Globes), Printed, Not In Book Form",p22,Printed matter and recorded media (22),1.0
490600,"Plans And Drawings For Architectural, Engineering, Industrial, Commercial, Topographical Or Similar Purposes, Being Originals By Hand; Texts, Etc.",p22,Printed matter and recorded media (22),1.0
490700,"Unused Postage, Revenue Or Similar Stamps Of Current Or New Issue, Etc.; Check Forms; Banknotes; Stock, Share Or Bond Certf & Similar Documnts Of T",p22,Printed matter and recorded media (22),1.0
490810,Transfers (Decalcomanias),p22,Printed matter and recorded media (22),1.0
490890,Transfers (Decalcomanias),p22,Printed matter and recorded media (22),1.0
490900,"Printed Or Illustrated Postcards; Printed Cards Bearing Personal Greetings, Messages, Etc., Illustrated Or Not, With Or Without Envelopes Or Trimmi",p22,Printed matter and recorded media (22),1.0
491000,"Calendars Of Any Kind, Printed (Including Calendar Blocks)",p22,Printed matter and recorded media (22),1.0
491110,"Trade Advertising Material, Commercial Catalogs And The Like",p22,Printed matter and recorded media (22),1.0
491191,"Pictures, Designs And Photographs",p22,Printed matter and recorded media (22),1.0
491199,"Printed Matter, N.E.S.",p22,Printed matter and recorded media (22),1.0
500100,Silkworm Cocoons Suitable For Reeling,p01.o,"Wool, silk-worm cocoons",1.0
500200,Raw Silk (Not Thrown),p17,Textiles (17),1.0
500310,"3921k Waste (Including Cocoons Unsuitable For Reeling, Yarn Waste And Garnetted Stock) Not Carded Or Combed""",p17,Textiles (17),1.0
500390,"Silk Waste, N.E.S.",p17,Textiles (17),1.0
500400,"Silk Yarn, Not Spun From Silk Waste, Not Packaged For Retail Sale",p17,Textiles (17),1.0
500500,"Silk Yarn, Spun From Silk Waste, Not Packaged For Retail Sale",p17,Textiles (17),1.0
500600,"Silk Yarn, Including Yarn Spun From Silk Waste, Packaged For Retail Sale; Silkworm Gut",p17,Textiles (17),1.0
500710,Woven Fabrics Of Noil Silk (Other Than Pile Or Chenille And Narrow Or Special Fabrics),p17,Textiles (17),1.0
500720,"Woven Fabrics Of Silk, Not Under 85% (Weight) Silk Or Silk Waste, Other Than Noil Silk (Other Than Pile Or Chenille And Narrow Or Special Fabrics)",p17,Textiles (17),1.0
500790,"Woven Fabrics Of Silk, N.E.S., Including Silk Fabrics Under 85% Silk Or Silk Waste (Other Than Pile Or Chenille And Narrow Or Special Fabrics)",p17,Textiles (17),1.0
510111,"Shorn Wool, Greasy (Including Fleece",p01.o,"Wool, silk-worm cocoons",1.0
510119,"Wool, Greasy, Other Than Shorn Wool (Including Fleece",p15.i,Food products nec,1.0
510121,"Wool, Degreased, Not Carbonized, Not Carded Or Combed",p17,Textiles (17),1.0
510129,"Wool, Degreased, Not Carbonized, Not Carded Or Combed",p17,Textiles (17),1.0
510130,"Wool, Degreased, Carbonized, Not Carded Or Combed",p17,Textiles (17),1.0
510210,"Fine Animal Hair, Not Carded Or Combed",p01.o,"Wool, silk-worm cocoons",1.0
510220,"Coarse Animal Hair N.E.S., Not Carded Or Combed",p01.o,"Wool, silk-worm cocoons",1.0
510310,"Noils Of Wool Or Of Fine Animal Hair, Not Garnetted",p17,Textiles (17),1.0
510320,"3921te N.E.S., Of Wool Or Fine Or Coarse Animal Hair (Other Than Horsehair),Not Garnetted""",p17,Textiles (17),1.0
510330,"3921te N.E.S., Of Wool Or Fine Or Coarse Animal Hair (Other Than Horsehair),Not Garnetted""",p17,Textiles (17),1.0
510400,3921etted Stock Of Wool Or Of Fine Or Coarse Animal Hair,p17,Textiles (17),1.0
510510,Carded Wool; Combed Wool In Fragments,p17,Textiles (17),1.0
510521,Carded Wool; Combed Wool In Fragments,p17,Textiles (17),1.0
510529,Wool Tops And Other Combed Wool,p17,Textiles (17),1.0
510530,"Fine Or Coarse Animal Hair, Carded Or Combed",p17,Textiles (17),1.0
510540,"Fine Or Coarse Animal Hair, Carded Or Combed",p17,Textiles (17),1.0
510610,"Yarn Of Carded Wool, Not Under 85% Wool By Weight, Not Packaged For Retail Sale",p17,Textiles (17),1.0
510620,"Yarn Of Carded Wool, Under 85% Wool By Weight, Not Packaged For Retail Sale",p17,Textiles (17),1.0
510710,"Yarn Of Combed Wool, Not Under 85% Wool By Weight, Not Packaged For Retail Sale",p17,Textiles (17),1.0
510720,"Yarn Of Combed Wool, Under 85% Wool By Weight, Not Packaged For Retail Sale",p17,Textiles (17),1.0
510810,"Yarn Of Fine Animal Hair (Carded Or Combed), Not Packaged For Retail Sale",p17,Textiles (17),1.0
510820,"Yarn Of Fine Animal Hair (Carded Or Combed), Not Packaged For Retail Sale",p17,Textiles (17),1.0
510910,"Yarn Of Wool Or Fine Animal Hair, Not Under 85% Wool Or Fine Animal Hair By Weight, Packaged For Retail Sale",p17,Textiles (17),1.0
510990,"Yarn Of Wool Or Fine Animal Hair, Under 85% Wool Or Fine Animal Hair By Weight, Packaged For Retail Sale",p17,Textiles (17),1.0
511000,"Yarn Of Coarse Animal Hair Or Of Horsehair, Packaged For Retail Sale Or Not",p17,Textiles (17),1.0
511111,"Woven Fabrics Of Carded Wool Or Fine Animal Hair, Not Under 85% (Weight) Of Such Fibers (Other Than Pile Or Chenille And Narrow Or Special Fabrics)",p17,Textiles (17),1.0
511119,"Woven Fabrics Of Carded Wool Or Fine Animal Hair, Not Under 85% (Weight) Of Such Fibers (Other Than Pile Or Chenille And Narrow Or Special Fabrics)",p17,Textiles (17),1.0
511120,"Woven Fabrics Of Carded Wool Or Fine Animal Hair, Under 85% (Weight) Of Such Fibers, Mixed Mainly With Manmade Textile Materials (No Pile Etc.)",p17,Textiles (17),1.0
511130,"Woven Fabrics Of Carded Wool Or Fine Animal Hair, Under 85% (Weight) Of Such Fibers, Mixed Mainly With Manmade Textile Materials (No Pile Etc.)",p17,Textiles (17),1.0
511190,"Woven Fabrics Of Carded Wool Or Fine Animal Hair, Under 85% (Weight) Of Such Fibers, Mixed Mainly With Fibers Other Than Manmade (No Pile Etc.)",p17,Textiles (17),1.0
511211,"Woven Fabrics Of Combed Wool Or Fine Animal Hair, Not Under 85% (Weight) Of Such Fibers (Other Than Pile Or Chenille And Narrow Or Special Fabrics)",p17,Textiles (17),1.0
511219,"Woven Fabrics Of Combed Wool Or Fine Animal Hair, Not Under 85% (Weight) Of Such Fibers (Other Than Pile Or Chenille And Narrow Or Special Fabrics)",p17,Textiles (17),1.0
511220,"Woven Fabrics Of Combed Wool Or Fine Animal Hair, Under 85% (Weight) Of Such Fibers, Mixed Mainly With Manmade Textile Materials (No Pile Etc.)",p17,Textiles (17),1.0
511230,"Woven Fabrics Of Combed Wool Or Fine Animal Hair, Under 85% (Weight) Of Such Fibers, Mixed Mainly With Manmade Textile Materials (No Pile Etc.)",p17,Textiles (17),1.0
511290,"Woven Fabrics Of Combed Wool Or Fine Animal Hair, Under 85% (Weight) Of Such Fibers, Mixed Mainly With Fibers Other Than Manmade (No Pile Etc.)",p17,Textiles (17),1.0
511300,Woven Fabrics Of Coarse Animal Hair Or Horsehair,p17,Textiles (17),1.0
520100,"Cotton (Other Than Linters), Not Carded Or Combed",p01.g,Plant-based fibers,1.0
520210,3921on Yarn Waste (Including Cotton Thread Waste),p17,Textiles (17),1.0
520291,3921on Garnetted Stock,p17,Textiles (17),1.0
520299,"3921ton Waste, N.E.S.""",p17,Textiles (17),1.0
520300,"Cotton, Carded Or Combed",p17,Textiles (17),1.0
520411,"Cotton Sewing Thread, Not Packaged For Retail Sale",p17,Textiles (17),1.0
520419,"Cotton Sewing Thread, Not Packaged For Retail Sale",p17,Textiles (17),1.0
520420,"Cotton Sewing Thread, Packaged For Retail Sale",p17,Textiles (17),1.0
520511,"Cotton Yarn (Other Than Sewing Thread) Not Under 85% Cotton By Weight, Not Packaged For Retail Salel",p17,Textiles (17),1.0
520512,"Cotton Yarn (Other Than Sewing Thread) Not Under 85% Cotton By Weight, Not Packaged For Retail Salel",p17,Textiles (17),1.0
520513,"Cotton Yarn (Other Than Sewing Thread) Not Under 85% Cotton By Weight, Not Packaged For Retail Salel",p17,Textiles (17),1.0
520514,"Cotton Yarn (Other Than Sewing Thread) Not Under 85% Cotton By Weight, Not Packaged For Retail Salel",p17,Textiles (17),1.0
520515,"Cotton Yarn (Other Than Sewing Thread) Not Under 85% Cotton By Weight, Not Packaged For Retail Salel",p17,Textiles (17),1.0
520521,"Cotton Yarn (Other Than Sewing Thread) Not Under 85% Cotton By Weight, Not Packaged For Retail Salel",p17,Textiles (17),1.0
520522,"Cotton Yarn (Other Than Sewing Thread) Not Under 85% Cotton By Weight, Not Packaged For Retail Salel",p17,Textiles (17),1.0
520523,"Cotton Yarn (Other Than Sewing Thread) Not Under 85% Cotton By Weight, Not Packaged For Retail Salel",p17,Textiles (17),1.0
520524,"Cotton Yarn (Other Than Sewing Thread) Not Under 85% Cotton By Weight, Not Packaged For Retail Salel",p17,Textiles (17),1.0
520526,"Cotton Yarn (Other Than Sewing Thread) Not Under 85% Cotton By Weight, Not Packaged For Retail Salel",p17,Textiles (17),1.0
520527,"Cotton Yarn (Other Than Sewing Thread) Not Under 85% Cotton By Weight, Not Packaged For Retail Salel",p17,Textiles (17),1.0
520528,"Cotton Yarn (Other Than Sewing Thread) Not Under 85% Cotton By Weight, Not Packaged For Retail Salel",p17,Textiles (17),1.0
520531,"Cotton Yarn (Other Than Sewing Thread) Not Under 85% Cotton By Weight, Not Packaged For Retail Salel",p17,Textiles (17),1.0
520532,"Cotton Yarn (Other Than Sewing Thread) Not Under 85% Cotton By Weight, Not Packaged For Retail Salel",p17,Textiles (17),1.0
520533,"Cotton Yarn (Other Than Sewing Thread) Not Under 85% Cotton By Weight, Not Packaged For Retail Salel",p17,Textiles (17),1.0
520534,"Cotton Yarn (Other Than Sewing Thread) Not Under 85% Cotton By Weight, Not Packaged For Retail Salel",p17,Textiles (17),1.0
520535,"Cotton Yarn (Other Than Sewing Thread) Not Under 85% Cotton By Weight, Not Packaged For Retail Salel",p17,Textiles (17),1.0
520541,"Cotton Yarn (Other Than Sewing Thread) Not Under 85% Cotton By Weight, Not Packaged For Retail Salel",p17,Textiles (17),1.0
520542,"Cotton Yarn (Other Than Sewing Thread) Not Under 85% Cotton By Weight, Not Packaged For Retail Salel",p17,Textiles (17),1.0
520543,"Cotton Yarn (Other Than Sewing Thread) Not Under 85% Cotton By Weight, Not Packaged For Retail Salel",p17,Textiles (17),1.0
520544,"Cotton Yarn (Other Than Sewing Thread) Not Under 85% Cotton By Weight, Not Packaged For Retail Salel",p17,Textiles (17),1.0
520546,"Cotton Yarn (Other Than Sewing Thread) Not Under 85% Cotton By Weight, Not Packaged For Retail Salel",p17,Textiles (17),1.0
520547,"Cotton Yarn (Other Than Sewing Thread) Not Under 85% Cotton By Weight, Not Packaged For Retail Salel",p17,Textiles (17),1.0
520548,"Cotton Yarn (Other Than Sewing Thread) Not Under 85% Cotton By Weight, Not Packaged For Retail Salel",p17,Textiles (17),1.0
520611,"Cotton Yarn (Other Than Sewing Thread) Under 85% Cotton By Weight, Not Packaged For Retail Sale",p17,Textiles (17),1.0
520612,"Cotton Yarn (Other Than Sewing Thread) Under 85% Cotton By Weight, Not Packaged For Retail Sale",p17,Textiles (17),1.0
520613,"Cotton Yarn (Other Than Sewing Thread) Under 85% Cotton By Weight, Not Packaged For Retail Sale",p17,Textiles (17),1.0
520614,"Cotton Yarn (Other Than Sewing Thread) Under 85% Cotton By Weight, Not Packaged For Retail Sale",p17,Textiles (17),1.0
520615,"Cotton Yarn (Other Than Sewing Thread) Under 85% Cotton By Weight, Not Packaged For Retail Sale",p17,Textiles (17),1.0
520621,"Cotton Yarn (Other Than Sewing Thread) Under 85% Cotton By Weight, Not Packaged For Retail Sale",p17,Textiles (17),1.0
520622,"Cotton Yarn (Other Than Sewing Thread) Under 85% Cotton By Weight, Not Packaged For Retail Sale",p17,Textiles (17),1.0
520623,"Cotton Yarn (Other Than Sewing Thread) Under 85% Cotton By Weight, Not Packaged For Retail Sale",p17,Textiles (17),1.0
520624,"Cotton Yarn (Other Than Sewing Thread) Under 85% Cotton By Weight, Not Packaged For Retail Sale",p17,Textiles (17),1.0
520625,"Cotton Yarn (Other Than Sewing Thread) Under 85% Cotton By Weight, Not Packaged For Retail Sale",p17,Textiles (17),1.0
520631,"Cotton Yarn (Other Than Sewing Thread) Under 85% Cotton By Weight, Not Packaged For Retail Sale",p17,Textiles (17),1.0
520632,"Cotton Yarn (Other Than Sewing Thread) Under 85% Cotton By Weight, Not Packaged For Retail Sale",p17,Textiles (17),1.0
520633,"Cotton Yarn (Other Than Sewing Thread) Under 85% Cotton By Weight, Not Packaged For Retail Sale",p17,Textiles (17),1.0
520634,"Cotton Yarn (Other Than Sewing Thread) Under 85% Cotton By Weight, Not Packaged For Retail Sale",p17,Textiles (17),1.0
520635,"Cotton Yarn (Other Than Sewing Thread) Under 85% Cotton By Weight, Not Packaged For Retail Sale",p17,Textiles (17),1.0
520641,"Cotton Yarn (Other Than Sewing Thread) Under 85% Cotton By Weight, Not Packaged For Retail Sale",p17,Textiles (17),1.0
520642,"Cotton Yarn (Other Than Sewing Thread) Under 85% Cotton By Weight, Not Packaged For Retail Sale",p17,Textiles (17),1.0
520643,"Cotton Yarn (Other Than Sewing Thread) Under 85% Cotton By Weight, Not Packaged For Retail Sale",p17,Textiles (17),1.0
520644,"Cotton Yarn (Other Than Sewing Thread) Under 85% Cotton By Weight, Not Packaged For Retail Sale",p17,Textiles (17),1.0
520645,"Cotton Yarn (Other Than Sewing Thread) Under 85% Cotton By Weight, Not Packaged For Retail Sale",p17,Textiles (17),1.0
520710,"Cotton Yarn (Other Than Sewing Thread) Not Under 85% Cotton By Weight, Packaged For Retail Sale",p17,Textiles (17),1.0
520790,"Cotton Yarn (Other Than Sewing Thread) Under 85% Cotton By Weight, Packaged For Retail Sale",p17,Textiles (17),1.0
520811,"Cotton Woven Fabrics, N.E.S., Unbleached, Not Under 85% (Weight) Cotton, Weighing Not Over 200 G/M2",p17,Textiles (17),1.0
520812,"Cotton Woven Fabrics, N.E.S., Unbleached, Not Under 85% (Weight) Cotton, Weighing Not Over 200 G/M2",p17,Textiles (17),1.0
520813,"Cotton Woven Fabrics, N.E.S., Unbleached, Not Under 85% (Weight) Cotton, Weighing Not Over 200 G/M2",p17,Textiles (17),1.0
520819,"Cotton Woven Fabrics, N.E.S., Unbleached, Not Under 85% (Weight) Cotton, Weighing Not Over 200 G/M2",p17,Textiles (17),1.0
520821,"Cotton Woven Fabrics, N.E.S., Bleached, Not Under 85% (Weight) Cotton, Weighing Not Over 200 G/M2",p17,Textiles (17),1.0
520822,"Cotton Woven Fabrics, N.E.S., Bleached, Not Under 85% (Weight) Cotton, Weighing Not Over 200 G/M2",p17,Textiles (17),1.0
520823,"Cotton Woven Fabrics, N.E.S., Bleached, Not Under 85% (Weight) Cotton, Weighing Not Over 200 G/M2",p17,Textiles (17),1.0
520829,"Cotton Woven Fabrics, N.E.S., Bleached, Not Under 85% (Weight) Cotton, Weighing Not Over 200 G/M2",p17,Textiles (17),1.0
520831,"Cotton Woven Fabrics, N.E.S., Dyed, Not Under 85% (Weight) Cotton, Weighing Not Over 200 G/M2",p17,Textiles (17),1.0
520832,"Cotton Woven Fabrics, N.E.S., Dyed, Not Under 85% (Weight) Cotton, Weighing Not Over 200 G/M2",p17,Textiles (17),1.0
520833,"Cotton Woven Fabrics, N.E.S., Dyed, Not Under 85% (Weight) Cotton, Weighing Not Over 200 G/M2",p17,Textiles (17),1.0
520839,"Cotton Woven Fabrics, N.E.S., Dyed, Not Under 85% (Weight) Cotton, Weighing Not Over 200 G/M2",p17,Textiles (17),1.0
520841,"Cotton Woven Fabrics, N.E.S., With Yarns Of Different Colors, Not Under 85% (Weight) Cotton, Weighing Not Over 200 G/M2",p17,Textiles (17),1.0
520842,"Cotton Woven Fabrics, N.E.S., With Yarns Of Different Colors, Not Under 85% (Weight) Cotton, Weighing Not Over 200 G/M2",p17,Textiles (17),1.0
520843,"Cotton Woven Fabrics, N.E.S., With Yarns Of Different Colors, Not Under 85% (Weight) Cotton, Weighing Not Over 200 G/M2",p17,Textiles (17),1.0
520849,"Cotton Woven Fabrics, N.E.S., With Yarns Of Different Colors, Not Under 85% (Weight) Cotton, Weighing Not Over 200 G/M2",p17,Textiles (17),1.0
520851,"Cotton Woven Fabrics, N.E.S., Printed, Not Under 85% (Weight) Cotton, Weighing Not Over 200 G/M2",p17,Textiles (17),1.0
520852,"Cotton Woven Fabrics, N.E.S., Printed, Not Under 85% (Weight) Cotton, Weighing Not Over 200 G/M2",p17,Textiles (17),1.0
520853,"Cotton Woven Fabrics, N.E.S., Printed, Not Under 85% (Weight) Cotton, Weighing Not Over 200 G/M2",p17,Textiles (17),1.0
520859,"Cotton Woven Fabrics, N.E.S., Printed, Not Under 85% (Weight) Cotton, Weighing Not Over 200 G/M2",p17,Textiles (17),1.0
520911,"Cotton Woven Fabrics, N.E.S., Unbleached, Not Under 85% (Weight) Cotton, Weighing Over 200 G/M2",p17,Textiles (17),1.0
520912,"Cotton Woven Fabrics, N.E.S., Unbleached, Not Under 85% (Weight) Cotton, Weighing Over 200 G/M2",p17,Textiles (17),1.0
520919,"Cotton Woven Fabrics, N.E.S., Unbleached, Not Under 85% (Weight) Cotton, Weighing Over 200 G/M2",p17,Textiles (17),1.0
520921,"Cotton Woven Fabrics, N.E.S., Bleached, Not Under 85% (Weight) Cotton, Weighing Over 200 G/M2",p17,Textiles (17),1.0
520922,"Cotton Woven Fabrics, N.E.S., Bleached, Not Under 85% (Weight) Cotton, Weighing Over 200 G/M2",p17,Textiles (17),1.0
520929,"Cotton Woven Fabrics, N.E.S., Bleached, Not Under 85% (Weight) Cotton, Weighing Over 200 G/M2",p17,Textiles (17),1.0
520931,"Cotton Woven Fabrics, N.E.S., Dyed, Not Under 85% (Weight) Cotton, Weighing Over 200 G/M2",p17,Textiles (17),1.0
520932,"Cotton Woven Fabrics, N.E.S., Dyed, Not Under 85% (Weight) Cotton, Weighing Over 200 G/M2",p17,Textiles (17),1.0
520939,"Cotton Woven Fabrics, N.E.S., Dyed, Not Under 85% (Weight) Cotton, Weighing Over 200 G/M2",p17,Textiles (17),1.0
520941,"Cotton Woven Fabrics, N.E.S., With Yarns Of Different Colors (Except Denim), Not Under 85% (Weight) Cotton, Weighing Over 200 G/M2",p17,Textiles (17),1.0
520942,"Cotton Woven Fabrics, N.E.S., Denim, Not Under 85% (Weight) Cotton, Weighing Over 200 G/M2",p17,Textiles (17),1.0
520943,"Cotton Woven Fabrics, N.E.S., With Yarns Of Different Colors (Except Denim), Not Under 85% (Weight) Cotton, Weighing Over 200 G/M2",p17,Textiles (17),1.0
520949,"Cotton Woven Fabrics, N.E.S., With Yarns Of Different Colors (Except Denim), Not Under 85% (Weight) Cotton, Weighing Over 200 G/M2",p17,Textiles (17),1.0
520951,"Cotton Woven Fabrics, N.E.S., Printed, Not Under 85% (Weight) Cotton, Weighing Over 200 G/M2",p17,Textiles (17),1.0
520952,"Cotton Woven Fabrics, N.E.S., Printed, Not Under 85% (Weight) Cotton, Weighing Over 200 G/M2",p17,Textiles (17),1.0
520959,"Cotton Woven Fabrics, N.E.S., Printed, Not Under 85% (Weight) Cotton, Weighing Over 200 G/M2",p17,Textiles (17),1.0
521011,"Cotton Woven Fabrics, N.E.S., Unbleached, Under 85% (Weight) Cotton, Mixed Mainly With Manmade Fibers, Weighing Not Over 200 G/M2",p17,Textiles (17),1.0
521012,"Cotton Woven Fabrics, N.E.S., Unbleached, Under 85% (Weight) Cotton, Mixed Mainly With Manmade Fibers, Weighing Not Over 200 G/M2",p17,Textiles (17),1.0
521019,"Cotton Woven Fabrics, N.E.S., Unbleached, Under 85% (Weight) Cotton, Mixed Mainly With Manmade Fibers, Weighing Not Over 200 G/M2",p17,Textiles (17),1.0
521021,"Cotton Woven Fabrics N.E.S., Bleached, Under 85% (Weight) Cotton, Mixed Mainly With Manmade Fibers, Weighing Not Over 200 G/M2",p17,Textiles (17),1.0
521022,"Cotton Woven Fabrics N.E.S., Bleached, Under 85% (Weight) Cotton, Mixed Mainly With Manmade Fibers, Weighing Not Over 200 G/M2",p17,Textiles (17),1.0
521029,"Cotton Woven Fabrics N.E.S., Bleached, Under 85% (Weight) Cotton, Mixed Mainly With Manmade Fibers, Weighing Not Over 200 G/M2",p17,Textiles (17),1.0
521031,"Cotton Woven Fabrics, N.E.S., Dyed, Under 85% (Weight) Cotton, Mixed Mainly With Manmade Fibers, Weighing Not Over 200 G/M2",p17,Textiles (17),1.0
521032,"Cotton Woven Fabrics, N.E.S., Dyed, Under 85% (Weight) Cotton, Mixed Mainly With Manmade Fibers, Weighing Not Over 200 G/M2",p17,Textiles (17),1.0
521039,"Cotton Woven Fabrics, N.E.S., Dyed, Under 85% (Weight) Cotton, Mixed Mainly With Manmade Fibers, Weighing Not Over 200 G/M2",p17,Textiles (17),1.0
521041,"Cotton Woven Fabrics, N.E.S., With Yarns Of Different Colors, Under 85% (Weight) Cotton, Mixed Mainly With Manmade Fibers, Weighing Not Over 200 G/",p17,Textiles (17),1.0
521042,"Cotton Woven Fabrics, N.E.S., With Yarns Of Different Colors, Under 85% (Weight) Cotton, Mixed Mainly With Manmade Fibers, Weighing Not Over 200 G/",p17,Textiles (17),1.0
521049,"Cotton Woven Fabrics, N.E.S., With Yarns Of Different Colors, Under 85% (Weight) Cotton, Mixed Mainly With Manmade Fibers, Weighing Not Over 200 G/",p17,Textiles (17),1.0
521051,"Cotton Woven Fabrics, N.E.S., Printed, Under 85% (Weight) Cotton, Mixed Mainly With Manmade Fibers, Weighing Not Over 200 G/M2",p17,Textiles (17),1.0
521052,"Cotton Woven Fabrics, N.E.S., Printed, Under 85% (Weight) Cotton, Mixed Mainly With Manmade Fibers, Weighing Not Over 200 G/M2",p17,Textiles (17),1.0
521059,"Cotton Woven Fabrics, N.E.S., Printed, Under 85% (Weight) Cotton, Mixed Mainly With Manmade Fibers, Weighing Not Over 200 G/M2",p17,Textiles (17),1.0
521111,"Cotton Woven Fabrics, N.E.S., Unbleached, Under 85% (Weight) Cotton, Mixed Mainly With Manmade Fibers, Weighing Over 200 G/M2",p17,Textiles (17),1.0
521112,"Cotton Woven Fabrics, N.E.S., Unbleached, Under 85% (Weight) Cotton, Mixed Mainly With Manmade Fibers, Weighing Over 200 G/M2",p17,Textiles (17),1.0
521119,"Cotton Woven Fabrics, N.E.S., Unbleached, Under 85% (Weight) Cotton, Mixed Mainly With Manmade Fibers, Weighing Over 200 G/M2",p17,Textiles (17),1.0
521121,"Cotton Woven Fabrics, N.E.S., Bleached, Under 85% (Weight) Cotton, Mixed Mainly With Manmade Fibers, Weighing Over 200 G/M2",p17,Textiles (17),1.0
521122,"Cotton Woven Fabrics, N.E.S., Bleached, Under 85% (Weight) Cotton, Mixed Mainly With Manmade Fibers, Weighing Over 200 G/M2",p17,Textiles (17),1.0
521129,"Cotton Woven Fabrics, N.E.S., Bleached, Under 85% (Weight) Cotton, Mixed Mainly With Manmade Fibers, Weighing Over 200 G/M2",p17,Textiles (17),1.0
521131,"Cotton Woven Fabrics, N.E.S., Dyed, Under 85% (Weight) Cotton, Mixed Mainly With Manmade Fibers, Weighing Over 200 G/M2",p17,Textiles (17),1.0
521132,"Cotton Woven Fabrics, N.E.S., Dyed, Under 85% (Weight) Cotton, Mixed Mainly With Manmade Fibers, Weighing Over 200 G/M2",p17,Textiles (17),1.0
521139,"Cotton Woven Fabrics, N.E.S., Dyed, Under 85% (Weight) Cotton, Mixed Mainly With Manmade Fibers, Weighing Over 200 G/M2",p17,Textiles (17),1.0
521141,"Cotton Woven Fabrics, N.E.S., Different Yarn Colors (Except Denim), Under 85% (Wt) Cotton, Mixed Mainly With Manmade Fibers, Weighing Over 200 G/M2",p17,Textiles (17),1.0
521142,"Cotton Woven Fabrics, N.E.S., Denim, Under 85% (Weight) Cotton, Mixed Mainly With Manmade Fibers, Weighing Over 200 G/M2",p17,Textiles (17),1.0
521143,"Cotton Woven Fabrics, N.E.S., Different Yarn Colors (Except Denim), Under 85% (Wt) Cotton, Mixed Mainly With Manmade Fibers, Weighing Over 200 G/M2",p17,Textiles (17),1.0
521149,"Cotton Woven Fabrics, N.E.S., Different Yarn Colors (Except Denim), Under 85% (Wt) Cotton, Mixed Mainly With Manmade Fibers, Weighing Over 200 G/M2",p17,Textiles (17),1.0
521151,"Cotton Woven Fabrics, N.E.S., Printed, Under 85% (Weight) Cotton, Mixed Mainly With Manmade Fibers, Weighing Over 200 G/M2",p17,Textiles (17),1.0
521152,"Cotton Woven Fabrics, N.E.S., Printed, Under 85% (Weight) Cotton, Mixed Mainly With Manmade Fibers, Weighing Over 200 G/M2",p17,Textiles (17),1.0
521159,"Cotton Woven Fabrics, N.E.S., Printed, Under 85% (Weight) Cotton, Mixed Mainly With Manmade Fibers, Weighing Over 200 G/M2",p17,Textiles (17),1.0
521211,"Cotton Woven Fabrics, N.E.S., Mixed With Textile Materials, N.E.S., Unbleached, Weighing Not Over 200 G/M2",p17,Textiles (17),1.0
521212,"Cotton Woven Fabrics, N.E.S., Mixed With Textile Materials, N.E.S., Bleached, Weighing Not Over 200 G/M2",p17,Textiles (17),1.0
521213,"Cotton Woven Fabrics, N.E.S., Mixed With Textile Materials, N.E.S., Dyed, Weighing Not Over 200 G/M2",p17,Textiles (17),1.0
521214,"Cotton Woven Fabrics, N.E.S., Mixed With Textile Materials, N.E.S., With Yarns Of Different Colors, Weighing Not Over 200 G/M2",p17,Textiles (17),1.0
521215,"Cotton Woven Fabrics, N.E.S., Mixed With Textile Materials, N.E.S., Printed, Weighing Not Over 200 G/M2",p17,Textiles (17),1.0
521221,"Cotton Woven Fabrics, N.E.S., Mixed With Textile Materials, N.E.S., Unbleached, Weighing Over 200 G/M2",p17,Textiles (17),1.0
521222,"Cotton Woven Fabrics, N.E.S., Mixed With Textile Materials, N.E.S., Bleached, Weighing Over 200 G/M2",p17,Textiles (17),1.0
521223,"Cotton Woven Fabrics, N.E.S., Mixed With Textile Materials, N.E.S., Dyed, Weighing Over 200 G/M2",p17,Textiles (17),1.0
521224,"Cotton Woven Fabrics, N.E.S., Mixed With Textile Materials, N.E.S., With Yarns Of Different Colors, Weighing Over 200 G/M2",p17,Textiles (17),1.0
521225,"Cotton Woven Fabrics, N.E.S., Mixed With Textile Materials, N.E.S., Printed, Weighing Over 200 G/M2",p17,Textiles (17),1.0
530110,"Flax, Raw Or Retted",p01.g,Plant-based fibers,1.0
530121,"Flax, Broken, Scutched, Hackled Or Otherwise Processed, But Not Spun",p17,Textiles (17),1.0
530129,"Flax, Broken, Scutched, Hackled Or Otherwise Processed, But Not Spun",p17,Textiles (17),1.0
530130,Flax Tow And Waste (Including Yarn Waste And Garnetted Stock),p17,Textiles (17),1.0
530210,"True Hemp, Raw Or Retted",p01.g,Plant-based fibers,1.0
530290,"True Hemp Textile Fibers, Processed But Not Spun; Tow And Waste Of True Hemp (Including Yarn Waste And Garnetted Stock)",p17,Textiles (17),1.0
530310,"Jute And Other Textile Bast Fibers, Raw Or Retted",p01.g,Plant-based fibers,1.0
530390,"Jute And Other Textile Bast Fibers, N.E.S. Processed But Not Spun; Tow And Waste Of These Fibers (Including Yarn Waste And Garnetted Stock)",p17,Textiles (17),1.0
530410,"Sisal And Other Textile Fibers Of The Genus Agave, Raw",p01.g,Plant-based fibers,1.0
530490,"Sisal And Other Textile Fibers Of The Genus Agave, Processed But Not Spun; Tow And Waste Of These Fibers (Including Yarn Waste And Garnetted Stock)",p17,Textiles (17),1.0
530511,"Coconut Fibers (Coir), Raw",p01.g,Plant-based fibers,1.0
530519,"Coconut Fibers (Coir), Processed But Not Spun; Tow, Noils And Waste Of The Se Fibers (Including Yarn Waste And Garnetted Stock)",p17,Textiles (17),1.0
530521,"Abaca (Manila Hemp Or Musa Textilis Nee), Raw",p01.g,Plant-based fibers,1.0
530529,"Abaca (Manila Hemp Or Musa Textilis Nee), Processed But Not Spun; Tow, Noils And Waste Of These Fibers (Including Yarn Waste And Garnetted Stock)",p17,Textiles (17),1.0
530591,"Vegetable Textile Fibers, N.E.S., Raw",p01.g,Plant-based fibers,1.0
530599,"Vegetable Textile Fibers N.E.S., Processed But Not Spun; Tow, Noils And Waste Of These Fibers (Including Yarn Waste And Garnetted Stock)",p17,Textiles (17),1.0
530610,Flax Yarn,p17,Textiles (17),1.0
530620,Flax Yarn,p17,Textiles (17),1.0
530710,"Yarn Of Jute Or Other Textile Bast Fibers (Excluding Flax, True Hemp And Ramie)",p17,Textiles (17),1.0
530720,"Yarn Of Jute Or Other Textile Bast Fibers (Excluding Flax, True Hemp And Ramie)",p17,Textiles (17),1.0
530810,"Yarn Of Vegetable Textile Fibers, N.E.S. (Including True Hemp And Coir Yarns); Paper Yarns",p17,Textiles (17),1.0
530820,"Yarn Of Vegetable Textile Fibers, N.E.S. (Including True Hemp And Coir Yarns); Paper Yarns",p17,Textiles (17),1.0
530830,"Yarn Of Vegetable Textile Fibers, N.E.S. (Including True Hemp And Coir Yarns); Paper Yarns",p17,Textiles (17),1.0
530890,"Yarn Of Vegetable Textile Fibers, N.E.S. (Including True Hemp And Coir Yarns); Paper Yarns",p17,Textiles (17),1.0
530911,"Woven Flax Fabrics, Not Under 85% (Weight) Flax (Other Than Narrow Or Special Fabrics)",p17,Textiles (17),1.0
530919,"Woven Flax Fabrics, Not Under 85% (Weight) Flax (Other Than Narrow Or Special Fabrics)",p17,Textiles (17),1.0
530921,"Woven Flax Fabrics, Under 85% (Weight) Flax (Other Than Narrow Or Special Fabrics)",p17,Textiles (17),1.0
530929,"Woven Flax Fabrics, Under 85% (Weight) Flax (Other Than Narrow Or Special Fabrics)",p17,Textiles (17),1.0
531010,Woven Fabrics Of Jute Or Other Textile Bast Fibers (Other Than Narrow Or Special Fabrics),p17,Textiles (17),1.0
531090,Woven Fabrics Of Jute Or Other Textile Bast Fibers (Other Than Narrow Or Special Fabrics),p17,Textiles (17),1.0
531100,"Woven Fabrics Of Vegetable Textile Fibers, N.E.S.; Woven Fabrics Of Paper Yarn",p17,Textiles (17),1.0
540110,"Sewing Thread Of Synthetic Filaments, Packaged For Retail Sale Or Not",p17,Textiles (17),1.0
540120,"Sewing Thread Of Artificial Filaments, Packaged For Retail Sale Or Not",p17,Textiles (17),1.0
540210,"Synthetic Filament High Tenacity Yarn (Other Than Sewing Thread), Nylon, Other Polyamides Or Polyesters, Not Packaged For Retail Sale",p24.d,Chemicals nec,1.0
540220,"Synthetic Filament High Tenacity Yarn (Other Than Sewing Thread), Nylon, Other Polyamides Or Polyesters, Not Packaged For Retail Sale",p24.d,Chemicals nec,1.0
540231,"Synthitic Filament Yarn (Other Than Sewing Thread) Of Textured Nylon Or Other Polyamides, Not Packaged For Retail Sale",p24.d,Chemicals nec,1.0
540232,"Synthitic Filament Yarn (Other Than Sewing Thread) Of Textured Nylon Or Other Polyamides, Not Packaged For Retail Sale",p24.d,Chemicals nec,1.0
540233,"Synthetic Filament Yarn (Other Than Sewing Thread) Of Textured Polyesters, Not Packaged For Retail Sale",p24.d,Chemicals nec,1.0
540239,"Synthetic Filament Yarn (Other Than Sewing Thread), Textured, N.E.S., Not Packaged For Retail Sale",p24.d,Chemicals nec,1.0
540241,"Synthetic Filament Yarn (No Sewing Thread) N.E.S., Single, Not Over 50 Turns Per Meter If Twisted, Not Packaged For Retail Sale",p24.d,Chemicals nec,1.0
540242,"Synthetic Filament Yarn (No Sewing Thread) N.E.S., Single, Not Over 50 Turns Per Meter If Twisted, Not Packaged For Retail Sale",p24.d,Chemicals nec,1.0
540243,"Synthetic Filament Yarn (No Sewing Thread) N.E.S., Single, Not Over 50 Turns Per Meter If Twisted, Not Packaged For Retail Sale",p24.d,Chemicals nec,1.0
540249,"Synthetic Filament Yarn (No Sewing Thread) N.E.S., Single, Not Over 50 Turns Per Meter If Twisted, Not Packaged For Retail Sale",p24.d,Chemicals nec,1.0
540251,"Synthetic Filament Yarn (No Sewing Thread) N.E.S., Single, With A Twist Over 50 Turns Per Meter, Not Packaged For Retail Sale",p24.d,Chemicals nec,1.0
540252,"Synthetic Filament Yarn (No Sewing Thread) N.E.S., Single, With A Twist Over 50 Turns Per Meter, Not Packaged For Retail Sale",p24.d,Chemicals nec,1.0
540259,"Synthetic Filament Yarn (No Sewing Thread) N.E.S., Single, With A Twist Over 50 Turns Per Meter, Not Packaged For Retail Sale",p24.d,Chemicals nec,1.0
540261,"Synthetic Filament Yarn (No Sewing Thread) N.E.S., Multiple (Folded) Or Cabled, Not Packaged For Retail Sale",p17,Textiles (17),1.0
540262,"Synthetic Filament Yarn (No Sewing Thread) N.E.S., Multiple (Folded) Or Cabled, Not Packaged For Retail Sale",p17,Textiles (17),1.0
540269,"Synthetic Filament Yarn (No Sewing Thread) N.E.S., Multiple (Folded) Or Cabled, Not Packaged For Retail Sale",p17,Textiles (17),1.0
540310,"High Tenacity Viscose Rayon Yarn (No Sewing Thread), Not Packaged For Retail Sale",p24.d,Chemicals nec,1.0
540320,"Textured Artificial Filament Yarn (No Sewing Thread), Not Packaged For Retail Sale",p24.d,Chemicals nec,1.0
540331,"Viscose Rayon Yarn, N.E.S. (No Sewing Thread), Single, Not Over 120 Turns Per Meter If Twisted, Not Packaged For Retail Sale",p24.d,Chemicals nec,1.0
540332,"Artificial Filament Yarn (No Sewing Thread), Single, N.E.S., Not Packaged For Retail Sale",p24.d,Chemicals nec,1.0
540333,"Artificial Filament Yarn (No Sewing Thread), Single, N.E.S., Not Packaged For Retail Sale",p24.d,Chemicals nec,1.0
540339,"Artificial Filament Yarn (No Sewing Thread), Single, N.E.S., Not Packaged For Retail Sale",p24.d,Chemicals nec,1.0
540341,"Artificial Filament Yarn (No Sewing Thread), N.E.S., Not Packaged For Retail Sale",p17,Textiles (17),1.0
540342,"Artificial Filament Yarn (No Sewing Thread), N.E.S., Not Packaged For Retail Sale",p17,Textiles (17),1.0
540349,"Artificial Filament Yarn (No Sewing Thread), N.E.S., Not Packaged For Retail Sale",p17,Textiles (17),1.0
540410,Synthetic Monofilament Of 67 Decitex Or Over And Cross,p24.d,Chemicals nec,1.0
540490,Synthetic Monofilament Of 67 Decitex Or Over And Cross,p24.d,Chemicals nec,1.0
540500,Artificial Monofilament Of 67 Decitex Or Over And Cross,p24.d,Chemicals nec,1.0
540610,"Synthetic Filament Yarn (Other Than Sewing Thread), Packaged For Retail Sale",p17,Textiles (17),1.0
540620,"Artificial Filament Yarn (No Sewing Thread), Packaged For Retail Sale",p17,Textiles (17),1.0
540710,Woven Fabrics From High Tenacity Nylon Or Other Polyamide Or Polyester Yarn (Other Than Pile Or Chenille And Narrow Or Special Fabrics),p17,Textiles (17),1.0
540720,Woven Fabrics From Strip Or Straw Of Synthetic Textile Materials (Other Than Pile Or Chenille And Narrow Or Special Fabrics),p17,Textiles (17),1.0
540730,"Fabrics Of Layers Of Parallel Synthetic Filament Yarns, Superimposed On Each Other At Acute Or Right Angles, Layers Bonded (No Narrow Etc. Fabrics)",p17,Textiles (17),1.0
540741,"Woven Manmade Textile Fabrics, N.E.S., Not Under 85% (Weight) Filaments Of Nylon Or Other Polyamides (Other Than Pile, Chenille, Narrow Etc. Fabric",p17,Textiles (17),1.0
540742,"Woven Manmade Textile Fabrics, N.E.S., Not Under 85% (Weight) Filaments Of Nylon Or Other Polyamides (Other Than Pile, Chenille, Narrow Etc. Fabric",p17,Textiles (17),1.0
540743,"Woven Manmade Textile Fabrics, N.E.S., Not Under 85% (Weight) Filaments Of Nylon Or Other Polyamides (Other Than Pile, Chenille, Narrow Etc. Fabric",p17,Textiles (17),1.0
540744,"Woven Manmade Textile Fabrics, N.E.S., Not Under 85% (Weight) Filaments Of Nylon Or Other Polyamides (Other Than Pile, Chenille, Narrow Etc. Fabric",p17,Textiles (17),1.0
540751,"Woven Manmade Textile Fabrics, N.E.S., Not Under 85% (Weight) Textured Filaments Of Polyester (Other Than Pile Or Chenille And Narrow Etc. Fabrics)",p17,Textiles (17),1.0
540752,"Woven Manmade Textile Fabrics, N.E.S., Not Under 85% (Weight) Textured Filaments Of Polyester (Other Than Pile Or Chenille And Narrow Etc. Fabrics)",p17,Textiles (17),1.0
540753,"Woven Manmade Textile Fabrics, N.E.S., Not Under 85% (Weight) Textured Filaments Of Polyester (Other Than Pile Or Chenille And Narrow Etc. Fabrics)",p17,Textiles (17),1.0
540754,"Woven Manmade Textile Fabrics, N.E.S., Not Under 85% (Weight) Textured Filaments Of Polyester (Other Than Pile Or Chenille And Narrow Etc. Fabrics)",p17,Textiles (17),1.0
540761,"Woven Manmade Textile Fabrics, N.E.S., Not Under 85% (Weight) Non",p17,Textiles (17),1.0
540769,"Woven Manmade Textile Fabrics, N.E.S., Not Under 85% (Weight) Synthetic Filaments, N.E.S. (Other Than Pile, Chenille, Narrow Etc. Fabrics)",p17,Textiles (17),1.0
540771,"Woven Manmade Textile Fabrics, N.E.S., Not Under 85% (Weight) Synthetic Filaments, N.E.S. (Other Than Pile, Chenille, Narrow Etc. Fabrics)",p17,Textiles (17),1.0
540772,"Woven Manmade Textile Fabrics, N.E.S., Not Under 85% (Weight) Synthetic Filaments, N.E.S. (Other Than Pile, Chenille, Narrow Etc. Fabrics)",p17,Textiles (17),1.0
540773,"Woven Manmade Textile Fabrics, N.E.S., Not Under 85% (Weight) Synthetic Filaments, N.E.S. (Other Than Pile, Chenille, Narrow Etc. Fabrics)",p17,Textiles (17),1.0
540774,"Woven Manmade Textile Fabrics, N.E.S., Not Under 85% (Weight) Synthetic Filaments, N.E.S. (Other Than Pile, Chenille, Narrow Etc. Fabrics)",p17,Textiles (17),1.0
540781,"Woven Manmade Textile Fabrics, N.E.S., Under 85% (Weight) Synthetic Filame Nts, Mixed Mainly With Cotton (Except Pile, Chenille, Narrow Etc. Fabric",p17,Textiles (17),1.0
540782,"Woven Manmade Textile Fabrics, N.E.S., Under 85% (Weight) Synthetic Filame Nts, Mixed Mainly With Cotton (Except Pile, Chenille, Narrow Etc. Fabric",p17,Textiles (17),1.0
540783,"Woven Manmade Textile Fabrics, N.E.S., Under 85% (Weight) Synthetic Filame Nts, Mixed Mainly With Cotton (Except Pile, Chenille, Narrow Etc. Fabric",p17,Textiles (17),1.0
540784,"Woven Manmade Textile Fabrics, N.E.S., Under 85% (Weight) Synthetic Filame Nts, Mixed Mainly With Cotton (Except Pile, Chenille, Narrow Etc. Fabric",p17,Textiles (17),1.0
540791,"Woven Manmade Textile Fabrics, N.E.S., Of Synthetic Filament Yarns, N.E.S. (Except Pile, Chenille, Narrow Etc. Fabrics)",p17,Textiles (17),1.0
540792,"Woven Manmade Textile Fabrics, N.E.S., Of Synthetic Filament Yarns, N.E.S. (Except Pile, Chenille, Narrow Etc. Fabrics)",p17,Textiles (17),1.0
540793,"Woven Manmade Textile Fabrics, N.E.S., Of Synthetic Filament Yarns, N.E.S. (Except Pile, Chenille, Narrow Etc. Fabrics)",p17,Textiles (17),1.0
540794,"Woven Manmade Textile Fabrics, N.E.S., Of Synthetic Filament Yarns, N.E.S. (Except Pile, Chenille, Narrow Etc. Fabrics)",p17,Textiles (17),1.0
540810,Woven Fabrics Obtained From High Tenacity Yarn Of Viscose Rayon (Other Than Pile Or Chenille And Narrow Or Special Fabrics),p17,Textiles (17),1.0
540821,"Woven Fabrics Of Artificial Filaments Or Strip, Etc., Not Under 85% (Weight) Of Such Textile Materials (No Pile, Chenille Or Narrow Etc. Fabrics)",p17,Textiles (17),1.0
540822,"Woven Fabrics Of Artificial Filaments Or Strip, Etc., Not Under 85% (Weight) Of Such Textile Materials (No Pile, Chenille Or Narrow Etc. Fabrics)",p17,Textiles (17),1.0
540823,"Woven Fabrics Of Artificial Filaments Or Strip, Etc., Not Under 85% (Weight) Of Such Textile Materials (No Pile, Chenille Or Narrow Etc. Fabrics)",p17,Textiles (17),1.0
540824,"Woven Fabrics Of Artificial Filaments Or Strip, Etc., Not Under 85% (Weight) Of Such Textile Materials (No Pile, Chenille Or Narrow Etc. Fabrics)",p17,Textiles (17),1.0
540831,"Woven Fabrics Of Artificial Filament Yarn, N.E.S. (Other Than Pile Or Chenille And Narrow Or Special Fabrics)",p17,Textiles (17),1.0
540832,"Woven Fabrics Of Artificial Filament Yarn, N.E.S. (Other Than Pile Or Chenille And Narrow Or Special Fabrics)",p17,Textiles (17),1.0
540833,"Woven Fabrics Of Artificial Filament Yarn, N.E.S. (Other Than Pile Or Chenille And Narrow Or Special Fabrics)",p17,Textiles (17),1.0
540834,"Woven Fabrics Of Artificial Filament Yarn, N.E.S. (Other Than Pile Or Chenille And Narrow Or Special Fabrics)",p17,Textiles (17),1.0
550110,Synthetic Filament Tow Of Nylon Or Other Polyamides,p24.d,Chemicals nec,1.0
550120,Synthetic Filament Tow Of Polyesters,p24.d,Chemicals nec,1.0
550130,Synthetic Filament Tow Of Acrylic Or Modacrylic,p24.d,Chemicals nec,1.0
550190,"Synthetic Filament Tow, N.E.S.",p24.d,Chemicals nec,1.0
550200,Artificial Filament Tow,p24.d,Chemicals nec,1.0
550310,"Synthetic Staple Fibers Of Nylon Or Other Polyamides, Not Carded, Combed Or Otherwise Processed For Spinning",p24.d,Chemicals nec,1.0
550320,"Synthetic Staple Fibers Of Polyesters, Not Carded, Combed Or Otherwise Processed For Spinning",p24.d,Chemicals nec,1.0
550330,"Synthetic Staple Fibers Of Acrylic Or Modacrylic, Not Carded, Combed Or Otherwise Processed For Spinning",p24.d,Chemicals nec,1.0
550340,"Synthetic Staple Fibers, N.E.S., Not Carded, Combed Or Otherwise Processed For Spinning",p24.d,Chemicals nec,1.0
550390,"Synthetic Staple Fibers, N.E.S., Not Carded, Combed Or Otherwise Processed For Spinning",p24.d,Chemicals nec,1.0
550410,"Artificial Staple Fibers, Not Carded, Combed Or Otherwise Processed For Spinning",p24.d,Chemicals nec,1.0
550490,"Artificial Staple Fibers, Not Carded, Combed Or Otherwise Processed For Spinning",p24.d,Chemicals nec,1.0
550510,"3921te (Including Noils, Yarn Waste And Garnetted Stock), Of Synthetic Fibers""",p24.d,Chemicals nec,1.0
550520,"3921te (Including Noils, Yarn Waste And Garnetted Stock), Of Artificiail Fibers""",p24.d,Chemicals nec,1.0
550610,"Synthetic Staple Fibers Of Nylon Or Other Polyamides, Carded, Combed Or Otherwise Processed For Spinning",p17,Textiles (17),1.0
550620,"Synthetic Staple Fibers Of Polyesters, Carded, Combed Or Otherwise Processed For Spinning",p17,Textiles (17),1.0
550630,"Synthetic Staple Fiber Of Acrylic Or Modacrylic, Carded, Combed Or Otherwise Processed For Spinning",p17,Textiles (17),1.0
550690,"Synthetic Staple Fibers, N.E.S., Carded, Combed Or Otherwise Processed For Spinning",p17,Textiles (17),1.0
550700,"Artificial Staple Fibers, Carded, Combed Or Otherwise Processed For Spinning",p17,Textiles (17),1.0
550810,"Sewing Thread Of Synthetic Staple Fibers, Packaged For Retail Sale Or Not",p17,Textiles (17),1.0
550820,"Sewing Thread Of Artificial Staple Fibers, Packaged For Retail Sale Or Not",p17,Textiles (17),1.0
550911,"Yarn (No Sewing Thread), Not Under 85% Synthetic Staple Fibers By Weight, Not Packaged For Retail Sale",p17,Textiles (17),1.0
550912,"Yarn (No Sewing Thread), Not Under 85% Synthetic Staple Fibers By Weight, Not Packaged For Retail Sale",p17,Textiles (17),1.0
550921,"Yarn (No Sewing Thread), Not Under 85% Synthetic Staple Fibers By Weight, Not Packaged For Retail Sale",p17,Textiles (17),1.0
550922,"Yarn (No Sewing Thread), Not Under 85% Synthetic Staple Fibers By Weight, Not Packaged For Retail Sale",p17,Textiles (17),1.0
550931,"Yarn (No Sewing Thread), Not Under 85% Synthetic Staple Fibers By Weight, Not Packaged For Retail Sale",p17,Textiles (17),1.0
550932,"Yarn (No Sewing Thread), Not Under 85% Synthetic Staple Fibers By Weight, Not Packaged For Retail Sale",p17,Textiles (17),1.0
550941,"Yarn (No Sewing Thread), Not Under 85% Synthetic Staple Fibers By Weight, Not Packaged For Retail Sale",p17,Textiles (17),1.0
550942,"Yarn (No Sewing Thread), Not Under 85% Synthetic Staple Fibers By Weight, Not Packaged For Retail Sale",p17,Textiles (17),1.0
550951,"Yarn (No Sewing Thread) Of Synthetic Staple Fibers, Containing Under 85% Of Those Fibers By Weight, Not Packaged For Retail Sale",p17,Textiles (17),1.0
550952,"Yarn (No Sewing Thread) Of Synthetic Staple Fibers, Containing Under 85% Of Those Fibers By Weight, Not Packaged For Retail Sale",p17,Textiles (17),1.0
550953,"Yarn (No Sewing Thread) Of Synthetic Staple Fibers, Containing Under 85% Of Those Fibers By Weight, Not Packaged For Retail Sale",p17,Textiles (17),1.0
550959,"Yarn (No Sewing Thread) Of Synthetic Staple Fibers, Containing Under 85% Of Those Fibers By Weight, Not Packaged For Retail Sale",p17,Textiles (17),1.0
550961,"Yarn (No Sewing Thread) Of Synthetic Staple Fibers, Containing Under 85% Of Those Fibers By Weight, Not Packaged For Retail Sale",p17,Textiles (17),1.0
550962,"Yarn (No Sewing Thread) Of Synthetic Staple Fibers, Containing Under 85% Of Those Fibers By Weight, Not Packaged For Retail Sale",p17,Textiles (17),1.0
550969,"Yarn (No Sewing Thread) Of Synthetic Staple Fibers, Containing Under 85% Of Those Fibers By Weight, Not Packaged For Retail Sale",p17,Textiles (17),1.0
550991,"Yarn (No Sewing Thread) Of Synthetic Staple Fibers, Containing Under 85% Of Those Fibers By Weight, Not Packaged For Retail Sale",p17,Textiles (17),1.0
550992,"Yarn (No Sewing Thread) Of Synthetic Staple Fibers, Containing Under 85% Of Those Fibers By Weight, Not Packaged For Retail Sale",p17,Textiles (17),1.0
550999,"Yarn (No Sewing Thread) Of Synthetic Staple Fibers, Containing Under 85% Of Those Fibers By Weight, Not Packaged For Retail Sale",p17,Textiles (17),1.0
551011,"Yarn (No Sewing Thread), Not Under 85% Artificial Staple Fibers By Weight, Not Packaged For Retail Sale",p17,Textiles (17),1.0
551012,"Yarn (No Sewing Thread), Not Under 85% Artificial Staple Fibers By Weight, Not Packaged For Retail Sale",p17,Textiles (17),1.0
551020,"Yarn (No Sewing Thread) Of Artificial Staple Fibers, Containing Under 85% Of Those Fibers By Weight, Not Packaged For Retail Sale",p17,Textiles (17),1.0
551030,"Yarn (No Sewing Thread) Of Artificial Staple Fibers, Containing Under 85% Of Those Fibers By Weight, Not Packaged For Retail Sale",p17,Textiles (17),1.0
551090,"Yarn (No Sewing Thread) Of Artificial Staple Fibers, Containing Under 85% Of Those Fibers By Weight, Not Packaged For Retail Sale",p17,Textiles (17),1.0
551110,"Yarn (No Sewing Thread), Not Under 85% Synthetic Staple Fibers By Weight, Packaged For Retail Sale",p17,Textiles (17),1.0
551120,"Yarn (No Sewing Thread) Of Synthetic Staple Fibers, Containing Under 85% Of Those Fibers By Weight, Packaged For Retail Sale",p17,Textiles (17),1.0
551130,"Yarn Of Artificial Staple Fibers (No Sewing Thread), Packaged For Retail Sale",p17,Textiles (17),1.0
551211,"Woven Fabrics Of Polyester Staple Fibers, Not Under 85% (Weight) Of Such Fibers (Other Than Pile Or Chenille And Narrow Or Special Fabrics)",p17,Textiles (17),1.0
551219,"Woven Fabrics Of Polyester Staple Fibers, Not Under 85% (Weight) Of Such Fibers (Other Than Pile Or Chenille And Narrow Or Special Fabrics)",p17,Textiles (17),1.0
551221,"Woven Fabrics Of Acrylic Or Modacrylic Staple Fibers, Not Under 85% (Weight) Of Such Fibers (Other Than Pile Or Chenille And Narrow Etc. Fabrics)",p17,Textiles (17),1.0
551229,"Woven Fabrics Of Acrylic Or Modacrylic Staple Fibers, Not Under 85% (Weight) Of Such Fibers (Other Than Pile Or Chenille And Narrow Etc. Fabrics)",p17,Textiles (17),1.0
551291,"Woven Fabrics Of Synthetic Staple Fibers, N.E.S., Not Under 85% (Weight) Of Such Fibers (Other Than Pile Or Chenille And Narrow Or Special Fabrics)",p17,Textiles (17),1.0
551299,"Woven Fabrics Of Synthetic Staple Fibers, N.E.S., Not Under 85% (Weight) Of Such Fibers (Other Than Pile Or Chenille And Narrow Or Special Fabrics)",p17,Textiles (17),1.0
551311,"Woven Fabrics Of Polyester Staple Fibers, Under 85% (Weight) Of Such Fibers, Mixed Mainly With Cotton, Not Over 170 G/M2 (No Pile, Narrow Etc. Fabr",p17,Textiles (17),1.0
551312,"Woven Fabrics Of Polyester Staple Fibers, Under 85% (Weight) Of Such Fibers, Mixed Mainly With Cotton, Not Over 170 G/M2 (No Pile, Narrow Etc. Fabr",p17,Textiles (17),1.0
551313,"Woven Fabrics Of Polyester Staple Fibers, Under 85% (Weight) Of Such Fibers, Mixed Mainly With Cotton, Not Over 170 G/M2 (No Pile, Narrow Etc. Fabr",p17,Textiles (17),1.0
551319,"Woven Fabrics Of Synthetic Staple Fibers, N.E.S., Under 85% (Weight) Of Such Fibers, Mixed Mainly With Cotton, Not Over 170 G/M2 (No Pile Etc. Fabr",p17,Textiles (17),1.0
551321,"Woven Fabrics Of Polyester Staple Fibers, Under 85% (Weight) Of Such Fibers, Mixed Mainly With Cotton, Not Over 170 G/M2 (No Pile, Narrow Etc. Fabr",p17,Textiles (17),1.0
551322,"Woven Fabrics Of Polyester Staple Fibers, Under 85% (Weight) Of Such Fibers, Mixed Mainly With Cotton, Not Over 170 G/M2 (No Pile, Narrow Etc. Fabr",p17,Textiles (17),1.0
551323,"Woven Fabrics Of Polyester Staple Fibers, Under 85% (Weight) Of Such Fibers, Mixed Mainly With Cotton, Not Over 170 G/M2 (No Pile, Narrow Etc. Fabr",p17,Textiles (17),1.0
551329,"Woven Fabrics Of Synthetic Staple Fibers, N.E.S., Under 85% (Weight) Of Such Fibers, Mixed Mainly With Cotton, Not Over 170 G/M2 (No Pile Etc. Fabr",p17,Textiles (17),1.0
551331,"Woven Fabrics Of Polyester Staple Fibers, Under 85% (Weight) Of Such Fibers, Mixed Mainly With Cotton, Not Over 170 G/M2 (No Pile, Narrow Etc. Fabr",p17,Textiles (17),1.0
551332,"Woven Fabrics Of Polyester Staple Fibers, Under 85% (Weight) Of Such Fibers, Mixed Mainly With Cotton, Not Over 170 G/M2 (No Pile, Narrow Etc. Fabr",p17,Textiles (17),1.0
551333,"Woven Fabrics Of Polyester Staple Fibers, Under 85% (Weight) Of Such Fibers, Mixed Mainly With Cotton, Not Over 170 G/M2 (No Pile, Narrow Etc. Fabr",p17,Textiles (17),1.0
551339,"Woven Fabrics Of Synthetic Staple Fibers, N.E.S., Under 85% (Weight) Of Such Fibers, Mixed Mainly With Cotton, Not Over 170 G/M2 (No Pile Etc. Fabr",p17,Textiles (17),1.0
551341,"Woven Fabrics Of Polyester Staple Fibers, Under 85% (Weight) Of Such Fibers, Mixed Mainly With Cotton, Not Over 170 G/M2 (No Pile, Narrow Etc. Fabr",p17,Textiles (17),1.0
551342,"Woven Fabrics Of Polyester Staple Fibers, Under 85% (Weight) Of Such Fibers, Mixed Mainly With Cotton, Not Over 170 G/M2 (No Pile, Narrow Etc. Fabr",p17,Textiles (17),1.0
551343,"Woven Fabrics Of Polyester Staple Fibers, Under 85% (Weight) Of Such Fibers, Mixed Mainly With Cotton, Not Over 170 G/M2 (No Pile, Narrow Etc. Fabr",p17,Textiles (17),1.0
551349,"Woven Fabrics Of Synthetic Staple Fibers, N.E.S., Under 85% (Weight) Of Such Fibers, Mixed Mainly With Cotton, Not Over 170 G/M2 (No Pile Etc. Fabr",p17,Textiles (17),1.0
551411,"Woven Fabrics Of Polyester Staple Fibers, Under 85% (Weight) Of Such Fibers, Mixed Mainly With Cotton, Over 170 G/M2 (No Pile, Narrow Etc. Fabrics)",p17,Textiles (17),1.0
551412,"Woven Fabrics Of Polyester Staple Fibers, Under 85% (Weight) Of Such Fibers, Mixed Mainly With Cotton, Over 170 G/M2 (No Pile, Narrow Etc. Fabrics)",p17,Textiles (17),1.0
551413,"Woven Fabrics Of Polyester Staple Fibers, Under 85% (Weight) Of Such Fibers, Mixed Mainly With Cotton, Over 170 G/M2 (No Pile, Narrow Etc. Fabrics)",p17,Textiles (17),1.0
551419,"Woven Fabrics Of Synthetic Staple Fibers, N.E.S., Under 85% (Weight) Of Such Fibers, Mixed Mainly With Cotton, Over 170 G/M2 (No Pile Etc. Fabrics)",p17,Textiles (17),1.0
551421,"Woven Fabrics Of Polyester Staple Fibers, Under 85% (Weight) Of Such Fibers, Mixed Mainly With Cotton, Over 170 G/M2 (No Pile, Narrow Etc. Fabrics)",p17,Textiles (17),1.0
551422,"Woven Fabrics Of Polyester Staple Fibers, Under 85% (Weight) Of Such Fibers, Mixed Mainly With Cotton, Over 170 G/M2 (No Pile, Narrow Etc. Fabrics)",p17,Textiles (17),1.0
551423,"Woven Fabrics Of Polyester Staple Fibers, Under 85% (Weight) Of Such Fibers, Mixed Mainly With Cotton, Over 170 G/M2 (No Pile, Narrow Etc. Fabrics)",p17,Textiles (17),1.0
551429,"Woven Fabrics Of Synthetic Staple Fibers, N.E.S., Under 85% (Weight) Of Such Fibers, Mixed Mainly With Cotton, Over 170 G/M2 (No Pile Etc. Fabrics)",p17,Textiles (17),1.0
551431,"Woven Fabrics Of Polyester Staple Fibers, Under 85% (Weight) Of Such Fibers, Mixed Mainly With Cotton, Over 170 G/M2 (No Pile, Narrow Etc. Fabrics)",p17,Textiles (17),1.0
551432,"Woven Fabrics Of Polyester Staple Fibers, Under 85% (Weight) Of Such Fibers, Mixed Mainly With Cotton, Over 170 G/M2 (No Pile, Narrow Etc. Fabrics)",p17,Textiles (17),1.0
551433,"Woven Fabrics Of Polyester Staple Fibers, Under 85% (Weight) Of Such Fibers, Mixed Mainly With Cotton, Over 170 G/M2 (No Pile, Narrow Etc. Fabrics)",p17,Textiles (17),1.0
551439,"Woven Fabrics Of Synthetic Staple Fibers, N.E.S., Under 85% (Weight) Of Such Fibers, Mixed Mainly With Cotton, Over 170 G/M2 (No Pile Etc. Fabrics)",p17,Textiles (17),1.0
551441,"Woven Fabrics Of Polyester Staple Fibers, Under 85% (Weight) Of Such Fibers, Mixed Mainly With Cotton, Over 170 G/M2 (No Pile, Narrow Etc. Fabrics)",p17,Textiles (17),1.0
551442,"Woven Fabrics Of Polyester Staple Fibers, Under 85% (Weight) Of Such Fibers, Mixed Mainly With Cotton, Over 170 G/M2 (No Pile, Narrow Etc. Fabrics)",p17,Textiles (17),1.0
551443,"Woven Fabrics Of Polyester Staple Fibers, Under 85% (Weight) Of Such Fibers, Mixed Mainly With Cotton, Over 170 G/M2 (No Pile, Narrow Etc. Fabrics)",p17,Textiles (17),1.0
551449,"Woven Fabrics Of Synthetic Staple Fibers, N.E.S., Under 85% (Weight) Of Such Fibers, Mixed Mainly With Cotton, Over 170 G/M2 (No Pile Etc. Fabrics)",p17,Textiles (17),1.0
551511,"Woven Fabrics, Under 85% (Weight) Synthetic Staple Fibers Mixed Mainly With Fibers Except Cotton, Wool, Etc., Or Manmade Filaments (No Pile Etc.)",p17,Textiles (17),1.0
551512,"Woven Fabrics Of Synthetic Staple Fibers, Under 85% (Weight) Of Such Fibers, Mixed Mainly With Manmade Filaments (No Pile, Narrow Etc. Fabrics)",p17,Textiles (17),1.0
551513,"Woven Fabrics Of Synthetic Staple Fibers, Under 85% (Weight) Of Such Fibers, Mixed Mainly With Wool Or Fine Animal Hair (No Pile, Narrow Etc. Fabri",p17,Textiles (17),1.0
551519,"Woven Fabrics, Under 85% (Weight) Synthetic Staple Fibers Mixed Mainly With Fibers Except Cotton, Wool, Etc., Or Manmade Filaments (No Pile Etc.)",p17,Textiles (17),1.0
551521,"Woven Fabrics Of Synthetic Staple Fibers, Under 85% (Weight) Of Such Fibers, Mixed Mainly With Manmade Filaments (No Pile, Narrow Etc. Fabrics)",p17,Textiles (17),1.0
551522,"Woven Fabrics Of Synthetic Staple Fibers, Under 85% (Weight) Of Such Fibers, Mixed Mainly With Wool Or Fine Animal Hair (No Pile, Narrow Etc. Fabri",p17,Textiles (17),1.0
551529,"Woven Fabrics, Under 85% (Weight) Synthetic Staple Fibers Mixed Mainly With Fibers Except Cotton, Wool, Etc., Or Manmade Filaments (No Pile Etc.)",p17,Textiles (17),1.0
551591,"Woven Fabrics Of Synthetic Staple Fibers, Under 85% (Weight) Of Such Fibers, Mixed Mainly With Manmade Filaments (No Pile, Narrow Etc. Fabrics)",p17,Textiles (17),1.0
551592,"Woven Fabrics Of Synthetic Staple Fibers, Under 85% (Weight) Of Such Fibers, Mixed Mainly With Wool Or Fine Animal Hair (No Pile, Narrow Etc. Fabri",p17,Textiles (17),1.0
551599,"Woven Fabrics, Under 85% (Weight) Synthetic Staple Fibers Mixed Mainly With Fibers Except Cotton, Wool, Etc., Or Manmade Filaments (No Pile Etc.)",p17,Textiles (17),1.0
551611,"Woven Fabrics Of Artificial Staple Fibers, Not Under 85% (Weight) Of Such Fibers (Other Than Pile Or Chenille And Narrow Or Special Fabrics)",p17,Textiles (17),1.0
551612,"Woven Fabrics Of Artificial Staple Fibers, Not Under 85% (Weight) Of Such Fibers (Other Than Pile Or Chenille And Narrow Or Special Fabrics)",p17,Textiles (17),1.0
551613,"Woven Fabrics Of Artificial Staple Fibers, Not Under 85% (Weight) Of Such Fibers (Other Than Pile Or Chenille And Narrow Or Special Fabrics)",p17,Textiles (17),1.0
551614,"Woven Fabrics Of Artificial Staple Fibers, Not Under 85% (Weight) Of Such Fibers (Other Than Pile Or Chenille And Narrow Or Special Fabrics)",p17,Textiles (17),1.0
551621,"Woven Fabrics Of Artificial Staple Fibers, Under 85% (Weight) Of Such Fibers, Mixed Mainly With Manmade Filaments (No Pile, Narrow Etc. Fabrics)",p17,Textiles (17),1.0
551622,"Woven Fabrics Of Artificial Staple Fibers, Under 85% (Weight) Of Such Fibers, Mixed Mainly With Manmade Filaments (No Pile, Narrow Etc. Fabrics)",p17,Textiles (17),1.0
551623,"Woven Fabrics Of Artificial Staple Fibers, Under 85% (Weight) Of Such Fibers, Mixed Mainly With Manmade Filaments (No Pile, Narrow Etc. Fabrics)",p17,Textiles (17),1.0
551624,"Woven Fabrics Of Artificial Staple Fibers, Under 85% (Weight) Of Such Fibers, Mixed Mainly With Manmade Filaments (No Pile, Narrow Etc. Fabrics)",p17,Textiles (17),1.0
551631,"Woven Fabrics Of Artificial Staple Fibers, Under 85% (Weight) Of Such Fibers, Mixed Mainly With Wool Or Fine Animal Hair (No Pile, Narrow Etc. Fabr",p17,Textiles (17),1.0
551632,"Woven Fabrics Of Artificial Staple Fibers, Under 85% (Weight) Of Such Fibers, Mixed Mainly With Wool Or Fine Animal Hair (No Pile, Narrow Etc. Fabr",p17,Textiles (17),1.0
551633,"Woven Fabrics Of Artificial Staple Fibers, Under 85% (Weight) Of Such Fibers, Mixed Mainly With Wool Or Fine Animal Hair (No Pile, Narrow Etc. Fabr",p17,Textiles (17),1.0
551634,"Woven Fabrics Of Artificial Staple Fibers, Under 85% (Weight) Of Such Fibers, Mixed Mainly With Wool Or Fine Animal Hair (No Pile, Narrow Etc. Fabr",p17,Textiles (17),1.0
551641,"Woven Fabrics Of Artificial Staple Fibers, Under 85% (Weight) Of Such Fibers, Mixed Mainly With Cotton (No Pile, Chenille Or Narrow Etc. Fabrics)",p17,Textiles (17),1.0
551642,"Woven Fabrics Of Artificial Staple Fibers, Under 85% (Weight) Of Such Fibers, Mixed Mainly With Cotton (No Pile, Chenille Or Narrow Etc. Fabrics)",p17,Textiles (17),1.0
551643,"Woven Fabrics Of Artificial Staple Fibers, Under 85% (Weight) Of Such Fibers, Mixed Mainly With Cotton (No Pile, Chenille Or Narrow Etc. Fabrics)",p17,Textiles (17),1.0
551644,"Woven Fabrics Of Artificial Staple Fibers, Under 85% (Weight) Of Such Fibers, Mixed Mainly With Cotton (No Pile, Chenille Or Narrow Etc. Fabrics)",p17,Textiles (17),1.0
551691,"Woven Fabrics, Under 85% (Weight) Artificial Staple Fibers Mixed Mainly With Fibers Except Cotton, Wool, Etc. Or Manmade Filaments (No Pile Etc.)",p17,Textiles (17),1.0
551692,"Woven Fabrics, Under 85% (Weight) Artificial Staple Fibers Mixed Mainly With Fibers Except Cotton, Wool, Etc. Or Manmade Filaments (No Pile Etc.)",p17,Textiles (17),1.0
551693,"Woven Fabrics, Under 85% (Weight) Artificial Staple Fibers Mixed Mainly With Fibers Except Cotton, Wool, Etc. Or Manmade Filaments (No Pile Etc.)",p17,Textiles (17),1.0
551694,"Woven Fabrics, Under 85% (Weight) Artificial Staple Fibers Mixed Mainly With Fibers Except Cotton, Wool, Etc. Or Manmade Filaments (No Pile Etc.)",p17,Textiles (17),1.0
560110,"Textile Wadding Materials And Articles Thereof; Textile Fibers Not Over 5 Mm In Length (Flock), Textile Dust And Mill Neps",p17,Textiles (17),1.0
560121,"Textile Wadding Materials And Articles Thereof; Textile Fibers Not Over 5 Mm In Length (Flock), Textile Dust And Mill Neps",p17,Textiles (17),1.0
560122,"Textile Wadding Materials And Articles Thereof; Textile Fibers Not Over 5 Mm In Length (Flock), Textile Dust And Mill Neps",p17,Textiles (17),1.0
560129,"Textile Wadding Materials And Articles Thereof; Textile Fibers Not Over 5 Mm In Length (Flock), Textile Dust And Mill Neps",p17,Textiles (17),1.0
560130,"Textile Wadding Materials And Articles Thereof; Textile Fibers Not Over 5 Mm In Length (Flock), Textile Dust And Mill Neps",p17,Textiles (17),1.0
560210,Needleloom Felt And Stitch,p17,Textiles (17),1.0
560221,"Felt, N.E.S., Not Impregnated, Coated, Covered Or Laminated",p17,Textiles (17),1.0
560229,"Felt, N.E.S., Not Impregnated, Coated, Covered Or Laminated",p17,Textiles (17),1.0
560290,"Felt, Impregnated, Coated, Covered Or Laminated, N.E.S.",p17,Textiles (17),1.0
560311,"Nonwovens, Whether Or Not Impregnated, Coated, Covered Or Laminated, N.E.S.",p17,Textiles (17),1.0
560312,"Nonwovens, Whether Or Not Impregnated, Coated, Covered Or Laminated, N.E.S.",p17,Textiles (17),1.0
560313,"Nonwovens, Whether Or Not Impregnated, Coated, Covered Or Laminated, N.E.S.",p17,Textiles (17),1.0
560314,"Nonwovens, Whether Or Not Impregnated, Coated, Covered Or Laminated, N.E.S.",p17,Textiles (17),1.0
560391,"Nonwovens, Whether Or Not Impregnated, Coated, Covered Or Laminated, N.E.S.",p17,Textiles (17),1.0
560392,"Nonwovens, Whether Or Not Impregnated, Coated, Covered Or Laminated, N.E.S.",p17,Textiles (17),1.0
560393,"Nonwovens, Whether Or Not Impregnated, Coated, Covered Or Laminated, N.E.S.",p17,Textiles (17),1.0
560394,"Nonwovens, Whether Or Not Impregnated, Coated, Covered Or Laminated, N.E.S.",p17,Textiles (17),1.0
560410,"Rubber Thread And Cord, Textile Covered",p17,Textiles (17),1.0
560420,"High Tenacity Yarn Of Polyester, Nylon Or Other Polyamides Or Of Viscose Rayon, Impregnated Or Coated With Rubber Or Plastics",p17,Textiles (17),1.0
560490,"Textile Yarns Of Specified Manmade Monofilaments, Strip, Etc., Impregnated, Coated, Etc. With Rubber Or Plastics, N.E.S.",p17,Textiles (17),1.0
560500,"Metallized Textile Yarn, Or Strip (Or Straw) Not Over 5 Mm Wide, Combined With Metal In The Form Of Thread, Strip Or Powder Or Covered With Metal",p17,Textiles (17),1.0
560600,Gimped Yarn And Man,p17,Textiles (17),1.0
560710,"Twine, Cordage, Rope And Cables, Whether Or Not Plaited Or Braided And Whether Or Not Impregnated, Coated, Covered Or Sheathed With Rubber Or Plast",p17,Textiles (17),1.0
560721,"Twine, Cordage, Rope And Cables, Whether Or Not Plaited Or Braided And Whether Or Not Impregnated, Coated, Covered Or Sheathed With Rubber Or Plast",p17,Textiles (17),1.0
560729,"Twine, Cordage, Rope And Cables, Whether Or Not Plaited Or Braided And Whether Or Not Impregnated, Coated, Covered Or Sheathed With Rubber Or Plast",p17,Textiles (17),1.0
560730,"Twine, Cordage, Rope And Cables, Whether Or Not Plaited Or Braided And Whether Or Not Impregnated, Coated, Covered Or Sheathed With Rubber Or Plast",p17,Textiles (17),1.0
560741,"Twine, Cordage, Rope And Cables, Whether Or Not Plaited Or Braided And Whether Or Not Impregnated, Coated, Covered Or Sheathed With Rubber Or Plast",p17,Textiles (17),1.0
560749,"Twine, Cordage, Rope And Cables, Whether Or Not Plaited Or Braided And Whether Or Not Impregnated, Coated, Covered Or Sheathed With Rubber Or Plast",p17,Textiles (17),1.0
560750,"Twine, Cordage, Rope And Cables, Whether Or Not Plaited Or Braided And Whether Or Not Impregnated, Coated, Covered Or Sheathed With Rubber Or Plast",p17,Textiles (17),1.0
560790,"Twine, Cordage, Rope And Cables, Whether Or Not Plaited Or Braided And Whether Or Not Impregnated, Coated, Covered Or Sheathed With Rubber Or Plast",p17,Textiles (17),1.0
560811,"Knotted Netting Of Twine, Cordage Or Rope; Made Up Fishing And Other Nets Of Textile Materials",p17,Textiles (17),1.0
560819,"Knotted Netting Of Twine, Cordage Or Rope; Made Up Fishing And Other Nets Of Textile Materials",p17,Textiles (17),1.0
560890,"Knotted Netting Of Twine, Cordage Or Rope; Made Up Fishing And Other Nets Of Textile Materials",p17,Textiles (17),1.0
560900,"Articles Of Artificial And Synthetic Textile Monofilaments, Strip, Etc., And Twine, Cordage Or Rope, N.E.S.",p17,Textiles (17),1.0
570110,"Textile Floor Coverings, Knotted, Of Wool Or Fine Animal Hair",p17,Textiles (17),1.0
570190,"Textile Floor Coverings, Knotted, Of Textile Materials Except Wool Or Fine Animal Hair",p17,Textiles (17),1.0
570210,"Textile Floor Coverings, Kelem, Schumacks, Karamanie, And Similar Handwoven Rugs",p17,Textiles (17),1.0
570220,"Textile Floor Coverings, Woven, N.E.S., Of Textile Materials, N.E.S.",p17,Textiles (17),1.0
570231,"Textile Floor Coverings, Woven, N.E.S., Of Wool Or Fine Animal Hair",p17,Textiles (17),1.0
570232,"Textile Floor Coverings, Woven, N.E.S., Of Manmade Textile Materials",p17,Textiles (17),1.0
570239,"Textile Floor Coverings, Woven, N.E.S., Of Textile Materials, N.E.S.",p17,Textiles (17),1.0
570241,"Textile Floor Coverings, Woven, N.E.S., Of Wool Or Fine Animal Hair",p17,Textiles (17),1.0
570242,"Textile Floor Coverings, Woven, N.E.S., Of Manmade Textile Materials",p17,Textiles (17),1.0
570249,"Textile Floor Coverings, Woven, N.E.S., Of Textile Materials, N.E.S.",p17,Textiles (17),1.0
570251,"Textile Floor Coverings, Woven, N.E.S., Of Wool Or Fine Animal Hair",p17,Textiles (17),1.0
570252,"Textile Floor Coverings, Woven, N.E.S., Of Manmade Textile Materials",p17,Textiles (17),1.0
570259,"Textile Floor Coverings, Woven, N.E.S., Of Textile Materials, N.E.S.",p17,Textiles (17),1.0
570291,"Textile Floor Coverings, Woven, N.E.S., Of Wool Or Fine Animal Hair",p17,Textiles (17),1.0
570292,"Textile Floor Coverings, Woven, N.E.S., Of Manmade Textile Materials",p17,Textiles (17),1.0
570299,"Textile Floor Coverings, Woven, N.E.S., Of Textile Materials, N.E.S.",p17,Textiles (17),1.0
570310,"Textile Floor Coverings, Tufted, Of Wool Or Fine Animal Hair",p17,Textiles (17),1.0
570320,"Textile Floor Coverings, Tufted, Of Nylon Or Other Polyamides",p17,Textiles (17),1.0
570330,"Textile Floor Coverings, Tufted, Of Manmade Textile Fibers Except Nylon Or Other Polyamides",p17,Textiles (17),1.0
570390,"Textile Floor Coverings, Tufted, Of Textile Materials, N.E.S.",p17,Textiles (17),1.0
570410,"Textile Floor Coverings, Of Felt, Not Tufted Or Flocked",p17,Textiles (17),1.0
570490,"Textile Floor Coverings, Of Felt, Not Tufted Or Flocked",p17,Textiles (17),1.0
570500,"Carpets And Other Textile Floor Coverings, N.E.S., Whether Or Not Made",p17,Textiles (17),1.0
580110,Woven Pile And Chenille Fabrics Of Wool Or Fine Animal Hair (Other Than Narrow Or Special Fabrics),p17,Textiles (17),1.0
580121,"Cotton Pile Woven Fabrics (Other Than Terry Toweling, Similar Terry Fabrics And Narrow Or Special Fabrics), Uncut",p17,Textiles (17),1.0
580122,"Cotton Pile And Chenille Woven Fabrics, N.E.S. (Other Than Terry Toweling, Similar Terry Fabrics And Narrow Or Special Fabrics)",p17,Textiles (17),1.0
580123,"Cotton Pile And Chenille Woven Fabrics, N.E.S. (Other Than Terry Toweling, Similar Terry Fabrics And Narrow Or Special Fabrics)",p17,Textiles (17),1.0
580124,"Cotton Pile Woven Fabrics (Other Than Terry Toweling, Similar Terry Fabrics And Narrow Or Special Fabrics), Uncut",p17,Textiles (17),1.0
580125,"Cotton Pile And Chenille Woven Fabrics, N.E.S. (Other Than Terry Toweling, Similar Terry Fabrics And Narrow Or Special Fabrics)",p17,Textiles (17),1.0
580126,"Cotton Pile And Chenille Woven Fabrics, N.E.S. (Other Than Terry Toweling, Similar Terry Fabrics And Narrow Or Special Fabrics)",p17,Textiles (17),1.0
580131,"Woven Pile Fabrics Of Manmade Fibers, Uncut (Other Than Narrow Or Special  Fabrics)",p17,Textiles (17),1.0
580132,Woven Cut Pile Fabrics And Chenille Fabrics Of Manmade Fibers (Other Than  Narrow Or Special Fabrics),p17,Textiles (17),1.0
580133,Woven Cut Pile Fabrics And Chenille Fabrics Of Manmade Fibers (Other Than  Narrow Or Special Fabrics),p17,Textiles (17),1.0
580134,"Woven Pile Fabrics Of Manmade Fibers, Uncut (Other Than Narrow Or Special  Fabrics)",p17,Textiles (17),1.0
580135,Woven Cut Pile Fabrics And Chenille Fabrics Of Manmade Fibers (Other Than  Narrow Or Special Fabrics),p17,Textiles (17),1.0
580136,Woven Cut Pile Fabrics And Chenille Fabrics Of Manmade Fibers (Other Than  Narrow Or Special Fabrics),p17,Textiles (17),1.0
580190,"Woven Pile And Chenille Fabrics, N.E.S., Of Textile Materials Other Than Wool, Cotton And Manmade Fibers (Excluding Narrow Fabrics)",p17,Textiles (17),1.0
580211,"Cotton Terry Toweling And Similar Terry Woven Fabrics, Unbleached (Other Than Narrow Or Special Fabrics)",p17,Textiles (17),1.0
580219,"Cotton Terry Toweling And Similar Terry Woven Fabrics, Bleached (Other Than Narrow Or Special Fabrics)",p17,Textiles (17),1.0
580220,Woven Terry Toweling And Similar Terry Fabrics (Excluding Narrow Fabrics) Of Textile Materials Other Than Cotton,p17,Textiles (17),1.0
580230,Woven Tufted Textile Fabrics (Other Than Narrow Or Special Fabrics),p17,Textiles (17),1.0
580310,Cotton Gauze (Other Than Narrow Or Special Fabrics And Trimmings),p17,Textiles (17),1.0
580390,Woven Gauze Fabrics (Excluding Narrow Fabrics) Of Textile Materials Other Than Cotton,p17,Textiles (17),1.0
580410,"Tulles And Other Net Fabrics (Not Including Woven, Knitted Or Crocheted Fabrics)",p17,Textiles (17),1.0
580421,"Lace, Mechanically Made",p17,Textiles (17),1.0
580429,"Lace, Mechanically Made",p17,Textiles (17),1.0
580430,"Lace, Hand",p17,Textiles (17),1.0
580500,"Tapestries, Handwoven Gobelins, Flanders, Aubusson, Beauvais Types And The Like, And Needleworked Tapestries (Petit Point, Cross",p17,Textiles (17),1.0
580610,"Narrow Woven Pile And Chenille Fabrics, Including Terry Toweling And Other Narrow Terry Fabrics",p17,Textiles (17),1.0
580620,"Narrow Woven Fabrics, N.E.S., Containing 5% (Weight) Or More Elastomeric Yarn Or Rubber Thread",p17,Textiles (17),1.0
580631,"Narrow Woven Fabrics, N.E.S.",p17,Textiles (17),1.0
580632,"Narrow Woven Fabrics, N.E.S.",p17,Textiles (17),1.0
580639,"Narrow Woven Fabrics, N.E.S.",p17,Textiles (17),1.0
580640,"Narrow Fabrics, Consisting Of Warp Without Weft Assembled By Means Of An Adhesive (Bolducs)",p17,Textiles (17),1.0
580710,"Woven Labels, Badges And Similar Articles Of Textile Materials, In The Piece Or Strips, Etc., Not Embroidered",p17,Textiles (17),1.0
580790,"Labels, Badges, And Similar Articles Of Nonwoven Textile Materials, In The Piece Or Strips, Etc., Not Embroidered",p17,Textiles (17),1.0
580810,"Braids In The Piece; Ornamental Trimmings In The Piece, No Embroidery, Other Than Knitted Or Crocheted; Tassels, Pompons And Similar Articles",p17,Textiles (17),1.0
580890,"Braids In The Piece; Ornamental Trimmings In The Piece, No Embroidery, Other Than Knitted Or Crocheted; Tassels, Pompons And Similar Articles",p17,Textiles (17),1.0
580900,"Woven Fabrics Of Metal Thread, Yarn Or Strip, Used For Apparel, Furnishing Fabrics, Etc.",p17,Textiles (17),1.0
581010,Embroidery Without Visible Ground,p17,Textiles (17),1.0
581091,"Embroidery, N.E.S. (Including Applique And Other Embroidery With The Ground Retained After Embroidering)",p17,Textiles (17),1.0
581092,"Embroidery, N.E.S. (Including Applique And Other Embroidery With The Ground Retained After Embroidering)",p17,Textiles (17),1.0
581099,"Embroidery, N.E.S. (Including Applique And Other Embroidery With The Ground Retained After Embroidering)",p17,Textiles (17),1.0
581100,"Quilted Textile Products In The Piece Composed Of One Or More Layers Of Textile Materials Assembled With Padding, N.E.S.",p17,Textiles (17),1.0
590110,"Textile Fabrics Coated With Gum, Etc. For Book Covers, Etc.; Tracing Cloth; Prepared Painting Canvas; Buckram And Similar Fabrics For Hat Foundatio",p17,Textiles (17),1.0
590190,"Textile Fabrics Coated With Gum, Etc. For Book Covers, Etc.; Tracing Cloth; Prepared Painting Canvas; Buckram And Similar Fabrics For Hat Foundatio",p17,Textiles (17),1.0
590210,"Tire Cord Fabric Of High Tenacity Yarn Of Nylon Or Other Polyamides, Polyesters Or Viscose Rayon",p17,Textiles (17),1.0
590220,"Tire Cord Fabric Of High Tenacity Yarn Of Nylon Or Other Polyamides, Polyesters Or Viscose Rayon",p17,Textiles (17),1.0
590290,"Tire Cord Fabric Of High Tenacity Yarn Of Nylon Or Other Polyamides, Polyesters Or Viscose Rayon",p17,Textiles (17),1.0
590310,"Textile Fabrics Impregnated, Coated, Covered Or Laminated With Plastics, Other Than Tire Cord Fabric",p17,Textiles (17),1.0
590320,"Textile Fabrics Impregnated, Coated, Covered Or Laminated With Plastics, Other Than Tire Cord Fabric",p17,Textiles (17),1.0
590390,"Textile Fabrics Impregnated, Coated, Covered Or Laminated With Plastics, Other Than Tire Cord Fabric",p17,Textiles (17),1.0
590410,"Linoleum, Cut To Shape Or Not; Floor Coverings Consisting Of A Coating Or A Covering Applied On A Textile Backing, Cut To Shape Or Not",p36,Furniture; other manufactured goods n.e.c. (36),1.0
590491,"Linoleum, Cut To Shape Or Not; Floor Coverings Consisting Of A Coating Or A Covering Applied On A Textile Backing, Cut To Shape Or Not",p36,Furniture; other manufactured goods n.e.c. (36),1.0
590492,"Linoleum, Cut To Shape Or Not; Floor Coverings Consisting Of A Coating Or A Covering Applied On A Textile Backing, Cut To Shape Or Not",p36,Furniture; other manufactured goods n.e.c. (36),1.0
590500,Textile Wall Coverings,p21.2,Paper and paper products,1.0
590610,"Textile Fabrics Rubberized, Other Than Tire Cord Fabric",p25,Rubber and plastic products (25),1.0
590691,"Textile Fabrics Rubberized, Other Than Tire Cord Fabric",p25,Rubber and plastic products (25),1.0
590699,"Textile Fabrics Rubberized, Other Than Tire Cord Fabric",p25,Rubber and plastic products (25),1.0
590700,"Textile Fabrics Otherwise Impregnated, Coated Or Covered; Painted Theatrical Scenery Canvas, Studio Back",p17,Textiles (17),1.0
590800,"Textile Wicks, Woven, Plaited Or Knitted, For Lamps, Stoves, Lighters, Candles, Etc.; Incandescent Gas Mantles And Tubular Knitted Fabric Therefor",p17,Textiles (17),1.0
590900,"Textile Hosepiping And Similar Textile Tubing, With Or Without Lining, Armor Or Accessories Of Other Materials",p17,Textiles (17),1.0
591000,"Textile Transmission Or Conveyor Belts Or Belting, Whether Or Not Reinforced With Metal Or Other Materials",p17,Textiles (17),1.0
591110,"Textile Products And Articles, For Technical Uses",p17,Textiles (17),1.0
591120,"Textile Products And Articles, For Technical Uses",p17,Textiles (17),1.0
591131,"Textile Products And Articles, For Technical Uses",p17,Textiles (17),1.0
591132,"Textile Products And Articles, For Technical Uses",p17,Textiles (17),1.0
591140,"Textile Products And Articles, For Technical Uses",p17,Textiles (17),1.0
591190,"Textile Products And Articles, For Technical Uses",p17,Textiles (17),1.0
600110,Knitted Or Crocheted Long Pile Fabrics,p17,Textiles (17),1.0
600121,Knitted Or Crocheted Looped Pile Fabrics,p17,Textiles (17),1.0
600122,Knitted Or Crocheted Looped Pile Fabrics,p17,Textiles (17),1.0
600129,Knitted Or Crocheted Looped Pile Fabrics,p17,Textiles (17),1.0
600191,"Knitted Or Crocheted Pile Fabrics, N.E.S.",p17,Textiles (17),1.0
600192,"Knitted Or Crocheted Pile Fabrics, N.E.S.",p17,Textiles (17),1.0
600199,"Knitted Or Crocheted Pile Fabrics, N.E.S.",p17,Textiles (17),1.0
600210,"Knitted Or Crocheted Fabrics (Other Than Pile), Not Impregnated, Coated Etc., Not Over 30 Cm Wide",p17,Textiles (17),1.0
600220,"Knitted Or Crocheted Fabrics (Other Than Pile), Not Impregnated, Coated Etc., Not Over 30 Cm Wide",p17,Textiles (17),1.0
600230,"Knitted Or Crocheted Fabrics (Other Than Pile), Not Impregnated, Coated Etc., Over 30 Cm Wide, With 5% (Weight) Or More Elastic Yarn Or Rubber Thre",p17,Textiles (17),1.0
600241,"Knitted Fabrics, N.E.S., Not Impregnated, Coated, Etc., Warp Knit (Including Those Made On Galloon Knitting Machines)",p17,Textiles (17),1.0
600242,"Knitted Fabrics, N.E.S., Not Impregnated, Coated, Etc., Warp Knit (Including Those Made On Galloon Knitting Machines)",p17,Textiles (17),1.0
600243,"Knitted Fabrics, N.E.S., Not Impregnated, Coated, Etc., Warp Knit (Including Those Made On Galloon Knitting Machines)",p17,Textiles (17),1.0
600249,"Knitted Fabrics, N.E.S., Not Impregnated, Coated, Etc., Warp Knit (Including Those Made On Galloon Knitting Machines)",p17,Textiles (17),1.0
600291,"Knitted Or Crocheted Fabrics, N.E.S.",p17,Textiles (17),1.0
600292,"Knitted Or Crocheted Fabrics, N.E.S.",p17,Textiles (17),1.0
600293,"Knitted Or Crocheted Fabrics, N.E.S.",p17,Textiles (17),1.0
600299,"Knitted Or Crocheted Fabrics, N.E.S.",p17,Textiles (17),1.0
610110,"Overcoats, Car Coats, Capes, Cloaks, Anoraks (Including Ski",p18,Wearing apparel; furs (18),1.0
610120,"Overcoats, Car Coats, Capes, Cloaks, Anoraks (Including Ski",p18,Wearing apparel; furs (18),1.0
610130,"Overcoats, Car Coats, Capes, Cloaks, Anoraks (Including Ski",p18,Wearing apparel; furs (18),1.0
610190,"Overcoats, Car Coats, Capes, Cloaks, Anoraks (Including Ski",p18,Wearing apparel; furs (18),1.0
610210,"Overcoats, Carcoats, Capes, Cloaks, Anoraks (Including Ski",p18,Wearing apparel; furs (18),1.0
610220,"Overcoats, Carcoats, Capes, Cloaks, Anoraks (Including Ski",p18,Wearing apparel; furs (18),1.0
610230,"Overcoats, Carcoats, Capes, Cloaks, Anoraks (Including Ski",p18,Wearing apparel; furs (18),1.0
610290,"Overcoats, Carcoats, Capes, Cloaks, Anoraks (Including Ski",p18,Wearing apparel; furs (18),1.0
610311,"Suits, Of Knitted Or Crocheted Textile Fabrics, MenS Or Boys",p18,Wearing apparel; furs (18),1.0
610312,"Suits, Of Knitted Or Crocheted Textile Fabrics, MenS Or Boys",p18,Wearing apparel; furs (18),1.0
610319,"Suits, Of Knitted Or Crocheted Textile Fabrics, MenS Or Boys",p18,Wearing apparel; furs (18),1.0
610321,"Ensembles, Of Knitted Or Crocheted Textile Fabrics, MenS Or Boys",p18,Wearing apparel; furs (18),1.0
610322,"Ensembles, Of Knitted Or Crocheted Textile Fabrics, MenS Or Boys",p18,Wearing apparel; furs (18),1.0
610323,"Ensembles, Of Knitted Or Crocheted Textile Fabrics, MenS Or Boys",p18,Wearing apparel; furs (18),1.0
610329,"Ensembles, Of Knitted Or Crocheted Textile Fabrics, MenS Or Boys",p18,Wearing apparel; furs (18),1.0
610331,Jackets (Suit,p18,Wearing apparel; furs (18),1.0
610332,Jackets (Suit,p18,Wearing apparel; furs (18),1.0
610333,Jackets (Suit,p18,Wearing apparel; furs (18),1.0
610339,Jackets (Suit,p18,Wearing apparel; furs (18),1.0
610341,"Trousers, Bib And Brace Overalls, Breeches And Shorts, Knitted Or Crocheted Textile Fabrics, MenS Or Boys",p18,Wearing apparel; furs (18),1.0
610342,"Trousers, Bib And Brace Overalls, Breeches And Shorts, Knitted Or Crocheted Textile Fabrics, MenS Or Boys",p18,Wearing apparel; furs (18),1.0
610343,"Trousers, Bib And Brace Overalls, Breeches And Shorts, Knitted Or Crocheted Textile Fabrics, MenS Or Boys",p18,Wearing apparel; furs (18),1.0
610349,"Trousers, Bib And Brace Overalls, Breeches And Shorts, Knitted Or Crocheted Textile Fabrics, MenS Or Boys",p18,Wearing apparel; furs (18),1.0
610411,"Suits, Of Knitted Or Crocheted Textile Fabrics, WomenS Or Girls",p18,Wearing apparel; furs (18),1.0
610412,"Suits, Of Knitted Or Crocheted Textile Fabrics, WomenS Or Girls",p18,Wearing apparel; furs (18),1.0
610413,"Suits, Of Knitted Or Crocheted Textile Fabrics, WomenS Or Girls",p18,Wearing apparel; furs (18),1.0
610419,"Suits, Of Knitted Or Crocheted Textile Fabrics, WomenS Or Girls",p18,Wearing apparel; furs (18),1.0
610421,"Ensembles, Of Knitted Or Crocheted Textile Fabrics, WomenS Or Girls",p18,Wearing apparel; furs (18),1.0
610422,"Ensembles, Of Knitted Or Crocheted Textile Fabrics, WomenS Or Girls",p18,Wearing apparel; furs (18),1.0
610423,"Ensembles, Of Knitted Or Crocheted Textile Fabrics, WomenS Or Girls",p18,Wearing apparel; furs (18),1.0
610429,"Ensembles, Of Knitted Or Crocheted Textile Fabrics, WomenS Or Girls",p18,Wearing apparel; furs (18),1.0
610431,"Jackets And Blazers Of Knitted Or Crocheted Textile Fabrics, WomenS Or Girls",p18,Wearing apparel; furs (18),1.0
610432,"Jackets And Blazers Of Knitted Or Crocheted Textile Fabrics, WomenS Or Girls",p18,Wearing apparel; furs (18),1.0
610433,"Jackets And Blazers Of Knitted Or Crocheted Textile Fabrics, WomenS Or Girls",p18,Wearing apparel; furs (18),1.0
610439,"Jackets And Blazers Of Knitted Or Crocheted Textile Fabrics, WomenS Or Girls",p18,Wearing apparel; furs (18),1.0
610441,"Dresses, Of Knitted Or Crocheted Textile Fabrics, WomenS Or Girls",p18,Wearing apparel; furs (18),1.0
610442,"Dresses, Of Knitted Or Crocheted Textile Fabrics, WomenS Or Girls",p18,Wearing apparel; furs (18),1.0
610443,"Dresses, Of Knitted Or Crocheted Textile Fabrics, WomenS Or Girls",p18,Wearing apparel; furs (18),1.0
610444,"Dresses, Of Knitted Or Crocheted Textile Fabrics, WomenS Or Girls",p18,Wearing apparel; furs (18),1.0
610449,"Dresses, Of Knitted Or Crocheted Textile Fabrics, WomenS Or Girls",p18,Wearing apparel; furs (18),1.0
610451,"Skirts And Divided Skirts, Of Knitted Or Crocheted Textile Fabrics, WomenS Or Girls",p18,Wearing apparel; furs (18),1.0
610452,"Skirts And Divided Skirts, Of Knitted Or Crocheted Textile Fabrics, WomenS Or Girls",p18,Wearing apparel; furs (18),1.0
610453,"Skirts And Divided Skirts, Of Knitted Or Crocheted Textile Fabrics, WomenS Or Girls",p18,Wearing apparel; furs (18),1.0
610459,"Skirts And Divided Skirts, Of Knitted Or Crocheted Textile Fabrics, WomenS Or Girls",p18,Wearing apparel; furs (18),1.0
610461,"Trousers, Bib And Brace Overalls, Breeches And Shorts, Of Knitted Or Crocheted Textile Fabrics, WomenS Or Girls",p18,Wearing apparel; furs (18),1.0
610462,"Trousers, Bib And Brace Overalls, Breeches And Shorts, Of Knitted Or Crocheted Textile Fabrics, WomenS Or Girls",p18,Wearing apparel; furs (18),1.0
610463,"Trousers, Bib And Brace Overalls, Breeches And Shorts, Of Knitted Or Crocheted Textile Fabrics, WomenS Or Girls",p18,Wearing apparel; furs (18),1.0
610469,"Trousers, Bib And Brace Overalls, Breeches And Shorts, Of Knitted Or Crocheted Textile Fabrics, WomenS Or Girls",p18,Wearing apparel; furs (18),1.0
610510,"Shirts, Of Knitted Or Crocheted Cotton Textile Materials, MenS Or Boys",p18,Wearing apparel; furs (18),1.0
610520,"Shirts, Of Knitted Or Crocheted Textile Materials Other Than Cotton, MenS Or Boys",p18,Wearing apparel; furs (18),1.0
610590,"Shirts, Of Knitted Or Crocheted Textile Materials Other Than Cotton, MenS Or Boys",p18,Wearing apparel; furs (18),1.0
610610,"Blouses, Shirts And Shirt",p18,Wearing apparel; furs (18),1.0
610620,"Blouses, Shirts And Shirt",p18,Wearing apparel; furs (18),1.0
610690,"Blouses, Shirts And Shirt",p18,Wearing apparel; furs (18),1.0
610711,"Underpants And Briefs, Of Knitted Or Crocheted Textile Fabrics, MenS Or Boys",p18,Wearing apparel; furs (18),1.0
610712,"Underpants And Briefs, Of Knitted Or Crocheted Textile Fabrics, MenS Or Boys",p18,Wearing apparel; furs (18),1.0
610719,"Underpants And Briefs, Of Knitted Or Crocheted Textile Fabrics, MenS Or Boys",p18,Wearing apparel; furs (18),1.0
610721,"Nightshirts And Pajamas, Of Knitted Or Crocheted Textile Fabrics, MenS Or Boys",p18,Wearing apparel; furs (18),1.0
610722,"Nightshirts And Pajamas, Of Knitted Or Crocheted Textile Fabrics, MenS Or Boys",p18,Wearing apparel; furs (18),1.0
610729,"Nightshirts And Pajamas, Of Knitted Or Crocheted Textile Fabrics, MenS Or Boys",p18,Wearing apparel; furs (18),1.0
610791,"Bathrobes, Dressing Gowns And Similar Articles, Of Knitted Or Crocheted Textile Fabrics, MenS Or Boys",p18,Wearing apparel; furs (18),1.0
610792,"Bathrobes, Dressing Gowns And Similar Articles, Of Knitted Or Crocheted Textile Fabrics, MenS Or Boys",p18,Wearing apparel; furs (18),1.0
610799,"Bathrobes, Dressing Gowns And Similar Articles, Of Knitted Or Crocheted Textile Fabrics, MenS Or Boys",p18,Wearing apparel; furs (18),1.0
610811,"Slips And Petticoats, Knitted Or Crocheted Textile Fabrics, WomenS Or Girls",p18,Wearing apparel; furs (18),1.0
610819,"Slips And Petticoats, Knitted Or Crocheted Textile Fabrics, WomenS Or Girls",p18,Wearing apparel; furs (18),1.0
610821,"Briefs And Panties, Knitted Or Crocheted Textile Fabrics, WomenS Or Girls",p18,Wearing apparel; furs (18),1.0
610822,"Briefs And Panties, Knitted Or Crocheted Textile Fabrics, WomenS Or Girls",p18,Wearing apparel; furs (18),1.0
610829,"Briefs And Panties, Knitted Or Crocheted Textile Fabrics, WomenS Or Girls",p18,Wearing apparel; furs (18),1.0
610831,"Nightdresses And Pajamas, Knitted Or Crocheted Textile Fabrics, WomenS Or Girls",p18,Wearing apparel; furs (18),1.0
610832,"Nightdresses And Pajamas, Knitted Or Crocheted Textile Fabrics, WomenS Or Girls",p18,Wearing apparel; furs (18),1.0
610839,"Nightdresses And Pajamas, Knitted Or Crocheted Textile Fabrics, WomenS Or Girls",p18,Wearing apparel; furs (18),1.0
610891,"Negligees, Bathrobes, Dressing Gowns And Similar Articles, Of Knitted Or Crocheted Textile Fabrics, WomenS Or Girls",p18,Wearing apparel; furs (18),1.0
610892,"Negligees, Bathrobes, Dressing Gowns And Similar Articles, Of Knitted Or Crocheted Textile Fabrics, WomenS Or Girls",p18,Wearing apparel; furs (18),1.0
610899,"Negligees, Bathrobes, Dressing Gowns And Similar Articles, Of Knitted Or Crocheted Textile Fabrics, WomenS Or Girls",p18,Wearing apparel; furs (18),1.0
610910,"T-Shirts, Singlets (Undershirts), Tank Tops And Similar Garments, Of Knitted Or Crocheted Textile Fabric",p18,Wearing apparel; furs (18),1.0
610990,"T-Shirts, Singlets (Undershirts), Tank Tops And Similar Garments, Of Knitted Or Crocheted Textile Fabric",p18,Wearing apparel; furs (18),1.0
611010,"Jerseys, Pullovers, Cardigans, Waistcoats And Similar Articles, Knitted Or Crocheted",p17,Textiles (17),1.0
611020,"Jerseys, Pullovers, Cardigans, Waistcoats And Similar Articles, Knitted Or Crocheted",p17,Textiles (17),1.0
611030,"Jerseys, Pullovers, Cardigans, Waistcoats And Similar Articles, Knitted Or Crocheted",p17,Textiles (17),1.0
611090,"Jerseys, Pullovers, Cardigans, Waistcoats And Similar Articles, Knitted Or Crocheted",p17,Textiles (17),1.0
611110,"Babies Garments And Clothing Accessories Of Textile Fabrics, Knitted Or Crocheted",p18,Wearing apparel; furs (18),1.0
611120,"Babies Garments And Clothing Accessories Of Textile Fabrics, Knitted Or Crocheted",p18,Wearing apparel; furs (18),1.0
611130,"Babies Garments And Clothing Accessories Of Textile Fabrics, Knitted Or Crocheted",p18,Wearing apparel; furs (18),1.0
611190,"Babies Garments And Clothing Accessories Of Textile Fabrics, Knitted Or Crocheted",p18,Wearing apparel; furs (18),1.0
611211,"Track Suits, Knitted Or Crocheted",p18,Wearing apparel; furs (18),1.0
611212,"Track Suits, Knitted Or Crocheted",p18,Wearing apparel; furs (18),1.0
611219,"Track Suits, Knitted Or Crocheted",p18,Wearing apparel; furs (18),1.0
611220,"Ski Suits, Knitted Or Crocheted",p18,Wearing apparel; furs (18),1.0
611231,"Swimwear, Knitted Or Crocheted, MenS And Boys",p18,Wearing apparel; furs (18),1.0
611239,"Swimwear, Knitted Or Crocheted, MenS And Boys",p18,Wearing apparel; furs (18),1.0
611241,"Swimwear, Knitted Or Crocheted, WomenS And Girls",p18,Wearing apparel; furs (18),1.0
611249,"Swimwear, Knitted Or Crocheted, WomenS And Girls",p18,Wearing apparel; furs (18),1.0
611300,"Garments Made Up Of Knitted Or Crocheted Fabrics, Coated, Impregnated, Covered Or Laminated With Plastics, Rubber Or Other Materials",p18,Wearing apparel; furs (18),1.0
611410,"Garments, Knitted Or Crocheted, N.E.S.",p18,Wearing apparel; furs (18),1.0
611420,"Garments, Knitted Or Crocheted, N.E.S.",p18,Wearing apparel; furs (18),1.0
611430,"Garments, Knitted Or Crocheted, N.E.S.",p18,Wearing apparel; furs (18),1.0
611490,"Garments, Knitted Or Crocheted, N.E.S.",p18,Wearing apparel; furs (18),1.0
611511,Panty Hose And Tights,p17,Textiles (17),1.0
611512,Panty Hose And Tights,p17,Textiles (17),1.0
611519,Panty Hose And Tights,p17,Textiles (17),1.0
611520,WomenS Full,p17,Textiles (17),1.0
611591,"Hosiery, N.E.S.",p17,Textiles (17),1.0
611592,"Hosiery, N.E.S.",p17,Textiles (17),1.0
611593,"Hosiery, N.E.S.",p17,Textiles (17),1.0
611599,"Hosiery, N.E.S.",p17,Textiles (17),1.0
611610,"Gloves, Knitted Or Crocheted, Impregnated, Coated, Or Covered With Plastics Or Rubber",p18,Wearing apparel; furs (18),1.0
611691,"Gloves, N.E.S., Mittens And Mitts, Knitted Or Crocheted",p18,Wearing apparel; furs (18),1.0
611692,"Gloves, N.E.S., Mittens And Mitts, Knitted Or Crocheted",p18,Wearing apparel; furs (18),1.0
611693,"Gloves, N.E.S., Mittens And Mitts, Knitted Or Crocheted",p18,Wearing apparel; furs (18),1.0
611699,"Gloves, N.E.S., Mittens And Mitts, Knitted Or Crocheted",p18,Wearing apparel; furs (18),1.0
611710,"Shawls, Scarves, Mufflers, Mantillas, Veils And The Like, Knitted Or Crocheted",p18,Wearing apparel; furs (18),1.0
611720,"Ties, Bow Ties And Cravats, Knitted Or Crocheted",p18,Wearing apparel; furs (18),1.0
611780,"Clothing Accessories, N.E.S., Knitted Or Crocheted; Parts Of Garments Or Of Clothing Accessories, Knitted Or Crocheted",p18,Wearing apparel; furs (18),1.0
611790,"Clothing Accessories, N.E.S., Knitted Or Crocheted; Parts Of Garments Or Of Clothing Accessories, Knitted Or Crocheted",p18,Wearing apparel; furs (18),1.0
620111,"Overcoats, Raincoats, Carcoats, Capes, And Similar Articles Of Woven Wool Or Fine Animal Hair, MenS Or Boys",p18,Wearing apparel; furs (18),1.0
620112,"Overcoats, Raincoats, Carcoats, Capes, And Similar Articles Of Woven Textile Materials Other Than Wool Or Fine Animal Hair, MenS Or Boys",p18,Wearing apparel; furs (18),1.0
620113,"Overcoats, Raincoats, Carcoats, Capes, And Similar Articles Of Woven Textile Materials Other Than Wool Or Fine Animal Hair, MenS Or Boys",p18,Wearing apparel; furs (18),1.0
620119,"Overcoats, Raincoats, Carcoats, Capes, And Similar Articles Of Woven Textile Materials Other Than Wool Or Fine Animal Hair, MenS Or Boys",p18,Wearing apparel; furs (18),1.0
620191,Anoraks (Including Ski,p18,Wearing apparel; furs (18),1.0
620192,Anoraks (Including Ski,p18,Wearing apparel; furs (18),1.0
620193,Anoraks (Including Ski,p18,Wearing apparel; furs (18),1.0
620199,Anoraks (Including Ski,p18,Wearing apparel; furs (18),1.0
620211,"Overcoats, Raincoats, Capes, Cloaks And Similar Articles Of Woven Textile Fabrics, WomenS Or Girls",p18,Wearing apparel; furs (18),1.0
620212,"Overcoats, Raincoats, Capes, Cloaks And Similar Articles Of Woven Textile Fabrics, WomenS Or Girls",p18,Wearing apparel; furs (18),1.0
620213,"Overcoats, Raincoats, Capes, Cloaks And Similar Articles Of Woven Textile Fabrics, WomenS Or Girls",p18,Wearing apparel; furs (18),1.0
620219,"Overcoats, Raincoats, Capes, Cloaks And Similar Articles Of Woven Textile Fabrics, WomenS Or Girls",p18,Wearing apparel; furs (18),1.0
620291,Anoraks (Including Ski,p18,Wearing apparel; furs (18),1.0
620292,Anoraks (Including Ski,p18,Wearing apparel; furs (18),1.0
620293,Anoraks (Including Ski,p18,Wearing apparel; furs (18),1.0
620299,Anoraks (Including Ski,p18,Wearing apparel; furs (18),1.0
620311,"Suits Of Woven Wool Or Fine Animal Hair, MenS Or Boys",p18,Wearing apparel; furs (18),1.0
620312,"Suits Of Woven Textile Materials Other Than Wool Or Fine Animal Hair, MenS Or Boys",p18,Wearing apparel; furs (18),1.0
620319,"Suits Of Woven Textile Materials Other Than Wool Or Fine Animal Hair, MenS Or Boys",p18,Wearing apparel; furs (18),1.0
620321,"Ensembles Of Woven Textile Materials, MenS Or Boys",p18,Wearing apparel; furs (18),1.0
620322,"Ensembles Of Woven Textile Materials, MenS Or Boys",p18,Wearing apparel; furs (18),1.0
620323,"Ensembles Of Woven Textile Materials, MenS Or Boys",p18,Wearing apparel; furs (18),1.0
620329,"Ensembles Of Woven Textile Materials, MenS Or Boys",p18,Wearing apparel; furs (18),1.0
620331,Jackets (Suit,p18,Wearing apparel; furs (18),1.0
620332,Jackets (Suit,p18,Wearing apparel; furs (18),1.0
620333,Jackets (Suit,p18,Wearing apparel; furs (18),1.0
620339,Jackets (Suit,p18,Wearing apparel; furs (18),1.0
620341,"Trousers, Bib And Brace Overalls, Breeches And Shorts Of Woven Textile Materials, MenS Or Boys",p18,Wearing apparel; furs (18),1.0
620342,"Trousers, Bib And Brace Overalls, Breeches And Shorts Of Woven Textile Materials, MenS Or Boys",p18,Wearing apparel; furs (18),1.0
620343,"Trousers, Bib And Brace Overalls, Breeches And Shorts Of Woven Textile Materials, MenS Or Boys",p18,Wearing apparel; furs (18),1.0
620349,"Trousers, Bib And Brace Overalls, Breeches And Shorts Of Woven Textile Materials, MenS Or Boys",p18,Wearing apparel; furs (18),1.0
620411,"Suits Of Woven Textile Fabrics, WomenS Or Girls",p18,Wearing apparel; furs (18),1.0
620412,"Suits Of Woven Textile Fabrics, WomenS Or Girls",p18,Wearing apparel; furs (18),1.0
620413,"Suits Of Woven Textile Fabrics, WomenS Or Girls",p18,Wearing apparel; furs (18),1.0
620419,"Suits Of Woven Textile Fabrics, WomenS Or Girls",p18,Wearing apparel; furs (18),1.0
620421,"Ensembles Of Woven Textile Fabrics, WomenS Or Girls",p18,Wearing apparel; furs (18),1.0
620422,"Ensembles Of Woven Textile Fabrics, WomenS Or Girls",p18,Wearing apparel; furs (18),1.0
620423,"Ensembles Of Woven Textile Fabrics, WomenS Or Girls",p18,Wearing apparel; furs (18),1.0
620429,"Ensembles Of Woven Textile Fabrics, WomenS Or Girls",p18,Wearing apparel; furs (18),1.0
620431,"Jackets And Blazers, WomenS And Girls, Not Knitted Or Crocheted",p18,Wearing apparel; furs (18),1.0
620432,"Jackets And Blazers, WomenS And Girls, Not Knitted Or Crocheted",p18,Wearing apparel; furs (18),1.0
620433,"Jackets And Blazers, WomenS And Girls, Not Knitted Or Crocheted",p18,Wearing apparel; furs (18),1.0
620439,"Jackets And Blazers, WomenS And Girls, Not Knitted Or Crocheted",p18,Wearing apparel; furs (18),1.0
620441,"Dresses Of Woven Textile Fabrics, WomenS Or Girls",p18,Wearing apparel; furs (18),1.0
620442,"Dresses Of Woven Textile Fabrics, WomenS Or Girls",p18,Wearing apparel; furs (18),1.0
620443,"Dresses Of Woven Textile Fabrics, WomenS Or Girls",p18,Wearing apparel; furs (18),1.0
620444,"Dresses Of Woven Textile Fabrics, WomenS Or Girls",p18,Wearing apparel; furs (18),1.0
620449,"Dresses Of Woven Textile Fabrics, WomenS Or Girls",p18,Wearing apparel; furs (18),1.0
620451,"Skirts And Divided Skirts Of Woven Textile Fabrics, WomenS Or Girls",p18,Wearing apparel; furs (18),1.0
620452,"Skirts And Divided Skirts Of Woven Textile Fabrics, WomenS Or Girls",p18,Wearing apparel; furs (18),1.0
620453,"Skirts And Divided Skirts Of Woven Textile Fabrics, WomenS Or Girls",p18,Wearing apparel; furs (18),1.0
620459,"Skirts And Divided Skirts Of Woven Textile Fabrics, WomenS Or Girls",p18,Wearing apparel; furs (18),1.0
620461,"Trousers, Bib And Brace Overalls, Breeches And Shorts, Of Woven Textile Fabrics, WomenS Or Girls",p18,Wearing apparel; furs (18),1.0
620462,"Trousers, Bib And Brace Overalls, Breeches And Shorts, Of Woven Textile Fabrics, WomenS Or Girls",p18,Wearing apparel; furs (18),1.0
620463,"Trousers, Bib And Brace Overalls, Breeches And Shorts, Of Woven Textile Fabrics, WomenS Or Girls",p18,Wearing apparel; furs (18),1.0
620469,"Trousers, Bib And Brace Overalls, Breeches And Shorts, Of Woven Textile Fabrics, WomenS Or Girls",p18,Wearing apparel; furs (18),1.0
620510,"Shirts Of Woven Textile Materials, Other Than Cotton, MenS Or Boys",p18,Wearing apparel; furs (18),1.0
620520,"Shirts Of Woven Cotton Materials, MenS Or Boys",p18,Wearing apparel; furs (18),1.0
620530,"Shirts Of Woven Textile Materials, Other Than Cotton, MenS Or Boys",p18,Wearing apparel; furs (18),1.0
620590,"Shirts Of Woven Textile Materials, Other Than Cotton, MenS Or Boys",p18,Wearing apparel; furs (18),1.0
620610,"Blouses, Shirts And Shirt",p18,Wearing apparel; furs (18),1.0
620620,"Blouses, Shirts And Shirt",p18,Wearing apparel; furs (18),1.0
620630,"Blouses, Shirts And Shirt",p18,Wearing apparel; furs (18),1.0
620640,"Blouses, Shirts And Shirt",p18,Wearing apparel; furs (18),1.0
620690,"Blouses, Shirts And Shirt",p18,Wearing apparel; furs (18),1.0
620711,"Underpants And Briefs Of Woven Textile Materials, MenS Or Boys",p18,Wearing apparel; furs (18),1.0
620719,"Underpants And Briefs Of Woven Textile Materials, MenS Or Boys",p18,Wearing apparel; furs (18),1.0
620721,"Nightshirts And Pajamas Of Woven Textile Materials, MenS Or Boys",p18,Wearing apparel; furs (18),1.0
620722,"Nightshirts And Pajamas Of Woven Textile Materials, MenS Or Boys",p18,Wearing apparel; furs (18),1.0
620729,"Nightshirts And Pajamas Of Woven Textile Materials, MenS Or Boys",p18,Wearing apparel; furs (18),1.0
620791,"Singlets (Undershirts), Bathrobes, Dressing Gowns And Similar Articles, Of Woven Textile Fabrics, MenS Or Boys",p18,Wearing apparel; furs (18),1.0
620792,"Singlets (Undershirts), Bathrobes, Dressing Gowns And Similar Articles, Of Woven Textile Fabrics, MenS Or Boys",p18,Wearing apparel; furs (18),1.0
620799,"Singlets (Undershirts), Bathrobes, Dressing Gowns And Similar Articles, Of Woven Textile Fabrics, MenS Or Boys",p18,Wearing apparel; furs (18),1.0
620811,"Slips And Petticoats, Of Woven Textile Fabrics, WomenS Or Girls",p18,Wearing apparel; furs (18),1.0
620819,"Slips And Petticoats, Of Woven Textile Fabrics, WomenS Or Girls",p18,Wearing apparel; furs (18),1.0
620821,"Nightdresses And Pajamas, Of Woven Textile Fabrics, WomenS Or Girls",p18,Wearing apparel; furs (18),1.0
620822,"Nightdresses And Pajamas, Of Woven Textile Fabrics, WomenS Or Girls",p18,Wearing apparel; furs (18),1.0
620829,"Nightdresses And Pajamas, Of Woven Textile Fabrics, WomenS Or Girls",p18,Wearing apparel; furs (18),1.0
620891,"Singlets (Undershirts), Briefs, Panties, Negligees, Bathrobes, Dressing Gowns And Similar Articles Of Woven Textile Fabrics, WomenS Or Girls",p18,Wearing apparel; furs (18),1.0
620892,"Singlets (Undershirts), Briefs, Panties, Negligees, Bathrobes, Dressing Gowns And Similar Articles Of Woven Textile Fabrics, WomenS Or Girls",p18,Wearing apparel; furs (18),1.0
620899,"Singlets (Undershirts), Briefs, Panties, Negligees, Bathrobes, Dressing Gowns And Similar Articles Of Woven Textile Fabrics, WomenS Or Girls",p18,Wearing apparel; furs (18),1.0
620910,"Babies Garments And Clothing Accessories Of Textile Fabrics, Not Knitted Or Crocheted",p18,Wearing apparel; furs (18),1.0
620920,"Babies Garments And Clothing Accessories Of Textile Fabrics, Not Knitted Or Crocheted",p18,Wearing apparel; furs (18),1.0
620930,"Babies Garments And Clothing Accessories Of Textile Fabrics, Not Knitted Or Crocheted",p18,Wearing apparel; furs (18),1.0
620990,"Babies Garments And Clothing Accessories Of Textile Fabrics, Not Knitted Or Crocheted",p18,Wearing apparel; furs (18),1.0
621010,"Garments Made Up Of Felt Or Other Nonwoven Textile Fabrics, Whether Or Not Impregnated, Coated, Covered Or Laminated",p18,Wearing apparel; furs (18),1.0
621020,"MenS And Boys Garments Of Woven Textile Fabrics, Coated, Impregnated, Covered Or Laminated With Plastics, Rubber Or Other Materials",p18,Wearing apparel; furs (18),1.0
621030,"WomenS And Girls Garments Of Woven Textile Fabrics, Coated, Impregnated, Covered Or Laminated With Plastics, Rubber Or Other Materials",p18,Wearing apparel; furs (18),1.0
621040,"MenS And Boys Garments Of Woven Textile Fabrics, Coated, Impregnated, Covered Or Laminated With Plastics, Rubber Or Other Materials",p18,Wearing apparel; furs (18),1.0
621050,"WomenS And Girls Garments Of Woven Textile Fabrics, Coated, Impregnated, Covered Or Laminated With Plastics, Rubber Or Other Materials",p18,Wearing apparel; furs (18),1.0
621111,"Swimwear, Not Knitted Or Crocheted, MenS And Boys",p18,Wearing apparel; furs (18),1.0
621112,"Swimwear, Not Knitted Or Crocheted, WomenS And Girls",p18,Wearing apparel; furs (18),1.0
621120,"Ski Suits, Not Knitted Or Crocheted",p18,Wearing apparel; furs (18),1.0
621131,"Articles Of Apparel, Not Knitted Or Crocheted, N.E.S., MenS And Boys",p18,Wearing apparel; furs (18),1.0
621132,"Articles Of Apparel, Not Knitted Or Crocheted, N.E.S., MenS And Boys",p18,Wearing apparel; furs (18),1.0
621133,"Articles Of Apparel, Not Knitted Or Crocheted, N.E.S., MenS And Boys",p18,Wearing apparel; furs (18),1.0
621139,"Articles Of Apparel, Not Knitted Or Crocheted, N.E.S., MenS And Boys",p18,Wearing apparel; furs (18),1.0
621141,"Articles Of Apparel, Not Knitted Or Crocheted, N.E.S., WomenS And Girls",p18,Wearing apparel; furs (18),1.0
621142,"Articles Of Apparel, Not Knitted Or Crocheted, N.E.S., WomenS And Girls",p18,Wearing apparel; furs (18),1.0
621143,"Articles Of Apparel, Not Knitted Or Crocheted, N.E.S., WomenS And Girls",p18,Wearing apparel; furs (18),1.0
621149,"Articles Of Apparel, Not Knitted Or Crocheted, N.E.S., WomenS And Girls",p18,Wearing apparel; furs (18),1.0
621210,"Brassieres, Whether Or Not Knitted Or Crocheted",p18,Wearing apparel; furs (18),1.0
621220,"Girdles, Corsets, Braces, Suspenders, Garters And Similar Articles, Whether Or Not Knitted Or Crocheted",p18,Wearing apparel; furs (18),1.0
621230,"Girdles, Corsets, Braces, Suspenders, Garters And Similar Articles, Whether Or Not Knitted Or Crocheted",p18,Wearing apparel; furs (18),1.0
621290,"Girdles, Corsets, Braces, Suspenders, Garters And Similar Articles, Whether Or Not Knitted Or Crocheted",p18,Wearing apparel; furs (18),1.0
621310,"Handkerchiefs, Not Knitted Or Crocheted",p18,Wearing apparel; furs (18),1.0
621320,"Handkerchiefs, Not Knitted Or Crocheted",p18,Wearing apparel; furs (18),1.0
621390,"Handkerchiefs, Not Knitted Or Crocheted",p18,Wearing apparel; furs (18),1.0
621410,"Shawls, Scarves, Mufflers, Mantillas, Veils And The Like, Not Knitted Or Crocheted",p18,Wearing apparel; furs (18),1.0
621420,"Shawls, Scarves, Mufflers, Mantillas, Veils And The Like, Not Knitted Or Crocheted",p18,Wearing apparel; furs (18),1.0
621430,"Shawls, Scarves, Mufflers, Mantillas, Veils And The Like, Not Knitted Or Crocheted",p18,Wearing apparel; furs (18),1.0
621440,"Shawls, Scarves, Mufflers, Mantillas, Veils And The Like, Not Knitted Or Crocheted",p18,Wearing apparel; furs (18),1.0
621490,"Shawls, Scarves, Mufflers, Mantillas, Veils And The Like, Not Knitted Or Crocheted",p18,Wearing apparel; furs (18),1.0
621510,"Ties, Bow Ties And Cravats, Not Knitted Or Crocheted",p18,Wearing apparel; furs (18),1.0
621520,"Ties, Bow Ties And Cravats, Not Knitted Or Crocheted",p18,Wearing apparel; furs (18),1.0
621590,"Ties, Bow Ties And Cravats, Not Knitted Or Crocheted",p18,Wearing apparel; furs (18),1.0
621600,"Gloves, Mittens And Mitts, Not Knitted Or Crocheted",p18,Wearing apparel; furs (18),1.0
621710,"Clothing Accessories N.E.S., Parts Of Garments Or Clothing (Other Than Brassieres, Girdles, Corsets, Suspenders Etc.), Not Knitted Or Crocheted",p18,Wearing apparel; furs (18),1.0
621790,"Clothing Accessories N.E.S., Parts Of Garments Or Clothing (Other Than Brassieres, Girdles, Corsets, Suspenders Etc.), Not Knitted Or Crocheted",p18,Wearing apparel; furs (18),1.0
630110,Electric Blankets,p29,Machinery and equipment n.e.c. (29),1.0
630120,Blankets And Traveling Rugs (Not Electric) Of Wool Or Fine Animal Hair,p17,Textiles (17),1.0
630130,Blankets And Travel Rugs (Not Electric) Of Cotton,p17,Textiles (17),1.0
630140,Blankets And Travel Rugs (Not Electric) Of Synthetic Fibers,p17,Textiles (17),1.0
630190,"Blankets And Travel Rugs (Not Electric) Of Textile Materials, N.E.S.",p17,Textiles (17),1.0
630210,"Bed Linen, Knitted Or Crocheted",p17,Textiles (17),1.0
630221,"Bed Linen, Not Knitted Or Crocheted, Of Cotton",p17,Textiles (17),1.0
630222,"Bed Linen, Not Knitted Or Crocheted, Of Textile Materials Other Than Cotton",p17,Textiles (17),1.0
630229,"Bed Linen, Not Knitted Or Crocheted, Of Textile Materials Other Than Cotton",p17,Textiles (17),1.0
630231,"Bed Linen, Not Knitted Or Crocheted, Of Cotton",p17,Textiles (17),1.0
630232,"Bed Linen, Not Knitted Or Crocheted, Of Textile Materials Other Than Cotton",p17,Textiles (17),1.0
630239,"Bed Linen, Not Knitted Or Crocheted, Of Textile Materials Other Than Cotton",p17,Textiles (17),1.0
630240,"Table Linen, Knitted Or Crocheted",p17,Textiles (17),1.0
630251,"Table Linen, Not Knitted Or Crocheted, Of Cotton",p17,Textiles (17),1.0
630252,"Table Linen, Not Knitted Or Crocheted, Of Textile Materials Other Than Cotton",p17,Textiles (17),1.0
630253,"Table Linen, Not Knitted Or Crocheted, Of Textile Materials Other Than Cotton",p17,Textiles (17),1.0
630259,"Table Linen, Not Knitted Or Crocheted, Of Textile Materials Other Than Cotton",p17,Textiles (17),1.0
630260,Toilet And Kitchen Linen Of Cotton,p17,Textiles (17),1.0
630291,Toilet And Kitchen Linen Of Cotton,p17,Textiles (17),1.0
630292,Toilet And Kitchen Linen Of Textile Materials Other Than Cotton,p17,Textiles (17),1.0
630293,Toilet And Kitchen Linen Of Textile Materials Other Than Cotton,p17,Textiles (17),1.0
630299,Toilet And Kitchen Linen Of Textile Materials Other Than Cotton,p17,Textiles (17),1.0
630311,Curtains (Including Drapes) And Interior Blinds Or Roller Shades Of Textile Materials; Curtain Or Bed Valencies Of Textile Material,p17,Textiles (17),1.0
630312,Curtains (Including Drapes) And Interior Blinds Or Roller Shades Of Textile Materials; Curtain Or Bed Valencies Of Textile Material,p17,Textiles (17),1.0
630319,Curtains (Including Drapes) And Interior Blinds Or Roller Shades Of Textile Materials; Curtain Or Bed Valencies Of Textile Material,p17,Textiles (17),1.0
630391,Curtains (Including Drapes) And Interior Blinds Or Roller Shades Of Textile Materials; Curtain Or Bed Valencies Of Textile Material,p17,Textiles (17),1.0
630392,Curtains (Including Drapes) And Interior Blinds Or Roller Shades Of Textile Materials; Curtain Or Bed Valencies Of Textile Material,p17,Textiles (17),1.0
630399,Curtains (Including Drapes) And Interior Blinds Or Roller Shades Of Textile Materials; Curtain Or Bed Valencies Of Textile Material,p17,Textiles (17),1.0
630411,Bedspreads,p17,Textiles (17),1.0
630419,Bedspreads,p17,Textiles (17),1.0
630491,"Furnishing Articles, N.E.S. Of Textile Materials",p17,Textiles (17),1.0
630492,"Furnishing Articles, N.E.S. Of Textile Materials",p17,Textiles (17),1.0
630493,"Furnishing Articles, N.E.S. Of Textile Materials",p17,Textiles (17),1.0
630499,"Furnishing Articles, N.E.S. Of Textile Materials",p17,Textiles (17),1.0
630510,Sacks And Bags Of Jute Or Other Textile Bast Fibers Used For Packing Goods,p17,Textiles (17),1.0
630520,Sacks And Bags Of Cotton Textiles Used For Packing Goods,p17,Textiles (17),1.0
630532,Sacks And Bags Of Manmade Textile Materials Used For Packing Goods,p17,Textiles (17),1.0
630533,Sacks And Bags Of Manmade Textile Materials Used For Packing Goods,p17,Textiles (17),1.0
630539,Sacks And Bags Of Manmade Textile Materials Used For Packing Goods,p17,Textiles (17),1.0
630590,"Sacks And Bags Of Textile Materials, N.E.S. Used For Packing Goods",p17,Textiles (17),1.0
630611,"Textile Tarpaulins, Awnings And Sunblinds",p17,Textiles (17),1.0
630612,"Textile Tarpaulins, Awnings And Sunblinds",p17,Textiles (17),1.0
630619,"Textile Tarpaulins, Awnings And Sunblinds",p17,Textiles (17),1.0
630621,Tents Of Textile Materials,p17,Textiles (17),1.0
630622,Tents Of Textile Materials,p17,Textiles (17),1.0
630629,Tents Of Textile Materials,p17,Textiles (17),1.0
630631,"Sails For Boats, Sailboards Or Landcraft Of Textile Materials",p17,Textiles (17),1.0
630639,"Sails For Boats, Sailboards Or Landcraft Of Textile Materials",p17,Textiles (17),1.0
630641,Pneumatic Mattresses Of Textile Materials,p17,Textiles (17),1.0
630649,Pneumatic Mattresses Of Textile Materials,p17,Textiles (17),1.0
630691,"Camping Goods, N.E.S. Of Textile Materials",p17,Textiles (17),1.0
630699,"Camping Goods, N.E.S. Of Textile Materials",p17,Textiles (17),1.0
630710,"Floorcloths, Dishcloths, Dusters And Similar Cleaning Cloths",p17,Textiles (17),1.0
630720,Life Jackets And Life Belts And Other Made,p17,Textiles (17),1.0
630790,Life Jackets And Life Belts And Other Made,p17,Textiles (17),1.0
630800,"Needlecraft Sets, Consisting Of Woven Fabric And Yarn (With Or Without Accessories) For Making Rugs, Tablecloths, Etc., Packaged For Retail Sale",p17,Textiles (17),1.0
630900,"Worn Clothing And Other Worn Textile Articles Traded In Bulk Or In Bales, Sacks Or Similar Bulk Packings",p18,Wearing apparel; furs (18),1.0
631010,"Used Or New Rags, Scrap Twine, Cordage, Rope And Cables And Worn Out Articles Of Twine, Cordage, Rope Or Cables Of Textile Materials",p17,Textiles (17),1.0
631090,"Used Or New Rags, Scrap Twine, Cordage, Rope And Cables And Worn Out Articles Of Twine, Cordage, Rope Or Cables Of Textile Materials",p17,Textiles (17),1.0
640110,Waterproof Footwear Incorporating A Metal Toe,p19,Leather and leather products (19),1.0
640191,"Footwear, N.E.S., With Outer Soles And Uppers Of Rubber Or Plastics Assembled By Other Than Stitching, Screwing, Riveting Or Similar Processes",p19,Leather and leather products (19),1.0
640192,"Footwear, N.E.S., With Outer Soles And Uppers Of Rubber Or Plastics Assembled By Other Than Stitching, Screwing, Riveting Or Similar Processes",p19,Leather and leather products (19),1.0
640199,"Footwear, N.E.S., With Outer Soles And Uppers Of Rubber Or Plastics Assembled By Other Than Stitching, Screwing, Riveting Or Similar Processes",p19,Leather and leather products (19),1.0
640212,Ski,p19,Leather and leather products (19),1.0
640219,"Sports Footwear With Outer Soles And Uppers Of Rubber Or Plastics, N.E.S.",p19,Leather and leather products (19),1.0
640220,"Footwear, N.E.S., With Outer Soles And Uppers Of Rubber Or Plastics, N.E.S. (Assembled By Stitching, Screwing, Etc.)",p19,Leather and leather products (19),1.0
640230,Footwear With A Protective Metal Toe,p19,Leather and leather products (19),1.0
640291,"Footwear, N.E.S., With Outer Soles And Uppers Of Rubber Or Plastics, N.E.S. (Assembled By Stitching, Screwing, Etc.)",p19,Leather and leather products (19),1.0
640299,"Footwear, N.E.S., With Outer Soles And Uppers Of Rubber Or Plastics, N.E.S. (Assembled By Stitching, Screwing, Etc.)",p19,Leather and leather products (19),1.0
640312,Ski,p19,Leather and leather products (19),1.0
640319,"Sports Footwear With Outer Soles Of Rubber, Plastics, Leather Or Composition Leather And Uppers Of Leather, N.E.S.",p19,Leather and leather products (19),1.0
640320,"Footwear With Outer Soles Of Leather, And Uppers Which Consist Of Leather Straps Across The Instep And Around The Big Toe",p19,Leather and leather products (19),1.0
640330,"Footwear Made On A Base Or Platform Of Wood, Not Having An Inner Sole Or A Protective Metal Toe",p19,Leather and leather products (19),1.0
640340,Footwear Incorporating A Protective Metal Toe,p19,Leather and leather products (19),1.0
640351,"Footwear, N.E.S., With Outer Soles Of Leather And Uppers Of Leather Or Composition Leather",p19,Leather and leather products (19),1.0
640359,"Footwear, N.E.S., With Outer Soles Of Leather And Uppers Of Leather Or Composition Leather",p19,Leather and leather products (19),1.0
640391,"Footwear, N.E.S., With Outer Soles Of Leather And Uppers Of Leather Or Composition Leather",p19,Leather and leather products (19),1.0
640399,"Footwear, N.E.S., With Outer Soles Of Leather And Uppers Of Leather Or Composition Leather",p19,Leather and leather products (19),1.0
640411,"Tennis Shoes, Basketball Shoes, Gym Shoes, Training Shoes And The Like And Other Sports Footwear With Outer Soles Of Rubber Or Plastics, N.E.S.",p19,Leather and leather products (19),1.0
640419,"Footwear, N.E.S., With Outer Soles Of Rubber Or Plastics And Uppers Of Tex Tile Materials",p19,Leather and leather products (19),1.0
640420,"Footwear, N.E.S., With Outer Soles Of Leather Or Composition Leather And Uppers Of Textile Materials",p19,Leather and leather products (19),1.0
640510,"Footwear With Uppers Of Leather Or Composition Leather, N.E.S.",p19,Leather and leather products (19),1.0
640520,"Footwear With Uppers Of Textile Materials, N.E.S.",p19,Leather and leather products (19),1.0
640590,"Footwear, N.E.S.",p19,Leather and leather products (19),1.0
640610,"Parts Of Footwear (Includ Uppers, Wheth R Nt Attachd To Soles Oth Th Outer Soles); Removbl Insoles, Heel Cushions & Sim Art; Gaiters, Etc",p19,Leather and leather products (19),1.0
640620,"Parts Of Footwear (Includ Uppers, Wheth R Nt Attachd To Soles Oth Th Outer Soles); Removbl Insoles, Heel Cushions & Sim Art; Gaiters, Etc",p19,Leather and leather products (19),1.0
640691,"Parts Of Footwear (Includ Uppers, Wheth R Nt Attachd To Soles Oth Th Outer Soles); Removbl Insoles, Heel Cushions & Sim Art; Gaiters, Etc",p19,Leather and leather products (19),1.0
640699,"Parts Of Footwear (Includ Uppers, Wheth R Nt Attachd To Soles Oth Th Outer Soles); Removbl Insoles, Heel Cushions & Sim Art; Gaiters, Etc",p19,Leather and leather products (19),1.0
650100,"Hat Forms, Hat Bodies And Hoods Of Felt, Neither Blocked Nor With Made Brims; Plateaux And Manchons Of Felt",p18,Wearing apparel; furs (18),1.0
650200,"Hat Shapes, Plaited  Or Made With Assembled Strips Of Any Material, Neither Blocked Nor With Made Brims, And Neither Lined Nor Trimmed",p18,Wearing apparel; furs (18),1.0
650300,"Felt Hats And Other Felt Headgear, Made From Hat Bodies, Hoods Or Plateaux (Of Heading 657.61), Whether Or Not Lined Or Trimmed",p18,Wearing apparel; furs (18),1.0
650400,"Hats And Other Headgear, Plaited Or Of Strips Of Any Material, Whether Or Not Lined Or Trimmed",p18,Wearing apparel; furs (18),1.0
650510,"Hats And Other Headgear, Knitted Or Crocheted, Or Made Of Lace, Felt Or Other Textile Fabric In The Piece (Not In Strips); Hair Nets Of Any Materia",p18,Wearing apparel; furs (18),1.0
650590,"Hats And Other Headgear, Knitted Or Crocheted, Or Made Of Lace, Felt Or Other Textile Fabric In The Piece (Not In Strips); Hair Nets Of Any Materia",p18,Wearing apparel; furs (18),1.0
650610,"Safety Headgear, Whether Or Not Lined Or Trimmed",p25,Rubber and plastic products (25),1.0
650691,"Headgear, N.E.S., Of Rubber Or Plastics, Whether Or Not Lined Or Trimmed",p25,Rubber and plastic products (25),1.0
650692,"Headgear, N.E.S., Of Materials Other Than Rubber Or Plastics",p18,Wearing apparel; furs (18),1.0
650699,"Headgear, N.E.S., Of Materials Other Than Rubber Or Plastics",p18,Wearing apparel; furs (18),1.0
650700,"Headbands, Linings, Covers, Hat Foundations, Hat Frames, Peaks (Visors) And Chinstraps, For Headgear",p18,Wearing apparel; furs (18),1.0
660110,Umbrellas And Sun Umbrellas (Including Walking,p36,Furniture; other manufactured goods n.e.c. (36),1.0
660191,Umbrellas And Sun Umbrellas (Including Walking,p36,Furniture; other manufactured goods n.e.c. (36),1.0
660199,Umbrellas And Sun Umbrellas (Including Walking,p36,Furniture; other manufactured goods n.e.c. (36),1.0
660200,Walking,p36,Furniture; other manufactured goods n.e.c. (36),1.0
660310,"Parts, Trimmings And Accessories Of Umbrellas, Walking",p36,Furniture; other manufactured goods n.e.c. (36),1.0
660320,"Parts, Trimmings And Accessories Of Umbrellas, Walking",p36,Furniture; other manufactured goods n.e.c. (36),1.0
660390,"Parts, Trimmings And Accessories Of Umbrellas, Walking",p36,Furniture; other manufactured goods n.e.c. (36),1.0
670100,"Skins And Other Parts Of Birds With Their Feathers Or Down, Feathers, Down, Worked Or Processed And Articles Thereof (Except Worked Quills And Scape",p36,Furniture; other manufactured goods n.e.c. (36),1.0
670210,"Artificial Flowers, Foliage Or Fruit And Articles And Parts Thereof, Of Plastics",p36,Furniture; other manufactured goods n.e.c. (36),1.0
670290,"Artificial Flowers, Foliage Or Fruit And Articles And Parts Thereof, Of Materials Other Than Plastics",p36,Furniture; other manufactured goods n.e.c. (36),1.0
670300,"Human Hair, Dressed, Or Otherwise Worked; Wool Or Other Animal Hair Or Other Textile Materials, Prepared For Making Wigs Or The Like",p36,Furniture; other manufactured goods n.e.c. (36),1.0
670411,"Wigs, False Beards, Eyebrows, Eyelashes, Switches And The Like, Of Human Or Animal Hair Or Of Textile Materials; Articles Of Human Hair, N.E.S.",p36,Furniture; other manufactured goods n.e.c. (36),1.0
670419,"Wigs, False Beards, Eyebrows, Eyelashes, Switches And The Like, Of Human Or Animal Hair Or Of Textile Materials; Articles Of Human Hair, N.E.S.",p36,Furniture; other manufactured goods n.e.c. (36),1.0
670420,"Wigs, False Beards, Eyebrows, Eyelashes, Switches And The Like, Of Human Or Animal Hair Or Of Textile Materials; Articles Of Human Hair, N.E.S.",p36,Furniture; other manufactured goods n.e.c. (36),1.0
670490,"Wigs, False Beards, Eyebrows, Eyelashes, Switches And The Like, Of Human Or Animal Hair Or Of Textile Materials; Articles Of Human Hair, N.E.S.",p36,Furniture; other manufactured goods n.e.c. (36),1.0
680100,"Setts, Curbstones And Flagstones Of Natural Stone (Except Slate)",p26.e,Other non-metallic mineral products,1.0
680210,"Natural Stone Tiles, Cubes, Etc., Largest Surface Area Which Can Be Enclosed In A Square The Side Of Which Is Under 7 Cm; Colored Stone Granules, E",p26.e,Other non-metallic mineral products,1.0
680221,"Marble, Travertine And Alabaster And Articles Thereof, Simply Cut Or Sawn, With A Flat Or Even Surface",p26.e,Other non-metallic mineral products,1.0
680222,"Monumental Or Building Stone (Except Slate), N.E.S., And Articles Thereof Simply Cut Or Sawn, With A Flat Or Even Surface",p26.e,Other non-metallic mineral products,1.0
680223,"Monumental Or Building Stone (Except Slate), N.E.S., And Articles Thereof Simply Cut Or Sawn, With A Flat Or Even Surface",p26.e,Other non-metallic mineral products,1.0
680229,"Monumental Or Building Stone (Except Slate), N.E.S., And Articles Thereof Simply Cut Or Sawn, With A Flat Or Even Surface",p26.e,Other non-metallic mineral products,1.0
680291,"Marble, Travertine And Alabaster And Articles Thereof, Molded, Turned, Polished, Decorated, Carved Or Otherwise Worked",p26.e,Other non-metallic mineral products,1.0
680292,"Monumental Or Building Stone (Except Slate), N.E.S. And Articles Thereof, Molded, Turned, Polished, Decorated, Carved Or Otherwise Worked",p26.e,Other non-metallic mineral products,1.0
680293,"Monumental Or Building Stone (Except Slate), N.E.S. And Articles Thereof, Molded, Turned, Polished, Decorated, Carved Or Otherwise Worked",p26.e,Other non-metallic mineral products,1.0
680299,"Monumental Or Building Stone (Except Slate), N.E.S. And Articles Thereof, Molded, Turned, Polished, Decorated, Carved Or Otherwise Worked",p26.e,Other non-metallic mineral products,1.0
680300,"Slate, Worked, And Articles Of Slate Or Agglomerated Slate",p26.e,Other non-metallic mineral products,1.0
680410,"Millstones And Grindstones For Milling, Grinding Or Pulping",p26.e,Other non-metallic mineral products,1.0
680421,"Millstones And Grindstones, N.E.S., Grinding Wheels And The Like",p26.e,Other non-metallic mineral products,1.0
680422,"Millstones And Grindstones, N.E.S., Grinding Wheels And The Like",p26.e,Other non-metallic mineral products,1.0
680423,"Millstones And Grindstones, N.E.S., Grinding Wheels And The Like",p26.e,Other non-metallic mineral products,1.0
680430,Hand Sharpening Or Polishing Stones,p26.e,Other non-metallic mineral products,1.0
680510,Natural Or Artificial Abrasives On A Base Of Woven Textiles,p26.e,Other non-metallic mineral products,1.0
680520,Natural Or Artificial Abrasives On A Base Of Paper Or Paperboard,p26.e,Other non-metallic mineral products,1.0
680530,"Natural Or Artificial Abrasives On A Base Of Materials, N.E.S. (Other Than Woven Textiles, Paper Or Paperboard)",p26.e,Other non-metallic mineral products,1.0
680610,"Mineral Wools (Slag, Rock, Etc.), In Bulk, Sheets Or Rolls",p26.e,Other non-metallic mineral products,1.0
680620,"Expanded Mineral Materials, Including Exfoliated Vermiculite, Expanded Clays And Foamed Slag",p26.e,Other non-metallic mineral products,1.0
680690,"Insulating (Sound Or Heat) Mineral Materials, N.E.S. (Excluding Asbestos, Asbestos Cement, Cellulose Fiber Cement And Ceramic Goods)",p26.e,Other non-metallic mineral products,1.0
680710,"Articles Of Asphalt Or Similar Material, Including Plates, Bricks, Building Boards And Tiles",p26.e,Other non-metallic mineral products,1.0
680790,"Articles Of Asphalt Or Similar Material, Including Plates, Bricks, Building Boards And Tiles",p26.e,Other non-metallic mineral products,1.0
680800,"Articles (Panels, Boards, Tiles, Blocks, Etc.) Of Vegetable Fiber, Or Shavings, Sawdust, Etc., Agglomerated With Cement Or Other Mineral Binders",p26.d,"Cement, lime and plaster",1.0
680911,Articles Of Plaster Or Of Compositions Based On Plaster,p26.d,"Cement, lime and plaster",1.0
680919,Articles Of Plaster Or Of Compositions Based On Plaster,p26.d,"Cement, lime and plaster",1.0
680990,Articles Of Plaster Or Of Compositions Based On Plaster,p26.d,"Cement, lime and plaster",1.0
681011,"Building Blocks And Bricks, Tiles, Flagstones And Similar Articles Of Cement, Concrete Or Artificial Stone",p26.d,"Cement, lime and plaster",1.0
681019,"Building Blocks And Bricks, Tiles, Flagstones And Similar Articles Of Cement, Concrete Or Artificial Stone",p26.d,"Cement, lime and plaster",1.0
681091,"Prefabricated Structural Components For Building Or Civil Engineering, Of Cement, Concrete Or Artificial Stone",p26.d,"Cement, lime and plaster",1.0
681099,"Articles Of Cement, Concrete Or Artificial Stone, N.E.S., Reinforced Or Not",p26.d,"Cement, lime and plaster",1.0
681110,"Articles (Sheets, Tiles, Panels, Tubes, Etc.) Of Asbestos",p26.d,"Cement, lime and plaster",1.0
681120,"Articles (Sheets, Tiles, Panels, Tubes, Etc.) Of Asbestos",p26.d,"Cement, lime and plaster",1.0
681130,"Articles (Sheets, Tiles, Panels, Tubes, Etc.) Of Asbestos",p26.d,"Cement, lime and plaster",1.0
681190,"Articles (Sheets, Tiles, Panels, Tubes, Etc.) Of Asbestos",p26.d,"Cement, lime and plaster",1.0
681210,"Fabricated Asbestos And Asbestos Mixtures (Including Thread, Woven Fabric, Clothing, Etc.), N.E.S. (Not Asbestos",p26.e,Other non-metallic mineral products,1.0
681220,"Fabricated Asbestos And Asbestos Mixtures (Including Thread, Woven Fabric, Clothing, Etc.), N.E.S. (Not Asbestos",p26.e,Other non-metallic mineral products,1.0
681230,"Fabricated Asbestos And Asbestos Mixtures (Including Thread, Woven Fabric, Clothing, Etc.), N.E.S. (Not Asbestos",p26.e,Other non-metallic mineral products,1.0
681240,"Fabricated Asbestos And Asbestos Mixtures (Including Thread, Woven Fabric, Clothing, Etc.), N.E.S. (Not Asbestos",p26.e,Other non-metallic mineral products,1.0
681250,"Fabricated Asbestos And Asbestos Mixtures (Including Thread, Woven Fabric, Clothing, Etc.), N.E.S. (Not Asbestos",p26.e,Other non-metallic mineral products,1.0
681260,"Fabricated Asbestos And Asbestos Mixtures (Including Thread, Woven Fabric, Clothing, Etc.), N.E.S. (Not Asbestos",p26.e,Other non-metallic mineral products,1.0
681270,"Fabricated Asbestos And Asbestos Mixtures (Including Thread, Woven Fabric, Clothing, Etc.), N.E.S. (Not Asbestos",p26.e,Other non-metallic mineral products,1.0
681290,"Fabricated Asbestos And Asbestos Mixtures (Including Thread, Woven Fabric, Clothing, Etc.), N.E.S. (Not Asbestos",p26.e,Other non-metallic mineral products,1.0
681310,"Friction Material And Articles Thereof (Sheets, Rolls, Washers Etc.), For Brakes, Etc., With A Basis Of Asbestos, Other Minerals, Or Of Cellulose",p26.e,Other non-metallic mineral products,1.0
681390,"Friction Material And Articles Thereof (Sheets, Rolls, Washers Etc.), For Brakes, Etc., With A Basis Of Asbestos, Other Minerals, Or Of Cellulose",p26.e,Other non-metallic mineral products,1.0
681410,"Mica, Worked, And Articles Of Mica, Including Agglomerated Or Reconstituted Mica, Whether Or Not On A Support Of Paper, Paperboard Or Other Materia",p26.e,Other non-metallic mineral products,1.0
681490,"Mica, Worked, And Articles Of Mica, Including Agglomerated Or Reconstituted Mica, Whether Or Not On A Support Of Paper, Paperboard Or Other Materia",p26.e,Other non-metallic mineral products,1.0
681510,Nonelectrical Articles Of Graphite Or Other Carbon,p26.e,Other non-metallic mineral products,1.0
681520,Articles Of Peat,p26.e,Other non-metallic mineral products,1.0
681591,"Articles Of Mineral Substances, N.E.S., Containing Magnesite, Dolomite Or Chromite",p26.b,Ceramic goods,1.0
681599,"Articles Of Stone Or Other Mineral Substances, N.E.S.",p26.e,Other non-metallic mineral products,1.0
690100,"Bricks, Blocks, Tiles, And Other Ceramic Goods, Of Siliceous Fossil Meals Or Of Similar Siliceous Earths",p26.b,Ceramic goods,1.0
690210,"Refractory Bricks, Blocks, Tiles And Similar Refractory Ceramic Constructional Goods (Other Than Siliceous Materials)",p26.b,Ceramic goods,1.0
690220,"Refractory Bricks, Blocks, Tiles And Similar Refractory Ceramic Constructional Goods (Other Than Siliceous Materials)",p26.b,Ceramic goods,1.0
690290,"Refractory Bricks, Blocks, Tiles And Similar Refractory Ceramic Constructional Goods (Other Than Siliceous Materials)",p26.b,Ceramic goods,1.0
690310,"Refractory Ceramic Goods (Retorts, Crucibles, Muffles, Nozzles, Plugs, Etc.), N.E.S.",p26.b,Ceramic goods,1.0
690320,"Refractory Ceramic Goods (Retorts, Crucibles, Muffles, Nozzles, Plugs, Etc.), N.E.S.",p26.b,Ceramic goods,1.0
690390,"Refractory Ceramic Goods (Retorts, Crucibles, Muffles, Nozzles, Plugs, Etc.), N.E.S.",p26.b,Ceramic goods,1.0
690410,"Ceramic Building Bricks, Flooring Blocks, Support Or Filler Tiles And The Like",p26.c,"Bricks, tiles and construction products, in baked clay",1.0
690490,"Ceramic Building Bricks, Flooring Blocks, Support Or Filler Tiles And The Like",p26.c,"Bricks, tiles and construction products, in baked clay",1.0
690510,"Ceramic Roofing Tiles, Chimney Pots, Cowls, Chimney Liners, Architectural Ornaments And Other Ceramic Constructional Goods",p26.c,"Bricks, tiles and construction products, in baked clay",1.0
690590,"Ceramic Roofing Tiles, Chimney Pots, Cowls, Chimney Liners, Architectural Ornaments And Other Ceramic Constructional Goods",p26.c,"Bricks, tiles and construction products, in baked clay",1.0
690600,"Ceramic Pipes, Conduits, Guttering And Pipe Fittings",p26.c,"Bricks, tiles and construction products, in baked clay",1.0
690710,"Unglazed Ceramic Flags And Paving, Hearth Or Wall Tiles; Unglazed Ceramic Mosaic Cubes And The Like",p26.b,Ceramic goods,1.0
690790,"Unglazed Ceramic Flags And Paving, Hearth Or Wall Tiles; Unglazed Ceramic Mosaic Cubes And The Like",p26.b,Ceramic goods,1.0
690810,"Glazed Ceramic Flags And Paving, Hearth Or Wall Tiles; Glazed Ceramic Mosaic Cubes And The Like",p26.b,Ceramic goods,1.0
690890,"Glazed Ceramic Flags And Paving, Hearth Or Wall Tiles; Glazed Ceramic Mosaic Cubes And The Like",p26.b,Ceramic goods,1.0
690911,"Ceramic Wares (Laboratory, Chemical Etc.) For Technical Use; Ceramic Receptacles Used In Agriculture; Ceramic Containers For Transport Or Packing",p26.b,Ceramic goods,1.0
690912,"Ceramic Wares (Laboratory, Chemical Etc.) For Technical Use; Ceramic Receptacles Used In Agriculture; Ceramic Containers For Transport Or Packing",p26.b,Ceramic goods,1.0
690919,"Ceramic Wares (Laboratory, Chemical Etc.) For Technical Use; Ceramic Receptacles Used In Agriculture; Ceramic Containers For Transport Or Packing",p26.b,Ceramic goods,1.0
690990,"Ceramic Wares (Laboratory, Chemical Etc.) For Technical Use; Ceramic Receptacles Used In Agriculture; Ceramic Containers For Transport Or Packing",p26.b,Ceramic goods,1.0
691010,"Ceramic Sinks, Wash Basins And Pedestals, Baths, Bidets, Water Closet Pans, Flushing Cisterns, Urinals And Similar Fixtures Of Porcelain Or China",p26.b,Ceramic goods,1.0
691090,"Ceramic Sinks, Wash Basins Or Pedestals, Baths, Bidets, Water Closet Pans, Flushing Cisterns, Urinals And Similar Fixtures, Not Of Porcelain Or Chin",p26.b,Ceramic goods,1.0
691110,Porcelain Or China Tableware And Kitchenware,p26.b,Ceramic goods,1.0
691190,"Porcelain Or China Household Or Toilet Articles, Other Than Tableware And Kitchware",p26.b,Ceramic goods,1.0
691200,"Ceramic Tableware, Kitchenware, Other Household And Toilet Articles, Except Of Porcelain Or China",p26.b,Ceramic goods,1.0
691310,Porcelain Or China Statuettes And Other Ornamental Articles,p26.b,Ceramic goods,1.0
691390,"Ceramic Statuettes And Other Ornaments, Except Of Porcelain Or China",p26.b,Ceramic goods,1.0
691410,"Ceramic Articles, N.E.S.",p26.b,Ceramic goods,1.0
691490,"Ceramic Articles, N.E.S.",p26.b,Ceramic goods,1.0
700100,Glass In The Mass; Glass Cullet And Other Waste And Scrap,p26.a.w,"Secondary glass for treatment, Re-processing of secondary glass into new glass",1.0
700100,Glass In The Mass; Glass Cullet And Other Waste And Scrap,p26.a,Glass and glass products,1.0
700210,"Glass In Balls (Other Than Microspheres Not Over 1 Mm In Diameter), Rods Or Tubes, Unworked",p26.a,Glass and glass products,1.0
700220,"Glass In Balls (Other Than Microspheres Not Over 1 Mm In Diameter), Rods Or Tubes, Unworked",p26.a,Glass and glass products,1.0
700231,"Glass In Balls (Other Than Microspheres Not Over 1 Mm In Diameter), Rods Or Tubes, Unworked",p26.a,Glass and glass products,1.0
700232,"Glass In Balls (Other Than Microspheres Not Over 1 Mm In Diameter), Rods Or Tubes, Unworked",p26.a,Glass and glass products,1.0
700239,"Glass In Balls (Other Than Microspheres Not Over 1 Mm In Diameter), Rods Or Tubes, Unworked",p26.a,Glass and glass products,1.0
700312,"Nonwired Glass Sheets, Cast And Rolled",p26.a,Glass and glass products,1.0
700319,"Nonwired Glass Sheets, Cast And Rolled",p26.a,Glass and glass products,1.0
700320,"Wired Glass Sheets, Cast And Rolled",p26.a,Glass and glass products,1.0
700330,"Profiles, Cast Glass And Rolled Glass",p26.a,Glass and glass products,1.0
700420,"Glass, Colored Throughout The Mass (Body Tinted), Opacified, Flashed Or Having An Absorbent Or Reflecting Layer",p26.a,Glass and glass products,1.0
700490,"Drawn Glass And Blown Glass, N.E.S., In Sheets",p26.a,Glass and glass products,1.0
700510,"Nonwired Glass Sheets, Of Float Glass And Surface Ground Or Polished Glass",p26.a,Glass and glass products,1.0
700521,"Nonwired Glass Sheets, Of Float Glass And Surface Ground Or Polished Glass",p26.a,Glass and glass products,1.0
700529,"Nonwired Glass Sheets, Of Float Glass And Surface Ground Or Polished Glass",p26.a,Glass and glass products,1.0
700530,"Wired Glass Sheets, Of Float Glass And Surface Ground Or Polished Glass",p26.a,Glass and glass products,1.0
700600,"Glass (Other Than Safety And Mirrors), Bent, Edge",p26.a,Glass and glass products,1.0
700711,"Safety Glass, Toughened (Tempered)",p26.a,Glass and glass products,1.0
700719,"Safety Glass, Toughened (Tempered)",p26.a,Glass and glass products,1.0
700721,"Safety Glass, Laminated",p26.a,Glass and glass products,1.0
700729,"Safety Glass, Laminated",p26.a,Glass and glass products,1.0
700800,Glass Multiple Walled Insulating Units,p26.a,Glass and glass products,1.0
700910,Rear,p26.a,Glass and glass products,1.0
700991,"Glass Mirrors, N.E.S., Framed Or Not",p26.a,Glass and glass products,1.0
700992,"Glass Mirrors, N.E.S., Framed Or Not",p26.a,Glass and glass products,1.0
701010,Glass Ampoules,p26.a,Glass and glass products,1.0
701020,"Glass Containers Used To Convey Or Pack Goods (Carboys, Bottles, Jars, Etc.); Glass Stoppers, Lids And Other Closures",p26.a,Glass and glass products,1.0
701091,"Glass Containers Used To Convey Or Pack Goods (Carboys, Bottles, Jars, Etc.); Glass Stoppers, Lids And Other Closures",p26.a,Glass and glass products,1.0
701092,"Glass Containers Used To Convey Or Pack Goods (Carboys, Bottles, Jars, Etc.); Glass Stoppers, Lids And Other Closures",p26.a,Glass and glass products,1.0
701093,"Glass Containers Used To Convey Or Pack Goods (Carboys, Bottles, Jars, Etc.); Glass Stoppers, Lids And Other Closures",p26.a,Glass and glass products,1.0
701094,"Glass Containers Used To Convey Or Pack Goods (Carboys, Bottles, Jars, Etc.); Glass Stoppers, Lids And Other Closures",p26.a,Glass and glass products,1.0
701110,"Glass Envelopes (Including Bulbs And Tubes), Open, And Glass Parts Thereof For Electric Lamps, Cathode",p26.a,Glass and glass products,1.0
701120,"Glass Envelopes (Including Bulbs And Tubes), Open, And Glass Parts Thereof For Electric Lamps, Cathode",p26.a,Glass and glass products,1.0
701190,"Glass Envelopes (Including Bulbs And Tubes), Open, And Glass Parts Thereof For Electric Lamps, Cathode",p26.a,Glass and glass products,1.0
701200,Glass Inners For Vacuum Flasks Or Other Vacuum Vessels,p26.a,Glass and glass products,1.0
701310,Glassware Of Glass,p26.a,Glass and glass products,1.0
701321,Drinking Glasses Other Than Of Glass,p26.a,Glass and glass products,1.0
701329,Drinking Glasses Other Than Of Glass,p26.a,Glass and glass products,1.0
701331,Glassware For The Table Or Kitchen Other Than Drinking Glasses And Glass,p26.a,Glass and glass products,1.0
701332,Glassware For The Table Or Kitchen Other Than Drinking Glasses And Glass,p26.a,Glass and glass products,1.0
701339,Glassware For The Table Or Kitchen Other Than Drinking Glasses And Glass,p26.a,Glass and glass products,1.0
701391,"Glassware For Household, Etc. Use, N.E.S.",p26.a,Glass and glass products,1.0
701399,"Glassware For Household, Etc. Use, N.E.S.",p26.a,Glass and glass products,1.0
701400,Signalling Glassware And Optical Elements Of Glass (Other Than Elements For Spectacles) Not Optically Worked,p26.a,Glass and glass products,1.0
701510,Clock And Watch Glasses And Similar Glasses; Glass For Spectacles Not Optically Worked; Hollow Glass Spheres And Segments For Sphere Manufacture,p26.a,Glass and glass products,1.0
701590,Clock And Watch Glasses And Similar Glasses; Glass For Spectacles Not Optically Worked; Hollow Glass Spheres And Segments For Sphere Manufacture,p26.a,Glass and glass products,1.0
701610,Glass Cubes And Other Glass Smallwares For Mosaics Or Similar Decorative Purposes,p26.a,Glass and glass products,1.0
701690,"Articles Of Pressed Or Molded Glass For Building Or Construction Use (Paving Blocks, Bricks, Etc.); Leaded Lights; Multicellular Glass Blocks, Etc.",p26.a,Glass and glass products,1.0
701710,"Glassware For Laboratory, Hygienic Or Pharmaceutical Use",p26.a,Glass and glass products,1.0
701720,"Glassware For Laboratory, Hygienic Or Pharmaceutical Use",p26.a,Glass and glass products,1.0
701790,"Glassware For Laboratory, Hygienic Or Pharmaceutical Use",p26.a,Glass and glass products,1.0
701810,"Glass Beads, Imitation Pearls And Precious Stones; Glass Eyes (Not Prosthetic); Ornaments, Etc. Of Lamp",p26.a,Glass and glass products,1.0
701820,"Glass Beads, Imitation Pearls And Precious Stones; Glass Eyes (Not Prosthetic); Ornaments, Etc. Of Lamp",p26.a,Glass and glass products,1.0
701890,"Glass Beads, Imitation Pearls And Precious Stones; Glass Eyes (Not Prosthetic); Ornaments, Etc. Of Lamp",p26.a,Glass and glass products,1.0
701911,"Glass Fiber Slivers, Rovings, Yarn And Chopped Strands",p26.a,Glass and glass products,1.0
701912,"Glass Fiber Slivers, Rovings, Yarn And Chopped Strands",p26.a,Glass and glass products,1.0
701919,"Glass Fiber Slivers, Rovings, Yarn And Chopped Strands",p26.a,Glass and glass products,1.0
701931,"Glass Fibers (Including Glass Wool) And Articles Thereof, N.E.S.",p26.a,Glass and glass products,1.0
701932,"Glass Fibers (Including Glass Wool) And Articles Thereof, N.E.S.",p26.a,Glass and glass products,1.0
701939,"Glass Fibers (Including Glass Wool) And Articles Thereof, N.E.S.",p26.a,Glass and glass products,1.0
701940,Woven Fabrics Of Glass Fiber (Including Narrow Fabrics),p17,Textiles (17),1.0
701951,Woven Fabrics Of Glass Fiber (Including Narrow Fabrics),p17,Textiles (17),1.0
701952,Woven Fabrics Of Glass Fiber (Including Narrow Fabrics),p17,Textiles (17),1.0
701959,Woven Fabrics Of Glass Fiber (Including Narrow Fabrics),p17,Textiles (17),1.0
701990,"Glass Fibers (Including Glass Wool) And Articles Thereof, N.E.S.",p26.a,Glass and glass products,1.0
702000,"Articles Of Glass, N.E.S.",p26.a,Glass and glass products,1.0
710110,"Natural Pearls, Not Strung, Mounted Or Set; Ungraded Natural Pearls Temporarily Strung For Transport",p05,Fish and other fishing products; services incidental of fishing (05),1.0
710121,"Cultured Pearls, Unworked",p05,Fish and other fishing products; services incidental of fishing (05),1.0
710122,"Cultured Pearls, Worked, But Not Strung, Mounted Or Set; Ungraded Cultured Pearls Temporarily Strung For Transport",p36,Furniture; other manufactured goods n.e.c. (36),1.0
710210,"Diamonds, Rough, Unsorted",p14.3,"Chemical and fertilizer minerals, salt and other mining and quarrying products n.e.c.",1.0
710221,"Industrial Diamonds, Unworked Or Simply Sawn, Cleaved Or Bruted",p14.3,"Chemical and fertilizer minerals, salt and other mining and quarrying products n.e.c.",1.0
710229,"Industrial Diamonds, Worked (Other Than Simply Sawn, Cleaved Or Bruted), N.E.S.",p36,Furniture; other manufactured goods n.e.c. (36),1.0
710231,"Diamonds, Sorted (Other Than Industrial Diamonds), Unworked Or Simply Sawn, Cleaved Or Bruted",p14.3,"Chemical and fertilizer minerals, salt and other mining and quarrying products n.e.c.",1.0
710239,"Diamonds (Other Than Industrial Diamonds), Otherwise Worked, But Not Mounted Or Set",p36,Furniture; other manufactured goods n.e.c. (36),1.0
710310,"Precious And Semiprecious Stones (No Diamonds), Unworked Or Simply Sawn Or Roughly Shaped",p14.3,"Chemical and fertilizer minerals, salt and other mining and quarrying products n.e.c.",1.0
710391,"Precious And Semiprecious Stones (No Diamonds) Worked, But Not Strung, Mounted Or Set (Including Ungraded Stones Temporarily Strung For Transport)",p36,Furniture; other manufactured goods n.e.c. (36),1.0
710399,"Precious And Semiprecious Stones (No Diamonds) Worked, But Not Strung, Mounted Or Set (Including Ungraded Stones Temporarily Strung For Transport)",p36,Furniture; other manufactured goods n.e.c. (36),1.0
710410,Piezo,p24.d,Chemicals nec,1.0
710420,Synthetic Or Reconstructed Precious Or Semiprecious Stones Other Than Piezo,p24.d,Chemicals nec,1.0
710490,"Synthetic Or Reconstructed Precious Or Semiprecious Stones, N.E.S., Not Strung, Mounted, Or Set (Including Ungraded Stones Strung Only For Transpor",p36,Furniture; other manufactured goods n.e.c. (36),1.0
710510,Dust And Powder Of Natural Or Synthetic Precious Or Semiprecious Stones,p36,Furniture; other manufactured goods n.e.c. (36),1.0
710590,Dust And Powder Of Natural Or Synthetic Precious Or Semiprecious Stones,p36,Furniture; other manufactured goods n.e.c. (36),1.0
710610,"Silver (Including Gold And Platinum Plated Silver), In Semimanufactured Or Powdered Form",p27.41,Precious metals,1.0
710691,"Silver (Including Gold And Platinum Plated Silver), Unwrought",p27.41,Precious metals,1.0
710692,"Silver (Including Gold And Platinum Plated Silver), In Semimanufactured Or Powdered Form",p27.41,Precious metals,1.0
710700,"Silver Clad Base Metals, Not Further Worked Than Semimanufactured",p27.41,Precious metals,1.0
710811,"Gold (Including Gold Plated With Platinum), Nonmonetary, Unwrought Or In Semimanufactured Forms Or In Powder Form",p27.41,Precious metals,1.0
710812,"Gold (Including Gold Plated With Platinum), Nonmonetary, Unwrought Or In Semimanufactured Forms Or In Powder Form",p27.41,Precious metals,1.0
710813,"Gold (Including Gold Plated With Platinum), Nonmonetary, Unwrought Or In Semimanufactured Forms Or In Powder Form",p27.41,Precious metals,1.0
710820,"Gold (Including Gold Plated With Platinum), Nonmonetary, Unwrought Or In Semimanufactured Forms Or In Powder Form",p27.41,Precious metals,1.0
710900,"Base Metals Or Silver, Clad With Gold, Not Further Worked Than Semimanufactured",p27.41,Precious metals,1.0
711011,"Platinum And Platinum Alloys, Unwrought Or In Powder Form",p27.41,Precious metals,1.0
711019,"Platinum And Other Platinum Group Metals And Alloys Thereof, In Semimanufactured Forms, N.E.S.",p27.41,Precious metals,1.0
711021,"Platinum Group (Except Platinum) Metals And Alloys, Unwrought Or In Powder Form",p27.41,Precious metals,1.0
711029,"Platinum And Other Platinum Group Metals And Alloys Thereof, In Semimanufactured Forms, N.E.S.",p27.41,Precious metals,1.0
711031,"Platinum Group (Except Platinum) Metals And Alloys, Unwrought Or In Powder Form",p27.41,Precious metals,1.0
711039,"Platinum And Other Platinum Group Metals And Alloys Thereof, In Semimanufactured Forms, N.E.S.",p27.41,Precious metals,1.0
711041,"Platinum Group (Except Platinum) Metals And Alloys, Unwrought Or In Powder Form",p27.41,Precious metals,1.0
711049,"Platinum And Other Platinum Group Metals And Alloys Thereof, In Semimanufactured Forms, N.E.S.",p27.41,Precious metals,1.0
711100,"Platinum (Including Other Platinum Group Metals) Plated Base Metal, Silver Or Gold, Not Further Worked Than Semimanufactured",p27.41,Precious metals,1.0
711210,3933 Waste And Scrap (Including Metal Clad With Gold But Excluding Sweepings Containing Other Precious Metals),p27.42,Aluminium and aluminium products,1.0
711220,"3933te And Scrap Of Platinum, Including Metal Clad With Platinum, But Excluding Sweepings Containing Other Precious Metals""",p27.43,"Lead, zinc and tin and products thereof",1.0
711290,"3933te And Scrap Of Precious Metals N.E.S., Or Of  Metals Clad With Precious Metal Other Than Gold Or Platinum""",p27.44,Copper products,1.0
711311,"Articles Of Jewelry And Parts Thereof, Of Precious Metal Or Metals Clad With Precious Metals (Except Watches And Watch Cases)",p36,Furniture; other manufactured goods n.e.c. (36),1.0
711319,"Articles Of Jewelry And Parts Thereof, Of Precious Metal Or Metals Clad With Precious Metals (Except Watches And Watch Cases)",p36,Furniture; other manufactured goods n.e.c. (36),1.0
711320,"Articles Of Jewelry And Parts Thereof, Of Precious Metal Or Metals Clad With Precious Metals (Except Watches And Watch Cases)",p36,Furniture; other manufactured goods n.e.c. (36),1.0
711411,"Articles Of Goldsmiths Or Silversmiths Wares And Parts Thereof, Of Precious Metal Or Clad With Precious Metal (Except Jewelry, Watch Cases, Etc.)",p36,Furniture; other manufactured goods n.e.c. (36),1.0
711419,"Articles Of Goldsmiths Or Silversmiths Wares And Parts Thereof, Of Precious Metal Or Clad With Precious Metal (Except Jewelry, Watch Cases, Etc.)",p36,Furniture; other manufactured goods n.e.c. (36),1.0
711420,"Articles Of Goldsmiths Or Silversmiths Wares And Parts Thereof, Of Precious Metal Or Clad With Precious Metal (Except Jewelry, Watch Cases, Etc.)",p36,Furniture; other manufactured goods n.e.c. (36),1.0
711510,"Catalysts In The  Form Of Wire Cloth Or Grill, Of Platinum Or Of The Platinum Group Metals",p36,Furniture; other manufactured goods n.e.c. (36),1.0
711590,"Articles Of Precious Metal Or Of Metal Clad With Precious Metal, N.E.S.",p36,Furniture; other manufactured goods n.e.c. (36),1.0
711610,"Articles Of Natural Or Cultured Pearls, Precious Or Semiprecious Stones (Natural, Synthetic Or Reconstructed)",p36,Furniture; other manufactured goods n.e.c. (36),1.0
711620,"Articles Of Natural Or Cultured Pearls, Precious Or Semiprecious Stones (Natural, Synthetic Or Reconstructed)",p36,Furniture; other manufactured goods n.e.c. (36),1.0
711711,"Imitation Jewelry Of Base Metal, Whether Or Not Plated With Precious Metal",p36,Furniture; other manufactured goods n.e.c. (36),1.0
711719,"Imitation Jewelry Of Base Metal, Whether Or Not Plated With Precious Metal",p36,Furniture; other manufactured goods n.e.c. (36),1.0
711790,"Imitation Jewelry Of Nonprecious Materials, N.E.S.",p36,Furniture; other manufactured goods n.e.c. (36),1.0
711810,"Coin (Other Than Gold Coin), Not Being Legal Tender",p36,Furniture; other manufactured goods n.e.c. (36),1.0
711890,"Coin (Other Than Gold Coin), Not Being Legal Tender",p36,Furniture; other manufactured goods n.e.c. (36),1.0
720110,"Nonalloyed Pig Iron, With Not Over 0.50% (Wt.) Phosphorus, In Primary Forms",p27.a,Basic iron and steel and of ferro-alloys and first products thereof,1.0
720120,"Nonalloyed Pig Iron, With Over 0.50% (Wt.) Phosphorus, In Primary Forms",p27.a,Basic iron and steel and of ferro-alloys and first products thereof,1.0
720150,"Alloy Pig Iron And Spiegeleisen, In Primary Forms",p27.a,Basic iron and steel and of ferro-alloys and first products thereof,1.0
720211,Ferromanganese With Over 2% (Wt.) Carbon,p27.a,Basic iron and steel and of ferro-alloys and first products thereof,1.0
760200,3936inum Waste And Scrap,p27.42,Aluminium and aluminium products,1.0
780200,3936 Waste And Scrap,p27.43,"Lead, zinc and tin and products thereof",1.0
790200,3936 Waste And Scrap (Other Than Dust),p27.43,"Lead, zinc and tin and products thereof",1.0
800200,3936Waste And Scrap,p27.43,"Lead, zinc and tin and products thereof",1.0
720610,Iron (Under 99.94% Pure) Or Nonalloy Steel Ingots,p27.a,Basic iron and steel and of ferro-alloys and first products thereof,1.0
720690,Iron (Under 99.94% Pure) Or Nonalloy Steel In Primary Forms Other Than Ingots,p27.a,Basic iron and steel and of ferro-alloys and first products thereof,1.0
720711,"Iron Or Nonalloy Steel Semifinished Shapes, Under .25% (Wt.) Carbon, With Square Cross Section And Specified Width Under Twice The Thickness",p27.a,Basic iron and steel and of ferro-alloys and first products thereof,1.0
720712,"Iron Or Nonalloy Steel Semifinished Shapes, Under .25% (Wt.) Carbon, With A Nonsquare Rectangular Cross Section",p27.a,Basic iron and steel and of ferro-alloys and first products thereof,1.0
720719,"Iron Or Nonalloy Steel Semifinished Shapes, Under .25% (Wt.) Carbon, N.E.S",p27.a,Basic iron and steel and of ferro-alloys and first products thereof,1.0
720720,"Iron Or Nonalloy Steel Semifinished Products, Containing Not Under .25% (Wt.) Carbon",p27.a,Basic iron and steel and of ferro-alloys and first products thereof,1.0
720810,,p27.a,Basic iron and steel and of ferro-alloys and first products thereof,1.0
720825,,p27.a,Basic iron and steel and of ferro-alloys and first products thereof,1.0
720826,,p27.a,Basic iron and steel and of ferro-alloys and first products thereof,1.0
720827,,p27.a,Basic iron and steel and of ferro-alloys and first products thereof,1.0
720836,,p27.a,Basic iron and steel and of ferro-alloys and first products thereof,1.0
720837,,p27.a,Basic iron and steel and of ferro-alloys and first products thereof,1.0
720838,,p27.a,Basic iron and steel and of ferro-alloys and first products thereof,1.0
720839,,p27.a,Basic iron and steel and of ferro-alloys and first products thereof,1.0
720840,,p27.a,Basic iron and steel and of ferro-alloys and first products thereof,1.0
720851,,p27.a,Basic iron and steel and of ferro-alloys and first products thereof,1.0
720852,,p27.a,Basic iron and steel and of ferro-alloys and first products thereof,1.0
720853,,p27.a,Basic iron and steel and of ferro-alloys and first products thereof,1.0
720854,,p27.a,Basic iron and steel and of ferro-alloys and first products thereof,1.0
720890,Iron And Nonalloy Steel Flat,p27.a,Basic iron and steel and of ferro-alloys and first products thereof,1.0
720915,,p27.a,Basic iron and steel and of ferro-alloys and first products thereof,1.0
720916,,p27.a,Basic iron and steel and of ferro-alloys and first products thereof,1.0
720917,,p27.a,Basic iron and steel and of ferro-alloys and first products thereof,1.0
720918,,p27.a,Basic iron and steel and of ferro-alloys and first products thereof,1.0
720925,,p27.a,Basic iron and steel and of ferro-alloys and first products thereof,1.0
720926,,p27.a,Basic iron and steel and of ferro-alloys and first products thereof,1.0
720927,,p27.a,Basic iron and steel and of ferro-alloys and first products thereof,1.0
720928,,p27.a,Basic iron and steel and of ferro-alloys and first products thereof,1.0
720990,Iron And Nonalloy Steel Flat,p27.a,Basic iron and steel and of ferro-alloys and first products thereof,1.0
721011,Iron And Nonalloy Steel Flat,p27.a,Basic iron and steel and of ferro-alloys and first products thereof,1.0
721012,Iron And Nonalloy Steel Flat,p27.a,Basic iron and steel and of ferro-alloys and first products thereof,1.0
721020,Iron And Nonalloy Steel Flat,p27.a,Basic iron and steel and of ferro-alloys and first products thereof,1.0
721030,Iron And Nonalloy Steel Flat,p27.a,Basic iron and steel and of ferro-alloys and first products thereof,1.0
721041,Iron And Nonalloy Steel Flat,p27.a,Basic iron and steel and of ferro-alloys and first products thereof,1.0
721049,Iron And Nonalloy Steel Flat,p27.a,Basic iron and steel and of ferro-alloys and first products thereof,1.0
721050,Iron And Nonalloy Steel Flat,p27.a,Basic iron and steel and of ferro-alloys and first products thereof,1.0
721061,Iron And Nonalloy Steel Flat,p27.a,Basic iron and steel and of ferro-alloys and first products thereof,1.0
721069,Iron And Nonalloy Steel Flat,p27.a,Basic iron and steel and of ferro-alloys and first products thereof,1.0
721070,Iron And Nonalloy Steel Flat,p27.a,Basic iron and steel and of ferro-alloys and first products thereof,1.0
721090,Iron And Nonalloy Steel Flat,p27.a,Basic iron and steel and of ferro-alloys and first products thereof,1.0
721113,,p27.a,Basic iron and steel and of ferro-alloys and first products thereof,1.0
721114,,p27.a,Basic iron and steel and of ferro-alloys and first products thereof,1.0
721119,,p27.a,Basic iron and steel and of ferro-alloys and first products thereof,1.0
721123,,p27.a,Basic iron and steel and of ferro-alloys and first products thereof,1.0
721129,,p27.a,Basic iron and steel and of ferro-alloys and first products thereof,1.0
721190,Iron And Nonalloy Steel Flat,p27.a,Basic iron and steel and of ferro-alloys and first products thereof,1.0
721210,Iron And Nonalloy Steel Flat,p27.a,Basic iron and steel and of ferro-alloys and first products thereof,1.0
721220,Iron And Nonalloy Steel Flat,p27.a,Basic iron and steel and of ferro-alloys and first products thereof,1.0
721230,Iron And Nonalloy Steel Flat,p27.a,Basic iron and steel and of ferro-alloys and first products thereof,1.0
721240,Iron And Nonalloy Steel Flat,p27.a,Basic iron and steel and of ferro-alloys and first products thereof,1.0
721250,Iron And Nonalloy Steel Flat,p27.a,Basic iron and steel and of ferro-alloys and first products thereof,1.0
721260,Iron And Nonalloy Steel Flat,p27.a,Basic iron and steel and of ferro-alloys and first products thereof,1.0
721310,"Iron And Nonalloy Steel Bars And Rods, Hot",p27.a,Basic iron and steel and of ferro-alloys and first products thereof,1.0
721320,"Free Cutting Steel Bars And Rods, Hot",p27.a,Basic iron and steel and of ferro-alloys and first products thereof,1.0
721391,Bar & steel,p27.a,Basic iron and steel and of ferro-alloys and first products thereof,1.0
721399,,p27.a,Basic iron and steel and of ferro-alloys and first products thereof,1.0
721410,,p27.a,Basic iron and steel and of ferro-alloys and first products thereof,1.0
721420,,p27.a,Basic iron and steel and of ferro-alloys and first products thereof,1.0
721430,,p27.a,Basic iron and steel and of ferro-alloys and first products thereof,1.0
721491,"Bar & steel, other",p27.a,Basic iron and steel and of ferro-alloys and first products thereof,1.0
721499,,p27.a,Basic iron and steel and of ferro-alloys and first products thereof,1.0
721510,,p27.a,Basic iron and steel and of ferro-alloys and first products thereof,1.0
721550,"Iron And Nonalloy Steel Bars And Rods, N.E.S., Cold",p27.a,Basic iron and steel and of ferro-alloys and first products thereof,1.0
721590,,p27.a,Basic iron and steel and of ferro-alloys and first products thereof,1.0
721610,"Iron And Nonalloy Steel U, I, H, L And T Sections, Under 80 Mm High, Hot",p27.a,Basic iron and steel and of ferro-alloys and first products thereof,1.0
721621,"Iron And Nonalloy Steel U, I, H, L And T Sections, Under 80 Mm High, Hot",p27.a,Basic iron and steel and of ferro-alloys and first products thereof,1.0
721622,"Iron And Nonalloy Steel U, I, H, L And T Sections, Under 80 Mm High, Hot",p27.a,Basic iron and steel and of ferro-alloys and first products thereof,1.0
721631,"Iron And Nonalloy Steel U, I, H, L And T Sections, Not Under 80 Mm High, Hot",p27.a,Basic iron and steel and of ferro-alloys and first products thereof,1.0
721632,"Iron And Nonalloy Steel U, I, H, L And T Sections, Not Under 80 Mm High, Hot",p27.a,Basic iron and steel and of ferro-alloys and first products thereof,1.0
721633,"Iron And Nonalloy Steel U, I, H, L And T Sections, Not Under 80 Mm High, Hot",p27.a,Basic iron and steel and of ferro-alloys and first products thereof,1.0
721640,"Iron And Nonalloy Steel U, I, H, L And T Sections, Not Under 80 Mm High, Hot",p27.a,Basic iron and steel and of ferro-alloys and first products thereof,1.0
721650,"Iron And Nonalloy Steel Angles, Shapes And Sections, N.E.S., Hot",p27.a,Basic iron and steel and of ferro-alloys and first products thereof,1.0
721661,"Iron And Nonalloy Steel Angles, Shapes And Sections, Cold",p27.a,Basic iron and steel and of ferro-alloys and first products thereof,1.0
721669,"Iron And Nonalloy Steel Angles, Shapes And Sections, Cold",p27.a,Basic iron and steel and of ferro-alloys and first products thereof,1.0
721691,"Iron And Nonalloy Steel Angles, Shapes And Sections, N.E.S.",p27.a,Basic iron and steel and of ferro-alloys and first products thereof,1.0
721699,"Iron And Nonalloy Steel Angles, Shapes And Sections, N.E.S.",p27.a,Basic iron and steel and of ferro-alloys and first products thereof,1.0
721710,Wire,p27.a,Basic iron and steel and of ferro-alloys and first products thereof,1.0
721720,Wire,p27.a,Basic iron and steel and of ferro-alloys and first products thereof,1.0
721730,Wire,p27.a,Basic iron and steel and of ferro-alloys and first products thereof,1.0
721790,Wire,p27.a,Basic iron and steel and of ferro-alloys and first products thereof,1.0
721810,Stainless Steel Ingots And Other Primary Forms,p27.a,Basic iron and steel and of ferro-alloys and first products thereof,1.0
721891,Stainless Steel Semifinished Products,p27.a,Basic iron and steel and of ferro-alloys and first products thereof,1.0
721899,Stainless Steel Semifinished Products,p27.a,Basic iron and steel and of ferro-alloys and first products thereof,1.0
721911,Stainless Steel Flat,p27.a,Basic iron and steel and of ferro-alloys and first products thereof,1.0
721912,Stainless Steel Flat,p27.a,Basic iron and steel and of ferro-alloys and first products thereof,1.0
721913,Stainless Steel Flat,p27.a,Basic iron and steel and of ferro-alloys and first products thereof,1.0
721914,Stainless Steel Flat,p27.a,Basic iron and steel and of ferro-alloys and first products thereof,1.0
721921,Stainless Steel Flat,p27.a,Basic iron and steel and of ferro-alloys and first products thereof,1.0
721922,Stainless Steel Flat,p27.a,Basic iron and steel and of ferro-alloys and first products thereof,1.0
721923,Stainless Steel Flat,p27.a,Basic iron and steel and of ferro-alloys and first products thereof,1.0
721924,Stainless Steel Flat,p27.a,Basic iron and steel and of ferro-alloys and first products thereof,1.0
721931,Stainless Steel Flat,p27.a,Basic iron and steel and of ferro-alloys and first products thereof,1.0
721932,Stainless Steel Flat,p27.a,Basic iron and steel and of ferro-alloys and first products thereof,1.0
721933,Stainless Steel Flat,p27.a,Basic iron and steel and of ferro-alloys and first products thereof,1.0
721934,Stainless Steel Flat,p27.a,Basic iron and steel and of ferro-alloys and first products thereof,1.0
721935,Stainless Steel Flat,p27.a,Basic iron and steel and of ferro-alloys and first products thereof,1.0
721990,Stainless Steel Flat,p27.a,Basic iron and steel and of ferro-alloys and first products thereof,1.0
722011,Stainless Steel Flat,p27.a,Basic iron and steel and of ferro-alloys and first products thereof,1.0
722012,Stainless Steel Flat,p27.a,Basic iron and steel and of ferro-alloys and first products thereof,1.0
722020,Stainless Steel Flat,p27.a,Basic iron and steel and of ferro-alloys and first products thereof,1.0
722090,Stainless Steel Flat,p27.a,Basic iron and steel and of ferro-alloys and first products thereof,1.0
722100,,p27.a,Basic iron and steel and of ferro-alloys and first products thereof,1.0
722211,"Stainless Steel Bars And Rods, N.E.S., Hot",p27.a,Basic iron and steel and of ferro-alloys and first products thereof,1.0
722219,,p27.a,Basic iron and steel and of ferro-alloys and first products thereof,1.0
722220,,p27.a,Basic iron and steel and of ferro-alloys and first products thereof,1.0
722230,,p27.a,Basic iron and steel and of ferro-alloys and first products thereof,1.0
722240,"Stainless Steel Angles, Shapes And Sections",p27.a,Basic iron and steel and of ferro-alloys and first products thereof,1.0
722300,Stainless Steel Wire,p27.a,Basic iron and steel and of ferro-alloys and first products thereof,1.0
722410,Alloy Steel (Except Stainless) Ingots And Other Primary Forms,p27.a,Basic iron and steel and of ferro-alloys and first products thereof,1.0
722490,Alloy Steel Semifinished Products (Other Than Stainless Steel),p27.a,Basic iron and steel and of ferro-alloys and first products thereof,1.0
722511,Silicon,p27.a,Basic iron and steel and of ferro-alloys and first products thereof,1.0
722519,Silicon,p27.a,Basic iron and steel and of ferro-alloys and first products thereof,1.0
722520,High Speed Steel Flat,p27.a,Basic iron and steel and of ferro-alloys and first products thereof,1.0
722530,Alloy Steel N.E.S. Flat,p27.a,Basic iron and steel and of ferro-alloys and first products thereof,1.0
722540,Alloy Steel N.E.S. Flat,p27.a,Basic iron and steel and of ferro-alloys and first products thereof,1.0
722550,Alloy Steel N.E.S. Flat,p27.a,Basic iron and steel and of ferro-alloys and first products thereof,1.0
722591,Alloy Steel N.E.S. Flat,p27.a,Basic iron and steel and of ferro-alloys and first products thereof,1.0
722592,Alloy Steel N.E.S. Flat,p27.a,Basic iron and steel and of ferro-alloys and first products thereof,1.0
722599,Alloy Steel N.E.S. Flat,p27.a,Basic iron and steel and of ferro-alloys and first products thereof,1.0
722611,Silicon,p27.a,Basic iron and steel and of ferro-alloys and first products thereof,1.0
722619,Silicon,p27.a,Basic iron and steel and of ferro-alloys and first products thereof,1.0
722620,High Speed Steel Flat,p27.a,Basic iron and steel and of ferro-alloys and first products thereof,1.0
722691,Alloy Steel N.E.S. Flat,p27.a,Basic iron and steel and of ferro-alloys and first products thereof,1.0
722692,Alloy Steel N.E.S. Flat,p27.a,Basic iron and steel and of ferro-alloys and first products thereof,1.0
722693,Alloy Steel N.E.S. Flat,p27.a,Basic iron and steel and of ferro-alloys and first products thereof,1.0
722694,Alloy Steel N.E.S. Flat,p27.a,Basic iron and steel and of ferro-alloys and first products thereof,1.0
722699,Alloy Steel N.E.S. Flat,p27.a,Basic iron and steel and of ferro-alloys and first products thereof,1.0
722710,,p27.a,Basic iron and steel and of ferro-alloys and first products thereof,1.0
722720,,p27.a,Basic iron and steel and of ferro-alloys and first products thereof,1.0
722790,,p27.a,Basic iron and steel and of ferro-alloys and first products thereof,1.0
722810,,p27.a,Basic iron and steel and of ferro-alloys and first products thereof,1.0
722820,,p27.a,Basic iron and steel and of ferro-alloys and first products thereof,1.0
722830,"Alloy Steel N.E.S. Bars And Rods, N.E.S., Hot",p27.a,Basic iron and steel and of ferro-alloys and first products thereof,1.0
722840,"Alloy Steel N.E.S. Bars And Rods, Forged (Except High Speed And Silico",p27.a,Basic iron and steel and of ferro-alloys and first products thereof,1.0
722850,"Alloy Steel N.E.S. Bars And Rods, N.E.S., Cold",p27.a,Basic iron and steel and of ferro-alloys and first products thereof,1.0
722860,"Alloy Steel N.E.S. Bars And Rods, N.E.S. (Except High Speed And Silico",p27.a,Basic iron and steel and of ferro-alloys and first products thereof,1.0
722870,"Alloy Steel N.E.S. Angles, Shapes And Sections",p27.a,Basic iron and steel and of ferro-alloys and first products thereof,1.0
722880,Hollow Drill Steel Bars And Rods (Alloy And Nonalloy Steel),p27.a,Basic iron and steel and of ferro-alloys and first products thereof,1.0
722910,Alloy Steel (Except Stainless) Wire,p27.a,Basic iron and steel and of ferro-alloys and first products thereof,1.0
722920,Alloy Steel (Except Stainless) Wire,p27.a,Basic iron and steel and of ferro-alloys and first products thereof,1.0
722990,Alloy Steel (Except Stainless) Wire,p27.a,Basic iron and steel and of ferro-alloys and first products thereof,1.0
730110,"Iron And Steel Sheet Piling, Welded Angles, Shapes And Sections",p27.a,Basic iron and steel and of ferro-alloys and first products thereof,1.0
730120,"Iron And Steel Sheet Piling, Welded Angles, Shapes And Sections",p27.a,Basic iron and steel and of ferro-alloys and first products thereof,1.0
730210,"Iron And Steel Rails, Except Check",p27.a,Basic iron and steel and of ferro-alloys and first products thereof,1.0
730220,"Iron And Steel Railway And Tramway Track Construction Material, N.E.S., Including Check",p27.a,Basic iron and steel and of ferro-alloys and first products thereof,1.0
730230,"Iron And Steel Railway And Tramway Track Construction Material, N.E.S., Including Check",p27.a,Basic iron and steel and of ferro-alloys and first products thereof,1.0
730240,"Iron And Steel Railway And Tramway Track Construction Material, N.E.S., Including Check",p27.a,Basic iron and steel and of ferro-alloys and first products thereof,1.0
730290,"Iron And Steel Railway And Tramway Track Construction Material, N.E.S., Including Check",p27.a,Basic iron and steel and of ferro-alloys and first products thereof,1.0
730300,"Cast Iron Seamless Tubes, Pipes And Hollow Profiles",p27.a,Basic iron and steel and of ferro-alloys and first products thereof,1.0
730410,Iron (Except Cast) And Steel Seamless Line Pipe Used For Oil And Gas Pipelines,p27.a,Basic iron and steel and of ferro-alloys and first products thereof,1.0
730421,"Casing, Tubing And Drill Pipe, Of A Kind Used In Drilling For Oil Or Gas, Of Iron (Other Than Cast Iron)",p27.a,Basic iron and steel and of ferro-alloys and first products thereof,1.0
730429,"Casing, Tubing And Drill Pipe, Of A Kind Used In Drilling For Oil Or Gas, Of Iron (Other Than Cast Iron)",p27.a,Basic iron and steel and of ferro-alloys and first products thereof,1.0
730431,"Iron (Except Cast) And Nonalloy Steel Seamless Tubes, Pipes And Hollow Profiles, N.E.S. Of Circular Cross",p27.a,Basic iron and steel and of ferro-alloys and first products thereof,1.0
730439,"Iron (Except Cast) And Nonalloy Steel Seamless Tubes, Pipes And Hollow Profiles, N.E.S. Of Circular Cross",p27.a,Basic iron and steel and of ferro-alloys and first products thereof,1.0
730441,"Stainless Steel Seamless Tubes, Pipes And Hollow Profiles, N.E.S. Of Circular Cross",p27.a,Basic iron and steel and of ferro-alloys and first products thereof,1.0
730449,"Stainless Steel Seamless Tubes, Pipes And Hollow Profiles, N.E.S. Of Circular Cross",p27.a,Basic iron and steel and of ferro-alloys and first products thereof,1.0
730451,"Alloy Steel (Except Stainless) Seamless Tubes, Pipes And Hollow Profiles, N.E.S. Of Circular Cross",p27.a,Basic iron and steel and of ferro-alloys and first products thereof,1.0
730459,"Alloy Steel (Except Stainless) Seamless Tubes, Pipes And Hollow Profiles, N.E.S. Of Circular Cross",p27.a,Basic iron and steel and of ferro-alloys and first products thereof,1.0
730490,"Iron And Steel Seamless Tubes, Pipes And Hollow Profiles, N.E.S.",p27.a,Basic iron and steel and of ferro-alloys and first products thereof,1.0
730511,"Iron And Steel Line Pipe, Other Than Seamless, Internal And External Circular Cross",p27.a,Basic iron and steel and of ferro-alloys and first products thereof,1.0
730512,"Iron And Steel Line Pipe, Other Than Seamless, Internal And External Circular Cross",p27.a,Basic iron and steel and of ferro-alloys and first products thereof,1.0
730519,"Iron And Steel Line Pipe, Other Than Seamless, Internal And External Circular Cross",p27.a,Basic iron and steel and of ferro-alloys and first products thereof,1.0
730520,Iron And Steel Casing Of A Kind Used In Drilling For Oil Or Gas,p27.a,Basic iron and steel and of ferro-alloys and first products thereof,1.0
730531,"Iron And Steel Welded Tubes And Pipes, N.E.S., Internal And External Circular Cross",p27.a,Basic iron and steel and of ferro-alloys and first products thereof,1.0
730539,"Iron And Steel Welded Tubes And Pipes, N.E.S., Internal And External Circular Cross",p27.a,Basic iron and steel and of ferro-alloys and first products thereof,1.0
730590,"Iron And Steel Tubes And Pipes, Other Than Seamless, N.E.S., Internal And External Circular Cross",p27.a,Basic iron and steel and of ferro-alloys and first products thereof,1.0
730610,"Iron And Steel Line Pipe Used For Oil Or Gas Pipelines, N.E.S.",p27.a,Basic iron and steel and of ferro-alloys and first products thereof,1.0
730620,"Iron And Steel Casing And Tubing, Used In Drilling For Oil Or Gas",p27.a,Basic iron and steel and of ferro-alloys and first products thereof,1.0
730630,"Iron And Steel Welded Tubing And Pipe, Of Circular Cross",p27.a,Basic iron and steel and of ferro-alloys and first products thereof,1.0
730640,"Iron And Steel Welded Tubing And Pipe, Of Circular Cross",p27.a,Basic iron and steel and of ferro-alloys and first products thereof,1.0
730650,"Iron And Steel Welded Tubing And Pipe, Of Circular Cross",p27.a,Basic iron and steel and of ferro-alloys and first products thereof,1.0
730660,"Iron And Steel Welded Tubing And Pipe, Of Noncircular Cross",p27.a,Basic iron and steel and of ferro-alloys and first products thereof,1.0
730690,"Iron And Steel Tubes, Pipes And Hollow Profiles, N.E.S.",p27.a,Basic iron and steel and of ferro-alloys and first products thereof,1.0
730711,Cast Iron Nonmalleable Cast Fittings,p27.a,Basic iron and steel and of ferro-alloys and first products thereof,1.0
730719,"Iron And Steel Cast Fittings, Except Of Nonmalleable Cast Iron",p27.a,Basic iron and steel and of ferro-alloys and first products thereof,1.0
730721,Stainless Steel Flanges,p27.a,Basic iron and steel and of ferro-alloys and first products thereof,1.0
730722,"Stainless Steel Threaded Elbows, Bends And Sleeves",p27.a,Basic iron and steel and of ferro-alloys and first products thereof,1.0
730723,Stainless Steel Butt Welded Fittings,p27.a,Basic iron and steel and of ferro-alloys and first products thereof,1.0
730729,"Stainless Steel Tube And Pipe Fittings, N.E.S.",p27.a,Basic iron and steel and of ferro-alloys and first products thereof,1.0
730791,"Iron And Steel Tube And Pipe Fittings, N.E.S.",p27.a,Basic iron and steel and of ferro-alloys and first products thereof,1.0
730792,"Iron And Steel Tube And Pipe Fittings, N.E.S.",p27.a,Basic iron and steel and of ferro-alloys and first products thereof,1.0
730793,"Iron And Steel Tube And Pipe Fittings, N.E.S.",p27.a,Basic iron and steel and of ferro-alloys and first products thereof,1.0
730799,"Iron And Steel Tube And Pipe Fittings, N.E.S.",p27.a,Basic iron and steel and of ferro-alloys and first products thereof,1.0
730810,Metal Bridges And Bridge Sections Of Iron Or Steel,p28,"Fabricated metal products, except machinery and equipment (28)",1.0
730820,Metal Towers And Lattice Masts Of Iron Or Steel,p28,"Fabricated metal products, except machinery and equipment (28)",1.0
730830,"Metal Doors, Windows, Door Thresholds And Window Frames Of Iron Or Steel",p28,"Fabricated metal products, except machinery and equipment (28)",1.0
730840,"Equipment For Scaffolding, Shuttering, Propping Or Pit",p28,"Fabricated metal products, except machinery and equipment (28)",1.0
730890,"Metal Structures And Parts, N.E.S., Of Iron Or Steel",p28,"Fabricated metal products, except machinery and equipment (28)",1.0
730900,"Metal Reservoirs, Tanks, Vats And Similar Containers With A Capacity Of Over 300 Liters, Of Iron Or Steel",p28,"Fabricated metal products, except machinery and equipment (28)",1.0
731010,"Metal Tanks, Casks, Drums, Cans And Similar Containers With A Capacity Of Not Over 300 Liters, Of Iron Or Steel",p28,"Fabricated metal products, except machinery and equipment (28)",1.0
731021,"Metal Tanks, Casks, Drums, Cans And Similar Containers With A Capacity Of Not Over 300 Liters, Of Iron Or Steel",p28,"Fabricated metal products, except machinery and equipment (28)",1.0
731029,"Metal Tanks, Casks, Drums, Cans And Similar Containers With A Capacity Of Not Over 300 Liters, Of Iron Or Steel",p28,"Fabricated metal products, except machinery and equipment (28)",1.0
731100,"Metal Containers For Compressed Air Or Liquefied Gas, Of Iron Or Steel",p28,"Fabricated metal products, except machinery and equipment (28)",1.0
731210,"Stranded Wire, Ropes, Cables, Etc. Of Iron Or Steel, Not Electrically Insulated",p28,"Fabricated metal products, except machinery and equipment (28)",1.0
731290,"Stranded Wire, Ropes, Cables, Etc. Of Iron Or Steel, Not Electrically Insulated",p28,"Fabricated metal products, except machinery and equipment (28)",1.0
731300,"Barbed Wire Of Iron Or Steel; Twisted Hoop Or Single Flat Wire, Barbed Or Not And Loosely Twisted Double Wire Used For Fencing, Of Iron Or Steel",p28,"Fabricated metal products, except machinery and equipment (28)",1.0
731412,"Wire Cloth (Including Endless Bands), Grill, Netting And Fencing, And Expanded Metal, Of Iron Or Steel",p28,"Fabricated metal products, except machinery and equipment (28)",1.0
731413,"Wire Cloth (Including Endless Bands), Grill, Netting And Fencing, And Expanded Metal, Of Iron Or Steel",p28,"Fabricated metal products, except machinery and equipment (28)",1.0
731414,"Wire Cloth (Including Endless Bands), Grill, Netting And Fencing, And Expanded Metal, Of Iron Or Steel",p28,"Fabricated metal products, except machinery and equipment (28)",1.0
731419,"Wire Cloth (Including Endless Bands), Grill, Netting And Fencing, And Expanded Metal, Of Iron Or Steel",p28,"Fabricated metal products, except machinery and equipment (28)",1.0
731420,"Wire Cloth (Including Endless Bands), Grill, Netting And Fencing, And Expanded Metal, Of Iron Or Steel",p28,"Fabricated metal products, except machinery and equipment (28)",1.0
731431,"Wire Cloth (Including Endless Bands), Grill, Netting And Fencing, And Expanded Metal, Of Iron Or Steel",p28,"Fabricated metal products, except machinery and equipment (28)",1.0
731439,"Wire Cloth (Including Endless Bands), Grill, Netting And Fencing, And Expanded Metal, Of Iron Or Steel",p28,"Fabricated metal products, except machinery and equipment (28)",1.0
731441,"Wire Cloth (Including Endless Bands), Grill, Netting And Fencing, And Expanded Metal, Of Iron Or Steel",p28,"Fabricated metal products, except machinery and equipment (28)",1.0
731442,"Wire Cloth (Including Endless Bands), Grill, Netting And Fencing, And Expanded Metal, Of Iron Or Steel",p28,"Fabricated metal products, except machinery and equipment (28)",1.0
731449,"Wire Cloth (Including Endless Bands), Grill, Netting And Fencing, And Expanded Metal, Of Iron Or Steel",p28,"Fabricated metal products, except machinery and equipment (28)",1.0
731450,"Wire Cloth (Including Endless Bands), Grill, Netting And Fencing, And Expanded Metal, Of Iron Or Steel",p28,"Fabricated metal products, except machinery and equipment (28)",1.0
731511,Roller Chain,p29,Machinery and equipment n.e.c. (29),1.0
731512,"Articulated Chain, N.E.S.",p29,Machinery and equipment n.e.c. (29),1.0
731519,Parts Of Articulated Link Chain,p29,Machinery and equipment n.e.c. (29),1.0
731520,"Skid Chain, Of Iron Or Steel",p28,"Fabricated metal products, except machinery and equipment (28)",1.0
731581,"Chain, N.E.S., Of Iron Or Steel",p28,"Fabricated metal products, except machinery and equipment (28)",1.0
731582,"Chain, N.E.S., Of Iron Or Steel",p28,"Fabricated metal products, except machinery and equipment (28)",1.0
731589,"Chain, N.E.S., Of Iron Or Steel",p28,"Fabricated metal products, except machinery and equipment (28)",1.0
731590,"Chain, N.E.S., Of Iron Or Steel",p28,"Fabricated metal products, except machinery and equipment (28)",1.0
731600,"Anchors, Grapnels And Parts Thereof, Of Iron Or Steel",p28,"Fabricated metal products, except machinery and equipment (28)",1.0
731700,"Nails, Tacks, Staples (Excluding Staples In Strips For Office Etc. Use), And Similar Articles (Excluding Articles With Copper Heads), Of Iron Or St",p28,"Fabricated metal products, except machinery and equipment (28)",1.0
731811,"Screws, Bolts, Nuts, Screw Hooks, Rivets, Washers And Similar Articles, Threaded, Of Iron Or Steel",p28,"Fabricated metal products, except machinery and equipment (28)",1.0
731812,"Screws, Bolts, Nuts, Screw Hooks, Rivets, Washers And Similar Articles, Threaded, Of Iron Or Steel",p28,"Fabricated metal products, except machinery and equipment (28)",1.0
731813,"Screws, Bolts, Nuts, Screw Hooks, Rivets, Washers And Similar Articles, Threaded, Of Iron Or Steel",p28,"Fabricated metal products, except machinery and equipment (28)",1.0
731814,"Screws, Bolts, Nuts, Screw Hooks, Rivets, Washers And Similar Articles, Threaded, Of Iron Or Steel",p28,"Fabricated metal products, except machinery and equipment (28)",1.0
731815,"Screws, Bolts, Nuts, Screw Hooks, Rivets, Washers And Similar Articles, Threaded, Of Iron Or Steel",p28,"Fabricated metal products, except machinery and equipment (28)",1.0
731816,"Screws, Bolts, Nuts, Screw Hooks, Rivets, Washers And Similar Articles, Threaded, Of Iron Or Steel",p28,"Fabricated metal products, except machinery and equipment (28)",1.0
731819,"Screws, Bolts, Nuts, Screw Hooks, Rivets, Washers And Similar Articles, Threaded, Of Iron Or Steel",p28,"Fabricated metal products, except machinery and equipment (28)",1.0
731821,"Screws, Bolts, Nuts, Screw Hooks, Rivets, Washers And Similar Articles, Not Threaded, Of Iron Or Steel",p28,"Fabricated metal products, except machinery and equipment (28)",1.0
731822,"Screws, Bolts, Nuts, Screw Hooks, Rivets, Washers And Similar Articles, Not Threaded, Of Iron Or Steel",p28,"Fabricated metal products, except machinery and equipment (28)",1.0
731823,"Screws, Bolts, Nuts, Screw Hooks, Rivets, Washers And Similar Articles, Not Threaded, Of Iron Or Steel",p28,"Fabricated metal products, except machinery and equipment (28)",1.0
731824,"Screws, Bolts, Nuts, Screw Hooks, Rivets, Washers And Similar Articles, Not Threaded, Of Iron Or Steel",p28,"Fabricated metal products, except machinery and equipment (28)",1.0
731829,"Screws, Bolts, Nuts, Screw Hooks, Rivets, Washers And Similar Articles, Not Threaded, Of Iron Or Steel",p28,"Fabricated metal products, except machinery and equipment (28)",1.0
731910,"Sewing And Knitting Needles, Bodkins, Crochet Hooks, Embroidery Stilettos, Etc. For Hand Use, Of Iron Or Steel",p28,"Fabricated metal products, except machinery and equipment (28)",1.0
731920,"Safety Pins And Other Pins, Of Iron Or Steel, N.E.S",p28,"Fabricated metal products, except machinery and equipment (28)",1.0
731930,"Safety Pins And Other Pins, Of Iron Or Steel, N.E.S",p28,"Fabricated metal products, except machinery and equipment (28)",1.0
731990,"Sewing And Knitting Needles, Bodkins, Crochet Hooks, Embroidery Stilettos, Etc. For Hand Use, Of Iron Or Steel",p28,"Fabricated metal products, except machinery and equipment (28)",1.0
732010,"Springs And Leaves For Springs, Of Iron Or Steel",p28,"Fabricated metal products, except machinery and equipment (28)",1.0
732020,"Springs And Leaves For Springs, Of Iron Or Steel",p28,"Fabricated metal products, except machinery and equipment (28)",1.0
732090,"Springs And Leaves For Springs, Of Iron Or Steel",p28,"Fabricated metal products, except machinery and equipment (28)",1.0
732111,"Domestic Cooking Appliances (Gas Ranges, Barbecues, Etc.) And Plate Warmers, Nonelectric, Of Iron Or Steel",p29,Machinery and equipment n.e.c. (29),1.0
732112,"Domestic Cooking Appliances (Gas Ranges, Barbecues, Etc.) And Plate Warmers, Nonelectric, Of Iron Or Steel",p29,Machinery and equipment n.e.c. (29),1.0
732113,"Domestic Cooking Appliances (Gas Ranges, Barbecues, Etc.) And Plate Warmers, Nonelectric, Of Iron Or Steel",p29,Machinery and equipment n.e.c. (29),1.0
732181,"Domestic Stoves (Other Than Kitchen Appliances), Grates, And Similar Nonelectric Space Heaters, Of Iron Or Steel",p29,Machinery and equipment n.e.c. (29),1.0
732182,"Domestic Stoves (Other Than Kitchen Appliances), Grates, And Similar Nonelectric Space Heaters, Of Iron Or Steel",p29,Machinery and equipment n.e.c. (29),1.0
732183,"Domestic Stoves (Other Than Kitchen Appliances), Grates, And Similar Nonelectric Space Heaters, Of Iron Or Steel",p29,Machinery and equipment n.e.c. (29),1.0
732190,"Parts Of Domestic Nonelectric Cooking Appliances, Heaters, Etc., Of Iron Or Steel",p29,Machinery and equipment n.e.c. (29),1.0
732211,"Radiators And Parts Thereof, Of Iron Or Stee",p28,"Fabricated metal products, except machinery and equipment (28)",1.0
732219,"Radiators And Parts Thereof, Of Iron Or Stee",p28,"Fabricated metal products, except machinery and equipment (28)",1.0
732290,"Air Heaters And Hot Air Distributors And Parts Thereof, Of Iron Or Steel",p29,Machinery and equipment n.e.c. (29),1.0
732310,"Iron Or Steel Wool; Pot Scourers And Scouring Or Polishing Pads, Gloves And The Like, Of Iron Or Steel",p28,"Fabricated metal products, except machinery and equipment (28)",1.0
732391,"Household Articles And Parts Thereof, N.E.S., Of Iron Or Steel",p28,"Fabricated metal products, except machinery and equipment (28)",1.0
732392,"Household Articles And Parts Thereof, N.E.S., Of Iron Or Steel",p28,"Fabricated metal products, except machinery and equipment (28)",1.0
732393,"Household Articles And Parts Thereof, N.E.S., Of Iron Or Steel",p28,"Fabricated metal products, except machinery and equipment (28)",1.0
732394,"Household Articles And Parts Thereof, N.E.S., Of Iron Or Steel",p28,"Fabricated metal products, except machinery and equipment (28)",1.0
732399,"Household Articles And Parts Thereof, N.E.S., Of Iron Or Steel",p28,"Fabricated metal products, except machinery and equipment (28)",1.0
732410,"Sanitary Ware And Parts Thereof, N.E.S., Of Iron Or Steel",p28,"Fabricated metal products, except machinery and equipment (28)",1.0
732421,"Sanitary Ware And Parts Thereof, N.E.S., Of Iron Or Steel",p28,"Fabricated metal products, except machinery and equipment (28)",1.0
732429,"Sanitary Ware And Parts Thereof, N.E.S., Of Iron Or Steel",p28,"Fabricated metal products, except machinery and equipment (28)",1.0
732490,"Sanitary Ware And Parts Thereof, N.E.S., Of Iron Or Steel",p28,"Fabricated metal products, except machinery and equipment (28)",1.0
732510,"Cast Articles Of Nonmalleable Cast Iron, N.E.S.",p28,"Fabricated metal products, except machinery and equipment (28)",1.0
732591,"Cast Articles Of Malleable Cast Iron Or Steel, N.E.S.",p28,"Fabricated metal products, except machinery and equipment (28)",1.0
732599,"Cast Articles Of Malleable Cast Iron Or Steel, N.E.S.",p28,"Fabricated metal products, except machinery and equipment (28)",1.0
732611,"Articles Of Iron Or Steel, Forged Or Stamped, But Not Further Worked, N.E.S.",p28,"Fabricated metal products, except machinery and equipment (28)",1.0
732619,"Articles Of Iron Or Steel, Forged Or Stamped, But Not Further Worked, N.E.S.",p28,"Fabricated metal products, except machinery and equipment (28)",1.0
732620,"Articles Of Iron Or Steel Wire, N.E.S.",p28,"Fabricated metal products, except machinery and equipment (28)",1.0
732690,"Articles Of Iron Or Steel, N.E.S.",p28,"Fabricated metal products, except machinery and equipment (28)",1.0
740110,Copper Mattes,p27.44,Copper products,1.0
740120,Cement Copper (Precipitated Copper),p27.44,Copper products,1.0
740200,Unrefined Copper (Including Blister Copper But Excluding Cement Copper); Copper Anodes For Electrolytic Refining,p27.44,Copper products,1.0
740311,Refined Copper,p27.44,Copper products,1.0
740312,Refined Copper,p27.44,Copper products,1.0
740313,Refined Copper,p27.44,Copper products,1.0
740319,Refined Copper,p27.44,Copper products,1.0
740321,Copper Alloys Other Than Master Alloys,p27.44,Copper products,1.0
740322,Copper Alloys Other Than Master Alloys,p27.44,Copper products,1.0
740323,Copper Alloys Other Than Master Alloys,p27.44,Copper products,1.0
740329,Copper Alloys Other Than Master Alloys,p27.44,Copper products,1.0
740400,3936er Waste And Scrap,p27.44,Copper products,1.0
740500,Master Copper Alloys,p27.44,Copper products,1.0
740610,Copper Powders And Flakes,p27.44,Copper products,1.0
740620,Copper Powders And Flakes,p27.44,Copper products,1.0
740710,"Refined Copper Bars, Rods And Profiles",p27.44,Copper products,1.0
740721,"Copper Alloy Bars, Rods And Profiles",p27.44,Copper products,1.0
740722,"Copper Alloy Bars, Rods And Profiles",p27.44,Copper products,1.0
740729,"Copper Alloy Bars, Rods And Profiles",p27.44,Copper products,1.0
740811,Refined Copper Wire,p27.44,Copper products,1.0
740819,Refined Copper Wire,p27.44,Copper products,1.0
740821,Copper Alloy Wire,p27.44,Copper products,1.0
740822,Copper Alloy Wire,p27.44,Copper products,1.0
740829,Copper Alloy Wire,p27.44,Copper products,1.0
740911,"Refined Copper Plates, Sheets And Strip, Over .15 Mm Thick",p27.44,Copper products,1.0
740919,"Refined Copper Plates, Sheets And Strip, Over .15 Mm Thick",p27.44,Copper products,1.0
740921,"Copper Alloy Plates, Sheets And Strip, Over .15 Mm Thick",p27.44,Copper products,1.0
740929,"Copper Alloy Plates, Sheets And Strip, Over .15 Mm Thick",p27.44,Copper products,1.0
740931,"Copper Alloy Plates, Sheets And Strip, Over .15 Mm Thick",p27.44,Copper products,1.0
740939,"Copper Alloy Plates, Sheets And Strip, Over .15 Mm Thick",p27.44,Copper products,1.0
740940,"Copper Alloy Plates, Sheets And Strip, Over .15 Mm Thick",p27.44,Copper products,1.0
740990,"Copper Alloy Plates, Sheets And Strip, Over .15 Mm Thick",p27.44,Copper products,1.0
741011,Copper Foil (Whether Or Not Printed Or Backed With Material) Not Over .15 Mm Thick (Excluding Any Backing),p27.44,Copper products,1.0
741012,Copper Foil (Whether Or Not Printed Or Backed With Material) Not Over .15 Mm Thick (Excluding Any Backing),p27.44,Copper products,1.0
741021,Copper Foil (Whether Or Not Printed Or Backed With Material) Not Over .15 Mm Thick (Excluding Any Backing),p27.44,Copper products,1.0
741022,Copper Foil (Whether Or Not Printed Or Backed With Material) Not Over .15 Mm Thick (Excluding Any Backing),p27.44,Copper products,1.0
741110,Copper Tubes And Pipes,p27.44,Copper products,1.0
741121,Copper Tubes And Pipes,p27.44,Copper products,1.0
741122,Copper Tubes And Pipes,p27.44,Copper products,1.0
741129,Copper Tubes And Pipes,p27.44,Copper products,1.0
741210,"Copper Tube And Pipe Fittings (E.G. Couplings, Elbows And Sleeves)",p27.44,Copper products,1.0
741220,"Copper Tube And Pipe Fittings (E.G. Couplings, Elbows And Sleeves)",p27.44,Copper products,1.0
741300,"Stranded Wire, Ropes, Cables, Etc. Of Copper, Not Electrically Insulated",p28,"Fabricated metal products, except machinery and equipment (28)",1.0
741420,"Wire Cloth (Including Endless Bands), Grill, Netting And Fencing, And Expanded Metal, Of Copper",p28,"Fabricated metal products, except machinery and equipment (28)",1.0
741490,"Wire Cloth (Including Endless Bands), Grill, Netting And Fencing, And Expanded Metal, Of Copper",p28,"Fabricated metal products, except machinery and equipment (28)",1.0
741510,"Nails, Tacks, Drawing Pins, Staples (Excluding Staples In Strips For Office Etc. Use) And Similar Articles, Of Copper",p28,"Fabricated metal products, except machinery and equipment (28)",1.0
741521,"Washers (Including Spring Washers) And Similar Articles, Not Threaded, Of Copper",p28,"Fabricated metal products, except machinery and equipment (28)",1.0
741529,"Washers (Including Spring Washers) And Similar Articles, Not Threaded, Of Copper",p28,"Fabricated metal products, except machinery and equipment (28)",1.0
741531,"Screws, Bolts, Nuts, Washers And Similar Articles, Threaded, Of Copper",p28,"Fabricated metal products, except machinery and equipment (28)",1.0
741532,"Screws, Bolts, Nuts, Washers And Similar Articles, Threaded, Of Copper",p28,"Fabricated metal products, except machinery and equipment (28)",1.0
741539,"Screws, Bolts, Nuts, Washers And Similar Articles, Threaded, Of Copper",p28,"Fabricated metal products, except machinery and equipment (28)",1.0
741600,"Springs, Of Copper",p28,"Fabricated metal products, except machinery and equipment (28)",1.0
741700,"Domestic Cooking Or Heating Apparatus, Nonelectric, And Parts Thereof, Of Copper",p29,Machinery and equipment n.e.c. (29),1.0
741811,"Household Articles And Parts Thereof, N.E.S., Of Copper",p28,"Fabricated metal products, except machinery and equipment (28)",1.0
741819,"Household Articles And Parts Thereof, N.E.S., Of Copper",p28,"Fabricated metal products, except machinery and equipment (28)",1.0
741820,"Sanitary Ware And Parts Thereof, N.E.S., Of Copper",p28,"Fabricated metal products, except machinery and equipment (28)",1.0
741910,Chain Of Copper And Parts Thereof,p28,"Fabricated metal products, except machinery and equipment (28)",1.0
741991,"Articles Of Copper, N.E.S.",p28,"Fabricated metal products, except machinery and equipment (28)",1.0
741999,"Articles Of Copper, N.E.S.",p28,"Fabricated metal products, except machinery and equipment (28)",1.0
750110,Nickel Mattes,p27.45,Other non-ferrous metal products,1.0
750120,Nickel Oxide Sinters And Other Intermediate Products Of Nickel Metallurgy,p27.45,Other non-ferrous metal products,1.0
750210,"Nickel, Unwrought (Not Alloyed)",p27.45,Other non-ferrous metal products,1.0
750220,"Nickle Alloys, Unwrought",p27.45,Other non-ferrous metal products,1.0
750300,3936el Waste And Scrap,p27.45,Other non-ferrous metal products,1.0
750400,"Nickel Powders And Flakes, Including Nickel Alloy Powders And Flakes",p27.45,Other non-ferrous metal products,1.0
750511,"Nickel And Nickel Alloy Bars, Rods, Profiles And Wire",p27.45,Other non-ferrous metal products,1.0
750512,"Nickel And Nickel Alloy Bars, Rods, Profiles And Wire",p27.45,Other non-ferrous metal products,1.0
750521,"Nickel And Nickel Alloy Bars, Rods, Profiles And Wire",p27.45,Other non-ferrous metal products,1.0
750522,"Nickel And Nickel Alloy Bars, Rods, Profiles And Wire",p27.45,Other non-ferrous metal products,1.0
750610,"Nickel And Nickel Alloy Plates, Sheets, Strip And Foil",p27.45,Other non-ferrous metal products,1.0
750620,"Nickel And Nickel Alloy Plates, Sheets, Strip And Foil",p27.45,Other non-ferrous metal products,1.0
750711,"Nickel And Nickel Alloy Tubes, Pipes And Tube Or Pipe Fittings (E.G. Couplings, Elbows And Sleeves)",p27.45,Other non-ferrous metal products,1.0
750712,"Nickel And Nickel Alloy Tubes, Pipes And Tube Or Pipe Fittings (E.G. Couplings, Elbows And Sleeves)",p27.45,Other non-ferrous metal products,1.0
750720,"Nickel And Nickel Alloy Tubes, Pipes And Tube Or Pipe Fittings (E.G. Couplings, Elbows And Sleeves)",p27.45,Other non-ferrous metal products,1.0
750810,"Articles Of Nickel, N.E.S.",p28,"Fabricated metal products, except machinery and equipment (28)",1.0
750890,"Articles Of Nickel, N.E.S.",p28,"Fabricated metal products, except machinery and equipment (28)",1.0
760110,"Aluminum, Unwrought (Not Alloyed)",p27.42,Aluminium and aluminium products,1.0
760120,"Aluminum Alloys, Unwrought",p27.42,Aluminium and aluminium products,1.0
720310,"Spongy Ferrous Products In Lumps, Pellets And Similar Forms; Iron (At Least 99.94% Pure) In Lumps, Pellets Or Similar Forms",p27.a,Basic iron and steel and of ferro-alloys and first products thereof,1.0
760310,Aluminum Powders And Flakes,p27.42,Aluminium and aluminium products,1.0
760320,Aluminum Powders And Flakes,p27.42,Aluminium and aluminium products,1.0
760410,"Aluminum And Aluminum Alloy Bars, Rods And Profiles",p27.42,Aluminium and aluminium products,1.0
760421,"Aluminum And Aluminum Alloy Bars, Rods And Profiles",p27.42,Aluminium and aluminium products,1.0
760429,"Aluminum And Aluminum Alloy Bars, Rods And Profiles",p27.42,Aluminium and aluminium products,1.0
760511,Aluminum And Aluminum Alloy Wire,p27.42,Aluminium and aluminium products,1.0
760519,Aluminum And Aluminum Alloy Wire,p27.42,Aluminium and aluminium products,1.0
760521,Aluminum And Aluminum Alloy Wire,p27.42,Aluminium and aluminium products,1.0
760529,Aluminum And Aluminum Alloy Wire,p27.42,Aluminium and aluminium products,1.0
760611,"Aluminum And Aluminum Alloy Plates, Sheets And Strip, Over .2 Mm Thick",p27.42,Aluminium and aluminium products,1.0
760612,"Aluminum And Aluminum Alloy Plates, Sheets And Strip, Over .2 Mm Thick",p27.42,Aluminium and aluminium products,1.0
760691,"Aluminum And Aluminum Alloy Plates, Sheets And Strip, Over .2 Mm Thick",p27.42,Aluminium and aluminium products,1.0
760692,"Aluminum And Aluminum Alloy Plates, Sheets And Strip, Over .2 Mm Thick",p27.42,Aluminium and aluminium products,1.0
760711,Aluminum And Aluminum Alloy Foil (Whether Or Not Printed Or Backed With Material) Not Over .2 Mm Thick (Excluding Any Backing),p27.42,Aluminium and aluminium products,1.0
760719,Aluminum And Aluminum Alloy Foil (Whether Or Not Printed Or Backed With Material) Not Over .2 Mm Thick (Excluding Any Backing),p27.42,Aluminium and aluminium products,1.0
760720,Aluminum And Aluminum Alloy Foil (Whether Or Not Printed Or Backed With Material) Not Over .2 Mm Thick (Excluding Any Backing),p27.42,Aluminium and aluminium products,1.0
760810,Aluminum And Aluminum Alloy Tubes And Pipes,p27.42,Aluminium and aluminium products,1.0
760820,Aluminum And Aluminum Alloy Tubes And Pipes,p27.42,Aluminium and aluminium products,1.0
760900,"Aluminum And Aluminum Alloy Tube And Pipe Fittings (E.G. Couplings, Elbows And Sleeves",p27.42,Aluminium and aluminium products,1.0
761010,"Metal Doors, Windows, Door Thesholds And Window Frames Of Aluminum",p28,"Fabricated metal products, except machinery and equipment (28)",1.0
761090,"Metal Structures And Parts N.E.S. Of Aluminum; Prepared Plates, Rods Etc. Of Aluminum For Use In Structures",p28,"Fabricated metal products, except machinery and equipment (28)",1.0
761100,"Metal Reservoirs, Tanks, Vats And Similar Containers With A Capacity Of Over 300 Liters, Of Aluminum",p28,"Fabricated metal products, except machinery and equipment (28)",1.0
761210,"Metal Tanks, Casks, Drums, Cans And Similar Containers With A Capacity Of Not Over 300 Liters, Of Aluminum",p28,"Fabricated metal products, except machinery and equipment (28)",1.0
761290,"Metal Tanks, Casks, Drums, Cans And Similar Containers With A Capacity Of Not Over 300 Liters, Of Aluminum",p28,"Fabricated metal products, except machinery and equipment (28)",1.0
761300,"Metal Containers For Compressed Air Or Liquefied Gas, Of Aluminum",p28,"Fabricated metal products, except machinery and equipment (28)",1.0
761410,"Stranded Wire, Ropes, Cables, Etc. Of Aluminum, Not Electrically Insulated",p28,"Fabricated metal products, except machinery and equipment (28)",1.0
761490,"Stranded Wire, Ropes, Cables, Etc. Of Aluminum, Not Electrically Insulated",p28,"Fabricated metal products, except machinery and equipment (28)",1.0
761511,"Household Articles And Parts Thereof, N.E.S., Of Aluminum",p28,"Fabricated metal products, except machinery and equipment (28)",1.0
761519,"Household Articles And Parts Thereof, N.E.S., Of Aluminum",p28,"Fabricated metal products, except machinery and equipment (28)",1.0
761520,"Sanitary Ware And Parts Thereof, N.E.S., Of Aluminum",p28,"Fabricated metal products, except machinery and equipment (28)",1.0
761610,"Nails, Tacks, Staples (Excluding Staples In Strips For Office Etc. Use), Screws, Bolts, Nuts, Rivets, Washers And Similar Articles, Of Aluminum",p28,"Fabricated metal products, except machinery and equipment (28)",1.0
761691,"Articles Of Aluminum, N.E.S.",p28,"Fabricated metal products, except machinery and equipment (28)",1.0
761699,"Articles Of Aluminum, N.E.S.",p28,"Fabricated metal products, except machinery and equipment (28)",1.0
780110,"Refined Lead And Lead Alloys, Unwrought",p27.43,"Lead, zinc and tin and products thereof",1.0
780191,"Unrefined Lead And Lead Alloys, Unwrought",p27.43,"Lead, zinc and tin and products thereof",1.0
780199,"Unrefined Lead And Lead Alloys, Unwrought",p27.43,"Lead, zinc and tin and products thereof",1.0
720390,"Spongy Ferrous Products In Lumps, Pellets And Similar Forms; Iron (At Least 99.94% Pure) In Lumps, Pellets Or Similar Forms",p27.a,Basic iron and steel and of ferro-alloys and first products thereof,1.0
780300,"Lead And Lead Alloy Bars, Rods, Profiles And Wire",p27.43,"Lead, zinc and tin and products thereof",1.0
780411,"Lead And Lead Alloy Plates, Sheets, Strip And Foil; Lead Powders And Flakes",p27.43,"Lead, zinc and tin and products thereof",1.0
780419,"Lead And Lead Alloy Plates, Sheets, Strip And Foil; Lead Powders And Flakes",p27.43,"Lead, zinc and tin and products thereof",1.0
780420,"Lead And Lead Alloy Plates, Sheets, Strip And Foil; Lead Powders And Flakes",p27.43,"Lead, zinc and tin and products thereof",1.0
780500,"Lead And Lead Alloy Tubes, Pipes And Tube Or Pipe Fittings (E.G. Couplings, Elbows And Sleeves)",p27.43,"Lead, zinc and tin and products thereof",1.0
780600,"Articles Of Lead, N.E.S.",p28,"Fabricated metal products, except machinery and equipment (28)",1.0
790111,"Zinc, Unwrought (Not Alloyed)",p27.43,"Lead, zinc and tin and products thereof",1.0
790112,"Zinc, Unwrought (Not Alloyed)",p27.43,"Lead, zinc and tin and products thereof",1.0
790120,"Zinc Alloys, Unwrought",p27.43,"Lead, zinc and tin and products thereof",1.0
720441,"3934rous Metal Turnings, Shavings, Chips, Milling Waste, Trimmings And Stampings, Whether Or Not In Bundles""",p27.a,Basic iron and steel and of ferro-alloys and first products thereof,1.0
790310,"Zinc Dust (Blue Powder), Powders And Flakes",p27.43,"Lead, zinc and tin and products thereof",1.0
790390,"Zinc Dust (Blue Powder), Powders And Flakes",p27.43,"Lead, zinc and tin and products thereof",1.0
790400,"Zinc And Zinc Alloy Bars, Rods, Profiles And Wire",p27.43,"Lead, zinc and tin and products thereof",1.0
790500,"Zinc And Zinc Alloy Plates, Sheets, Strip And Foil",p27.43,"Lead, zinc and tin and products thereof",1.0
790600,"Zinc And Zinc Alloy Tubes, Pipes And Tube Or Pipe Fittings (E.G. Couplings, Elbows And Sleeves)",p27.43,"Lead, zinc and tin and products thereof",1.0
790700,"Articles Of Zinc, N.E.S.",p28,"Fabricated metal products, except machinery and equipment (28)",1.0
800110,"Tin, Unwrought (Not Alloyed)",p27.43,"Lead, zinc and tin and products thereof",1.0
800120,"Tin Alloy, Unwrought",p27.43,"Lead, zinc and tin and products thereof",1.0
720449,"3934rous Waste And Scrap, N.E.S.""",p27.a,Basic iron and steel and of ferro-alloys and first products thereof,1.0
800300,"Tin And Tin Alloy Bars, Rods, Profiles And Wire",p27.43,"Lead, zinc and tin and products thereof",1.0
800400,"Tin And Tin Alloy Plates, Sheets And Strip Over .2 Mm Thick",p27.43,"Lead, zinc and tin and products thereof",1.0
800500,Tin And Tin Alloy Foil (Whether Or Not Printed Or Backed With Material) Not Over .2 Mm Thick (Excluding Any Backing); Tin Powders And Flakes,p27.43,"Lead, zinc and tin and products thereof",1.0
800600,"Tin And Tin Alloy Tubes, Pipes And Tube Or Pipe Fittings (E.G. Couplings, Elbows And Sleeves)",p27.43,"Lead, zinc and tin and products thereof",1.0
800700,"Articles Of Tin, N.E.S.",p28,"Fabricated metal products, except machinery and equipment (28)",1.0
810110,"Tungsten (Wolfram), Unwrought; Tunsten Waste And Scrap",p27.45,Other non-ferrous metal products,1.0
810191,"Tungsten (Wolfram), Unwrought; Tunsten Waste And Scrap",p27.45,Other non-ferrous metal products,1.0
810192,"Tungsten, Wrought, And Articles Of Tungsten, N.E.S.",p27.45,Other non-ferrous metal products,1.0
810193,"Tungsten, Wrought, And Articles Of Tungsten, N.E.S.",p27.45,Other non-ferrous metal products,1.0
810199,"Tungsten, Wrought, And Articles Of Tungsten, N.E.S.",p27.45,Other non-ferrous metal products,1.0
810210,"Molybdenum, Unwrought; Molybdenum Waste And Scrap",p27.45,Other non-ferrous metal products,1.0
810291,"Molybdenum, Unwrought; Molybdenum Waste And Scrap",p27.45,Other non-ferrous metal products,1.0
810292,"Molybdenum, Wrought And Articles Of Molybdenum, N.E.S.",p27.45,Other non-ferrous metal products,1.0
810293,"Molybdenum, Wrought And Articles Of Molybdenum, N.E.S.",p27.45,Other non-ferrous metal products,1.0
810299,"Molybdenum, Wrought And Articles Of Molybdenum, N.E.S.",p27.45,Other non-ferrous metal products,1.0
810310,"Tantalum, Unwrought (Including Bars And Rods Obtained By Sintering); Tantalum Waste And Scrap; Tantalum Powders",p27.45,Other non-ferrous metal products,1.0
810390,"Tantalum, Wrought, And Articles Of Tantalum, N.E.S.",p27.45,Other non-ferrous metal products,1.0
810411,"Magnesium, Unwrought",p27.45,Other non-ferrous metal products,1.0
810419,"Magnesium, Unwrought",p27.45,Other non-ferrous metal products,1.0
810420,Magnesium Waste And Scrap,p27.45,Other non-ferrous metal products,1.0
810430,"Magnesium, Wrought, And Articles Of Magnesium, N.E.S.",p27.45,Other non-ferrous metal products,1.0
810490,"Magnesium, Wrought, And Articles Of Magnesium, N.E.S.",p27.45,Other non-ferrous metal products,1.0
810510,"Cobalt Mattes And Other Intermediate Products Of Cobalt Metallurgy; Cobalt, Unwrought; Cobalt Waste And Scrap; Cobalt Powders",p27.45,Other non-ferrous metal products,1.0
810590,"Cobalt, Wrought, And Articles Of Cobalt, N.E.S.",p27.45,Other non-ferrous metal products,1.0
810600,Bismuth And Articles Thereof (Including Waste And Scrap),p27.45,Other non-ferrous metal products,1.0
810710,"Cadmium, Unwrought; Cadmium Waste And Scrap; Cadmium Powders",p27.45,Other non-ferrous metal products,1.0
810790,"Cadmium, Wrought, And Articles Of Cadmium, N.E.S.",p27.45,Other non-ferrous metal products,1.0
810810,"Titanium, Unwrought; Titanium Waste And Scrap; Titanium Powders",p27.45,Other non-ferrous metal products,1.0
810890,"Titanium, Wrought, And Articles Of Titanium, N.E.S.",p27.45,Other non-ferrous metal products,1.0
810910,"Zirconium, Unwrought; Zirconium Waste And Scrap; Zirconium Powders",p27.45,Other non-ferrous metal products,1.0
810990,"Zirconium, Wrought, And Articles Of Zirconium, N.E.S.",p27.45,Other non-ferrous metal products,1.0
811000,Antimony And Articles Thereof (Including Waste And Scrap),p27.45,Other non-ferrous metal products,1.0
811100,Manganese And Articles Thereof (Including Waste And Scrap),p27.45,Other non-ferrous metal products,1.0
811211,"Beryllium, Unwrought; Beryllium Waste And Scrap; Beryllium Powders",p27.45,Other non-ferrous metal products,1.0
811219,"Beryllium, Wrought, And Articles Of Beryllium, N.E.S.",p27.45,Other non-ferrous metal products,1.0
811220,Chromium And Articles Thereof (Including Waste And Scrap),p27.45,Other non-ferrous metal products,1.0
811230,Germanium And Articles Thereof (Including Waste And Scrap),p27.45,Other non-ferrous metal products,1.0
811240,Vanadium And Articles Thereof (Including Waste And Scrap),p27.45,Other non-ferrous metal products,1.0
811291,"Base Metals, N.E.S., Unwrought; Waste And Scrap And Powders Of Base Metals, N.E.S.",p27.45,Other non-ferrous metal products,1.0
811299,"Base Metals, Wrought, N.E.S., And Articles Of These Metals, N.E.S.",p27.45,Other non-ferrous metal products,1.0
811300,Cermets And Articles Thereof (Including Waste And Scrap),p27.45,Other non-ferrous metal products,1.0
820110,"Hand Tools Incl Spades Shovels Mattocks Picks Hoes Forks & Rakes; Axes, Bill Hooks Sim Tools; Pruners; Scythes, Sickles Etc F Agr Horticltre R Fore",p28,"Fabricated metal products, except machinery and equipment (28)",1.0
820120,"Hand Tools Incl Spades Shovels Mattocks Picks Hoes Forks & Rakes; Axes, Bill Hooks Sim Tools; Pruners; Scythes, Sickles Etc F Agr Horticltre R Fore",p28,"Fabricated metal products, except machinery and equipment (28)",1.0
820130,"Hand Tools Incl Spades Shovels Mattocks Picks Hoes Forks & Rakes; Axes, Bill Hooks Sim Tools; Pruners; Scythes, Sickles Etc F Agr Horticltre R Fore",p28,"Fabricated metal products, except machinery and equipment (28)",1.0
820140,"Hand Tools Incl Spades Shovels Mattocks Picks Hoes Forks & Rakes; Axes, Bill Hooks Sim Tools; Pruners; Scythes, Sickles Etc F Agr Horticltre R Fore",p28,"Fabricated metal products, except machinery and equipment (28)",1.0
820150,"Hand Tools Incl Spades Shovels Mattocks Picks Hoes Forks & Rakes; Axes, Bill Hooks Sim Tools; Pruners; Scythes, Sickles Etc F Agr Horticltre R Fore",p28,"Fabricated metal products, except machinery and equipment (28)",1.0
820160,"Hand Tools Incl Spades Shovels Mattocks Picks Hoes Forks & Rakes; Axes, Bill Hooks Sim Tools; Pruners; Scythes, Sickles Etc F Agr Horticltre R Fore",p28,"Fabricated metal products, except machinery and equipment (28)",1.0
820190,"Hand Tools Incl Spades Shovels Mattocks Picks Hoes Forks & Rakes; Axes, Bill Hooks Sim Tools; Pruners; Scythes, Sickles Etc F Agr Horticltre R Fore",p28,"Fabricated metal products, except machinery and equipment (28)",1.0
820210,Hand Saws,p28,"Fabricated metal products, except machinery and equipment (28)",1.0
820220,Band Saw Blades,p28,"Fabricated metal products, except machinery and equipment (28)",1.0
820231,Circular Saw Blades (Including Slitting Or Slotting Saw Blades) With Working Part Of Steel,p28,"Fabricated metal products, except machinery and equipment (28)",1.0
820239,Saw blades,p28,"Fabricated metal products, except machinery and equipment (28)",1.0
820240,Chain Saw Blades,p28,"Fabricated metal products, except machinery and equipment (28)",1.0
820291,Straight Saw Blades For Working Metal,p28,"Fabricated metal products, except machinery and equipment (28)",1.0
820299,"Saw Blades, N.E.S.",p28,"Fabricated metal products, except machinery and equipment (28)",1.0
820310,"Files, Rasps And Similar Tools",p28,"Fabricated metal products, except machinery and equipment (28)",1.0
820320,"Pliers (Including Cutting Pliers), Pincers, Tweezers, Metal Cutting Shears, Pipe Cutters And Similar Tools",p28,"Fabricated metal products, except machinery and equipment (28)",1.0
820330,"Pliers (Including Cutting Pliers), Pincers, Tweezers, Metal Cutting Shears, Pipe Cutters And Similar Tools",p28,"Fabricated metal products, except machinery and equipment (28)",1.0
820340,"Pliers (Including Cutting Pliers), Pincers, Tweezers, Metal Cutting Shears, Pipe Cutters And Similar Tools",p28,"Fabricated metal products, except machinery and equipment (28)",1.0
820411,"Spanners And Wrenches, Hand",p28,"Fabricated metal products, except machinery and equipment (28)",1.0
820412,"Spanners And Wrenches, Hand",p28,"Fabricated metal products, except machinery and equipment (28)",1.0
820420,"Spanners And Wrenches, Hand",p28,"Fabricated metal products, except machinery and equipment (28)",1.0
820510,"Drilling, Threading And Tapping Tools",p28,"Fabricated metal products, except machinery and equipment (28)",1.0
820520,Hammers And Sledge Hammers,p28,"Fabricated metal products, except machinery and equipment (28)",1.0
820530,"Planes, Chisels, Gouges And Similar Cutting Tools For Working Wood",p28,"Fabricated metal products, except machinery and equipment (28)",1.0
820540,Screwdrivers,p28,"Fabricated metal products, except machinery and equipment (28)",1.0
820551,"Household Tools, N.E.S.",p28,"Fabricated metal products, except machinery and equipment (28)",1.0
820559,"Hand Tools, N.E.S. (Including Glaziers Diamonds); Blow Lamps",p28,"Fabricated metal products, except machinery and equipment (28)",1.0
820560,"Hand Tools, N.E.S. (Including Glaziers Diamonds); Blow Lamps",p28,"Fabricated metal products, except machinery and equipment (28)",1.0
820570,"Vices, Clamps And Similar Articles",p28,"Fabricated metal products, except machinery and equipment (28)",1.0
820580,Anvils; Portable Forges; Hand Or Pedal Operated Grinding Wheels With Frameworks,p28,"Fabricated metal products, except machinery and equipment (28)",1.0
820590,"Tool Sets Of Two Or More Of The Tools Provided For In Subgroup 695.4, Including Sets Of Hand Tools, N.E.S. And Sets Of Household Tools, N.E.S.",p28,"Fabricated metal products, except machinery and equipment (28)",1.0
820600,"Tool Sets Of Two Or More Of The Tools Provided For In Subgroups 695.2 Through 695.5 (Saws, Files, Wrenches, Drills, Etc.), Packaged For Retail Sale",p28,"Fabricated metal products, except machinery and equipment (28)",1.0
820713,Tools For Rock Drilling Or Earth Boring,p28,"Fabricated metal products, except machinery and equipment (28)",1.0
820719,Tools For Rock Drilling Or Earth Boring,p28,"Fabricated metal products, except machinery and equipment (28)",1.0
820720,Interchangeable Tools For Hand Tools Or For Machine,p28,"Fabricated metal products, except machinery and equipment (28)",1.0
820730,Interchangeable Tools For Hand Tools Or For Machine,p28,"Fabricated metal products, except machinery and equipment (28)",1.0
820740,Interchangeable Tools For Hand Tools Or For Machine,p28,"Fabricated metal products, except machinery and equipment (28)",1.0
820750,Interchangeable Tools For Hand Tools Or For Machine,p28,"Fabricated metal products, except machinery and equipment (28)",1.0
820760,Interchangeable Tools For Hand Tools Or For Machine,p28,"Fabricated metal products, except machinery and equipment (28)",1.0
820770,Interchangeable Tools For Hand Tools Or For Machine,p28,"Fabricated metal products, except machinery and equipment (28)",1.0
820780,Interchangeable Tools For Hand Tools Or For Machine,p28,"Fabricated metal products, except machinery and equipment (28)",1.0
820790,Interchangeable Tools For Hand Tools Or For Machine,p28,"Fabricated metal products, except machinery and equipment (28)",1.0
820810,Knives And Cutting Blades For Machines Or Mechanical Appliances,p28,"Fabricated metal products, except machinery and equipment (28)",1.0
820820,Knives And Cutting Blades For Machines Or Mechanical Appliances,p28,"Fabricated metal products, except machinery and equipment (28)",1.0
820830,Knives And Cutting Blades For Machines Or Mechanical Appliances,p28,"Fabricated metal products, except machinery and equipment (28)",1.0
820840,Knives And Cutting Blades For Machines Or Mechanical Appliances,p28,"Fabricated metal products, except machinery and equipment (28)",1.0
820890,Knives And Cutting Blades For Machines Or Mechanical Appliances,p28,"Fabricated metal products, except machinery and equipment (28)",1.0
820900,"Tool Plates, Sticks, Tips, Etc., Unmounted, Of Sintered Metal Carbides Or Cermets",p28,"Fabricated metal products, except machinery and equipment (28)",1.0
821000,"Mechanical Appliances, Hand Operated, Weighing Not Over 10 Kg, Used In The Preparation, Conditioning Or Serving Of Food Or Drink, Of Base Metal",p28,"Fabricated metal products, except machinery and equipment (28)",1.0
821110,"Knives With Cutting Blades, Serrated Or Not (Including Pruning Knives), Other Than Kitchen Or Table Knives Of Subgroup 695.6, And Blades Therefor",p28,"Fabricated metal products, except machinery and equipment (28)",1.0
821191,"Knives With Cutting Blades, Serrated Or Not (Including Pruning Knives), Other Than Kitchen Or Table Knives Of Subgroup 695.6, And Blades Therefor",p28,"Fabricated metal products, except machinery and equipment (28)",1.0
821192,"Knives With Cutting Blades, Serrated Or Not (Including Pruning Knives), Other Than Kitchen Or Table Knives Of Subgroup 695.6, And Blades Therefor",p28,"Fabricated metal products, except machinery and equipment (28)",1.0
821193,"Knives With Cutting Blades, Serrated Or Not (Including Pruning Knives), Other Than Kitchen Or Table Knives Of Subgroup 695.6, And Blades Therefor",p28,"Fabricated metal products, except machinery and equipment (28)",1.0
821194,"Knives With Cutting Blades, Serrated Or Not (Including Pruning Knives), Other Than Kitchen Or Table Knives Of Subgroup 695.6, And Blades Therefor",p28,"Fabricated metal products, except machinery and equipment (28)",1.0
821195,"Knives With Cutting Blades, Serrated Or Not (Including Pruning Knives), Other Than Kitchen Or Table Knives Of Subgroup 695.6, And Blades Therefor",p28,"Fabricated metal products, except machinery and equipment (28)",1.0
821210,"Razors, Nonelectric",p28,"Fabricated metal products, except machinery and equipment (28)",1.0
821220,Safety Razor Blades (Including Razor Blade Blanks In Strips),p28,"Fabricated metal products, except machinery and equipment (28)",1.0
821290,"Nonelectric Razor Parts, N.E.S., Other Than Plastic",p28,"Fabricated metal products, except machinery and equipment (28)",1.0
821300,"Scissors, Tailors Shears And Similar Shears, And Blades Therefor",p28,"Fabricated metal products, except machinery and equipment (28)",1.0
821410,"Paper Knives, Letter Openers, Erasing Knives, Pencil Sharpeners And Blades Therefor",p28,"Fabricated metal products, except machinery and equipment (28)",1.0
821420,"Manicure Or Pedicure Sets And Instruments, Including Nail Files",p28,"Fabricated metal products, except machinery and equipment (28)",1.0
821490,"Articles Of Cutlery, N.E.S.",p28,"Fabricated metal products, except machinery and equipment (28)",1.0
821510,Tableware And Similar Articles In Sets Containing At Least One Article Plated With Precious Metal,p28,"Fabricated metal products, except machinery and equipment (28)",1.0
821520,Tableware And Similar Articles In Sets Containing No Articles Plated With Precious Metal,p28,"Fabricated metal products, except machinery and equipment (28)",1.0
821591,"Tableware And Similar Articles, Not In Sets, Plated With Precious Metal",p28,"Fabricated metal products, except machinery and equipment (28)",1.0
821599,"Tableware And Kitchen Articles, Not In Sets, Not Plated With Precious Metal",p28,"Fabricated metal products, except machinery and equipment (28)",1.0
830110,"Padlocks And Locks (Key, Combination Etc.), Clasps And Frames With Clasps And Locks, Of Base Metal; Keys For The Foregoing Articles, Of Base Metal",p28,"Fabricated metal products, except machinery and equipment (28)",1.0
830120,"Padlocks And Locks (Key, Combination Etc.), Clasps And Frames With Clasps And Locks, Of Base Metal; Keys For The Foregoing Articles, Of Base Metal",p28,"Fabricated metal products, except machinery and equipment (28)",1.0
830130,"Padlocks And Locks (Key, Combination Etc.), Clasps And Frames With Clasps And Locks, Of Base Metal; Keys For The Foregoing Articles, Of Base Metal",p28,"Fabricated metal products, except machinery and equipment (28)",1.0
830140,"Padlocks And Locks (Key, Combination Etc.), Clasps And Frames With Clasps And Locks, Of Base Metal; Keys For The Foregoing Articles, Of Base Metal",p28,"Fabricated metal products, except machinery and equipment (28)",1.0
830150,"Padlocks And Locks (Key, Combination Etc.), Clasps And Frames With Clasps And Locks, Of Base Metal; Keys For The Foregoing Articles, Of Base Metal",p28,"Fabricated metal products, except machinery and equipment (28)",1.0
830160,"Padlocks And Locks (Key, Combination Etc.), Clasps And Frames With Clasps And Locks, Of Base Metal; Keys For The Foregoing Articles, Of Base Metal",p28,"Fabricated metal products, except machinery and equipment (28)",1.0
830170,"Padlocks And Locks (Key, Combination Etc.), Clasps And Frames With Clasps And Locks, Of Base Metal; Keys For The Foregoing Articles, Of Base Metal",p28,"Fabricated metal products, except machinery and equipment (28)",1.0
830210,"Hinges, Of Base Meta",p28,"Fabricated metal products, except machinery and equipment (28)",1.0
830220,"Castors, Of Base Metal",p28,"Fabricated metal products, except machinery and equipment (28)",1.0
830230,"Mountings, Fittings And Similar Articles For Motor Vehicles, N.E.S., Of Base Metal",p28,"Fabricated metal products, except machinery and equipment (28)",1.0
830241,"Mountings, Fittings And Similar Articles For Buildings, N.E.S., Of Base Metal",p28,"Fabricated metal products, except machinery and equipment (28)",1.0
830242,"Mountings, Fittings And Similar Articles For Furniture, N.E.S., Of Base Metal",p28,"Fabricated metal products, except machinery and equipment (28)",1.0
830249,"Mountings, Fittings And Similar Articles, N.E.S., Of Base Metal; Hat Racks And Pegs, Brackets, Etc., Of Base Metal; Base Metal Automatic Door Closu",p28,"Fabricated metal products, except machinery and equipment (28)",1.0
830250,"Mountings, Fittings And Similar Articles, N.E.S., Of Base Metal; Hat Racks And Pegs, Brackets, Etc., Of Base Metal; Base Metal Automatic Door Closu",p28,"Fabricated metal products, except machinery and equipment (28)",1.0
830260,"Mountings, Fittings And Similar Articles, N.E.S., Of Base Metal; Hat Racks And Pegs, Brackets, Etc., Of Base Metal; Base Metal Automatic Door Closu",p28,"Fabricated metal products, except machinery and equipment (28)",1.0
830300,"Armored Safes, Strong",p28,"Fabricated metal products, except machinery and equipment (28)",1.0
830400,Desk,p28,"Fabricated metal products, except machinery and equipment (28)",1.0
830510,"Fittings For Looseleaf Binders And Files, Letter Clips And Corners, Paper Clips, Etc. Of Base Metal; Staples In Strips (For Office Etc.) Of Base Me",p28,"Fabricated metal products, except machinery and equipment (28)",1.0
830520,"Fittings For Looseleaf Binders And Files, Letter Clips And Corners, Paper Clips, Etc. Of Base Metal; Staples In Strips (For Office Etc.) Of Base Me",p28,"Fabricated metal products, except machinery and equipment (28)",1.0
830590,"Fittings For Looseleaf Binders And Files, Letter Clips And Corners, Paper Clips, Etc. Of Base Metal; Staples In Strips (For Office Etc.) Of Base Me",p28,"Fabricated metal products, except machinery and equipment (28)",1.0
830610,"Bells, Gongs, And The Like, Nonelectric, And Parts Thereof, Of Base Metal",p28,"Fabricated metal products, except machinery and equipment (28)",1.0
830621,"Statuettes And Other Ornaments, Of Base Metal; Photograph, Picture Or Similar Frames, Of Base Metal; Mirrors, Of Base Metal",p28,"Fabricated metal products, except machinery and equipment (28)",1.0
830629,"Statuettes And Other Ornaments, Of Base Metal; Photograph, Picture Or Similar Frames, Of Base Metal; Mirrors, Of Base Metal",p28,"Fabricated metal products, except machinery and equipment (28)",1.0
830630,"Statuettes And Other Ornaments, Of Base Metal; Photograph, Picture Or Similar Frames, Of Base Metal; Mirrors, Of Base Metal",p28,"Fabricated metal products, except machinery and equipment (28)",1.0
830710,"Flexible Tubing Of Base Metal, With Or Without Fittings",p28,"Fabricated metal products, except machinery and equipment (28)",1.0
830790,"Flexible Tubing Of Base Metal, With Or Without Fittings",p28,"Fabricated metal products, except machinery and equipment (28)",1.0
830810,"Clasps, Buckles, Hooks, Eyes, Etc. Of Base Metal For Clothing, Handbags, Awnings, Etc.; Base Metal Tubular Etc. Rivets; Base Metal Beads And Spangl",p28,"Fabricated metal products, except machinery and equipment (28)",1.0
830820,"Clasps, Buckles, Hooks, Eyes, Etc. Of Base Metal For Clothing, Handbags, Awnings, Etc.; Base Metal Tubular Etc. Rivets; Base Metal Beads And Spangl",p28,"Fabricated metal products, except machinery and equipment (28)",1.0
830890,"Clasps, Buckles, Hooks, Eyes, Etc. Of Base Metal For Clothing, Handbags, Awnings, Etc.; Base Metal Tubular Etc. Rivets; Base Metal Beads And Spangl",p28,"Fabricated metal products, except machinery and equipment (28)",1.0
830910,"Stoppers, Caps, Lids, Etc., Capsules For Bottles, Threaded Bungs, Bung Covers, Seals, Etc., Of Base Metal",p28,"Fabricated metal products, except machinery and equipment (28)",1.0
830990,"Stoppers, Caps, Lids, Etc., Capsules For Bottles, Threaded Bungs, Bung Covers, Seals, Etc., Of Base Metal",p28,"Fabricated metal products, except machinery and equipment (28)",1.0
831000,"Sign, Name, Address And Similar Plates, Numbers, Letters And Other Symbols, Of Base Metal (Excluding Articles And Parts For Lighting Fixtures, Etc.",p28,"Fabricated metal products, except machinery and equipment (28)",1.0
831110,"Wire, Rods, Electrodes, Etc., Of Base Metal Or Of Metal Carbides, Flux Coated For Soldering, Etc,; Agglomerated Base Metal Powder For Metal Sprayin",p28,"Fabricated metal products, except machinery and equipment (28)",1.0
831120,"Wire, Rods, Electrodes, Etc., Of Base Metal Or Of Metal Carbides, Flux Coated For Soldering, Etc,; Agglomerated Base Metal Powder For Metal Sprayin",p28,"Fabricated metal products, except machinery and equipment (28)",1.0
831130,"Wire, Rods, Electrodes, Etc., Of Base Metal Or Of Metal Carbides, Flux Coated For Soldering, Etc,; Agglomerated Base Metal Powder For Metal Sprayin",p28,"Fabricated metal products, except machinery and equipment (28)",1.0
831190,"Wire, Rods, Electrodes, Etc., Of Base Metal Or Of Metal Carbides, Flux Coated For Soldering, Etc,; Agglomerated Base Metal Powder For Metal Sprayin",p28,"Fabricated metal products, except machinery and equipment (28)",1.0
840110,Nuclear Reactors,p28,"Fabricated metal products, except machinery and equipment (28)",1.0
840120,"Machinery And Apparatus For Isotopic Separation, And Parts Thereof, N.E.S.",p29,Machinery and equipment n.e.c. (29),1.0
840130,"Fuel Elements (Cartridges), Non",p23.3,Nuclear fuel,1.0
840140,Parts Of Nuclear Reactors,p28,"Fabricated metal products, except machinery and equipment (28)",1.0
840211,Steam Or Other Vapor Generating Boilers,p28,"Fabricated metal products, except machinery and equipment (28)",1.0
840212,Steam Or Other Vapor Generating Boilers,p28,"Fabricated metal products, except machinery and equipment (28)",1.0
840219,Steam Or Other Vapor Generating Boilers,p28,"Fabricated metal products, except machinery and equipment (28)",1.0
840220,Super,p28,"Fabricated metal products, except machinery and equipment (28)",1.0
840290,Parts For Steam Generating Or Other Vapor Generating Boilers,p28,"Fabricated metal products, except machinery and equipment (28)",1.0
840310,Central Heating Boilers (Other Than Steam Power Generating),p28,"Fabricated metal products, except machinery and equipment (28)",1.0
840390,"Parts Of Central Heating Boilers, N.E.S., Of Iron Or Steel",p28,"Fabricated metal products, except machinery and equipment (28)",1.0
840410,Auxiliary Plant For Use With Steam Generating And Central Heating Boilers,p28,"Fabricated metal products, except machinery and equipment (28)",1.0
840420,Condensers For Steam Or Other Vapor Power Units,p28,"Fabricated metal products, except machinery and equipment (28)",1.0
840490,Parts For Auxiliary Plants Used With Boilers; Parts Of Condensers For Steamor Other Vapor Power Units,p28,"Fabricated metal products, except machinery and equipment (28)",1.0
840510,"Producer Gas Or Water Gas Generators, With Or Without Purifiers; Acetylene Gas Generators And Similar Water Process Gas Generators",p29,Machinery and equipment n.e.c. (29),1.0
840590,Parts For Producer Gas Or Water Gas Generators; Parts For Acetylene Gas Generators And Similar Water Process Gas Generators,p29,Machinery and equipment n.e.c. (29),1.0
840610,Steam And Other Vapor Turbines For Marine Propulsion,p29,Machinery and equipment n.e.c. (29),1.0
840681,"Steam And Other Vapor Turbines, N.E.S.",p29,Machinery and equipment n.e.c. (29),1.0
840682,"Steam And Other Vapor Turbines, N.E.S.",p29,Machinery and equipment n.e.c. (29),1.0
840690,Parts For Steam Turbines And Other Vapor Turbines,p29,Machinery and equipment n.e.c. (29),1.0
840710,Spark,p35,Other transport equipment (35),1.0
840721,Outboard Motors,p29,Machinery and equipment n.e.c. (29),1.0
840729,Spark,p29,Machinery and equipment n.e.c. (29),1.0
840731,"Reciprocating Piston Engines Of A Cylinder Capacity Not Exceeding 1,000 Cc",p34,"Motor vehicles, trailers and semi-trailers (34)",1.0
840732,"Reciprocating Piston Engines Of A Cylinder Capacity Not Exceeding 1,000 Cc",p34,"Motor vehicles, trailers and semi-trailers (34)",1.0
840733,"Reciprocating Piston Engines Of A Cylinder Capacity Not Exceeding 1,000 Cc",p34,"Motor vehicles, trailers and semi-trailers (34)",1.0
840734,"Reciprocating Piston Engines Of A Cylinder Capacity Exceeding 1,000 Cc",p34,"Motor vehicles, trailers and semi-trailers (34)",1.0
840790,Spark,p29,Machinery and equipment n.e.c. (29),1.0
840810,Compression,p29,Machinery and equipment n.e.c. (29),1.0
840820,Compression,p34,"Motor vehicles, trailers and semi-trailers (34)",1.0
840890,Compression,p29,Machinery and equipment n.e.c. (29),1.0
840910,"Parts, N.E.S., Of Spark",p35,Other transport equipment (35),1.0
840991,"Parts, N.E.S, Suitable For Use Solely Or Principally With Spark",p34,"Motor vehicles, trailers and semi-trailers (34)",1.0
840999,"Parts, N.E.S., Suitable For Use Solely Or Principally With Compression",p34,"Motor vehicles, trailers and semi-trailers (34)",1.0
841011,Hydraulic Turbines And Water Wheels,p29,Machinery and equipment n.e.c. (29),1.0
841012,Hydraulic Turbines And Water Wheels,p29,Machinery and equipment n.e.c. (29),1.0
841013,Hydraulic Turbines And Water Wheels,p29,Machinery and equipment n.e.c. (29),1.0
841090,"Parts, Including Regulators, Of Hydraulic Turbines And Water Wheels",p29,Machinery and equipment n.e.c. (29),1.0
841111,Turbojet Engines,p35,Other transport equipment (35),1.0
841112,Turbojet Engines,p35,Other transport equipment (35),1.0
841121,"Gas Turbines, Turbopropellers",p35,Other transport equipment (35),1.0
841122,"Gas Turbines, Turbopropellers",p35,Other transport equipment (35),1.0
841181,"Gas Turbines, N.E.S.",p29,Machinery and equipment n.e.c. (29),1.0
841182,"Gas Turbines, N.E.S.",p29,Machinery and equipment n.e.c. (29),1.0
841191,Parts For Turbojets Or Turbopropellers,p35,Other transport equipment (35),1.0
841199,"Parts For Gas Turbines, N.E.S.",p29,Machinery and equipment n.e.c. (29),1.0
841210,"Reaction Engines, Other Than Turbojets",p35,Other transport equipment (35),1.0
841221,Linear Acting Hydraulic Power Engines And Motors (Cylinders),p29,Machinery and equipment n.e.c. (29),1.0
841229,"Power Generating Engines And Motors, N.E.S.",p29,Machinery and equipment n.e.c. (29),1.0
841231,Linear Acting Pneumatic Power Engines And Motors (Cylinders),p29,Machinery and equipment n.e.c. (29),1.0
841239,"Power Generating Engines And Motors, N.E.S.",p29,Machinery and equipment n.e.c. (29),1.0
841280,"Power Generating Engines And Motors, N.E.S.",p29,Machinery and equipment n.e.c. (29),1.0
841290,"Parts Of Reaction Engines (Except Turbojet), Linear Acting Hydraulic And Pneumatic Power Engines And Motors, And Parts Of Engines And Motors N.E.S",p29,Machinery and equipment n.e.c. (29),1.0
841311,"Pumps For Dispensing Fuel Or Lubricants, Of The Type Used In Filling Stations Or Garages, Fitted Or Designed To Be Fitted With A Measuring Device",p29,Machinery and equipment n.e.c. (29),1.0
841319,"Pumps Fitted Or Designed To Be Fitted With Measuring Devices, N.E.S.",p29,Machinery and equipment n.e.c. (29),1.0
841320,"Pumps For Liquids, N.E.S.",p29,Machinery and equipment n.e.c. (29),1.0
841330,"Fuel, Lubricating Or Cooling Medium Pumps For Internal Combustion Piston Engines",p29,Machinery and equipment n.e.c. (29),1.0
841340,Concrete Pumps,p29,Machinery and equipment n.e.c. (29),1.0
841350,"Reciprocating Positive Displacement Pumps, N.E.S.",p29,Machinery and equipment n.e.c. (29),1.0
841360,"Rotary Positive Displacement Pumps, N.E.S.",p29,Machinery and equipment n.e.c. (29),1.0
841370,"Centrifugal Pumps, N.E.S.",p29,Machinery and equipment n.e.c. (29),1.0
841381,"Pumps For Liquids, N.E.S.",p29,Machinery and equipment n.e.c. (29),1.0
841382,Liquid Elevators,p29,Machinery and equipment n.e.c. (29),1.0
841391,Parts Of Pumps For Liquids,p29,Machinery and equipment n.e.c. (29),1.0
841392,Parts Of Liquid Elevators,p29,Machinery and equipment n.e.c. (29),1.0
841410,Vacuum Pumps,p29,Machinery and equipment n.e.c. (29),1.0
841420,Hand,p29,Machinery and equipment n.e.c. (29),1.0
841430,Compressors Of A Kind Used In Refrigerating Equipment,p29,Machinery and equipment n.e.c. (29),1.0
841440,Air Compressors Mounted On A Wheeled Chassis For Towing,p29,Machinery and equipment n.e.c. (29),1.0
841451,"Fans, Table, Floor, Wall, Window, Ceiling Or Roof, With Self",p29,Machinery and equipment n.e.c. (29),1.0
841459,"Fans, N.E.S.",p29,Machinery and equipment n.e.c. (29),1.0
841460,"Hoods Having A Maximum Horizontal Side Not Exceeding 120 Cms, Incorporating A Fan",p29,Machinery and equipment n.e.c. (29),1.0
841480,"Air Or Vacuum Pumps, N.E.S.",p29,Machinery and equipment n.e.c. (29),1.0
841490,"Parts For Air Or Vacuum Pumps, Air Or Other Gas Compressors And Fans; Parts Of Ventilating, Recyling Or Cooker Hoods Incorporating A Fan",p29,Machinery and equipment n.e.c. (29),1.0
841510,"Air Conditioning Machines, Window Or Wall Types, Self",p29,Machinery and equipment n.e.c. (29),1.0
841520,"Air Conditioning Machines, N.E.S.",p29,Machinery and equipment n.e.c. (29),1.0
841581,"Air Conditioning Machines, N.E.S.",p29,Machinery and equipment n.e.c. (29),1.0
841582,"Air Conditioning Machines, N.E.S.",p29,Machinery and equipment n.e.c. (29),1.0
841583,"Air Conditioning Machines, N.E.S.",p29,Machinery and equipment n.e.c. (29),1.0
841590,Parts For The Air Conditioning Machines (Having A Motor,p29,Machinery and equipment n.e.c. (29),1.0
841610,Furnace Burners For Liquid Fuel,p29,Machinery and equipment n.e.c. (29),1.0
841620,"Furnace Burners (Including Combination Burners), N.E.S.",p29,Machinery and equipment n.e.c. (29),1.0
841630,"Mechanical Stokers, Including Their Mechanical Grates, Mechanical Ash Dischargers And Similar Appliances",p29,Machinery and equipment n.e.c. (29),1.0
841690,"Parts For Furnace Burners, Mechanical Stokers, Grates, Ash Dischargers And Similar Mechanical Appliances For Furnaces",p29,Machinery and equipment n.e.c. (29),1.0
841710,"Furnaces And Ovens For The Roastng, Melting Or Other Heat Treatment Of Ores, Pyrites Or Of Metals, Nonelectric",p29,Machinery and equipment n.e.c. (29),1.0
841720,"Bakery Ovens (Including Biscuit Ovens), Nonelectric",p29,Machinery and equipment n.e.c. (29),1.0
841780,"Nonelectric Industrial Or Laboratory Furnaces N.E.S., Including Incinerators",p29,Machinery and equipment n.e.c. (29),1.0
841790,Parts For Nonelectric Industrial Or Laboratory Furnaces And Ovens,p29,Machinery and equipment n.e.c. (29),1.0
841810,"Refrigerators, Household Type (Electric Or Other), Whether Or Not Containing A Deep",p29,Machinery and equipment n.e.c. (29),1.0
841821,"Refrigerators, Household Type (Electric Or Other), Whether Or Not Containing A Deep",p29,Machinery and equipment n.e.c. (29),1.0
841822,"Refrigerators, Household Type (Electric Or Other), Whether Or Not Containing A Deep",p29,Machinery and equipment n.e.c. (29),1.0
841829,"Refrigerators, Household Type (Electric Or Other), Whether Or Not Containing A Deep",p29,Machinery and equipment n.e.c. (29),1.0
841830,Deep,p29,Machinery and equipment n.e.c. (29),1.0
841840,Deep,p29,Machinery and equipment n.e.c. (29),1.0
841850,"Refrigerating Or Freezing Chests (Other Than Household Type), Cabinets, Display Counters, Showcases And Similar Refrigerating Or Freezing Furniture",p29,Machinery and equipment n.e.c. (29),1.0
841861,"Refrigerating Or Freezing Equipment, N.E.S.; Heat Pumps",p29,Machinery and equipment n.e.c. (29),1.0
841869,"Refrigerating Or Freezing Equipment, N.E.S.; Heat Pumps",p29,Machinery and equipment n.e.c. (29),1.0
841891,"Parts Of Refrigerators, Freezers And Other Refrigerating Or Freezing Equipment (Electric Or Other)",p29,Machinery and equipment n.e.c. (29),1.0
841899,"Parts Of Refrigerators, Freezers And Other Refrigerating Or Freezing Equipment (Electric Or Other)",p29,Machinery and equipment n.e.c. (29),1.0
841911,Instantaneous Gas Water Heaters,p29,Machinery and equipment n.e.c. (29),1.0
841919,"Instantaneous Or Storage Hot Water Heaters, Nonelectric, N.E.S.",p29,Machinery and equipment n.e.c. (29),1.0
841920,"Medical, Surgical Or Laboratory Sterilizers",p33,"Medical, precision and optical instruments, watches and clocks (33)",1.0
841931,Dryers For Agricultural Products,p29,Machinery and equipment n.e.c. (29),1.0
841932,"Dryers For Wood, Paper Pulp, Paper And Paperboard",p29,Machinery and equipment n.e.c. (29),1.0
841939,"Dryers For The Treatment Of Materials, N.E.S.",p29,Machinery and equipment n.e.c. (29),1.0
841940,Distilling Or Rectifying Plant,p29,Machinery and equipment n.e.c. (29),1.0
841950,Heat Exchange Units,p29,Machinery and equipment n.e.c. (29),1.0
841960,Machinery For Liquefying Air Or Other Gas,p29,Machinery and equipment n.e.c. (29),1.0
841981,Machinery For Making Hot Drinks Or For Cooking Or Heating Foods,p29,Machinery and equipment n.e.c. (29),1.0
841989,"Temperature Changing Industrial And Laboratory Machinery, Etc. For The Treatment Of Materials, N.E.S.",p29,Machinery and equipment n.e.c. (29),1.0
841990,"Parts, N.E.S. For Temperature Changing Industrial And Laboratory Machinery And Equipment",p29,Machinery and equipment n.e.c. (29),1.0
842010,Calendering Or Other Rolling Machines (Other Than For Metal Or Glass),p29,Machinery and equipment n.e.c. (29),1.0
842091,Parts (Cylinders Etc.) For Calendering Or Other Rolling Machines (Other Than For Metals Or Glass),p29,Machinery and equipment n.e.c. (29),1.0
842099,Parts (Cylinders Etc.) For Calendering Or Other Rolling Machines (Other Than For Metals Or Glass),p29,Machinery and equipment n.e.c. (29),1.0
842111,Cream Separators (Centrifuges),p29,Machinery and equipment n.e.c. (29),1.0
842112,Clothes Dryers (Centrifugal),p29,Machinery and equipment n.e.c. (29),1.0
842119,"Centrifuges, N.E.S.",p29,Machinery and equipment n.e.c. (29),1.0
842121,Machinery For Filtering And Purifying Water,p29,Machinery and equipment n.e.c. (29),1.0
842122,Machinery For Filtering And Purifying Beverages Other Than Water,p29,Machinery and equipment n.e.c. (29),1.0
842123,Oil Or Fuel Filters For Internal Combustion Engines,p29,Machinery and equipment n.e.c. (29),1.0
842129,"Filters And Purifying Machinery And Apparatus For Liquids, N.E.S.",p29,Machinery and equipment n.e.c. (29),1.0
842131,Intake Air Filters For Internal Combustion Engines,p29,Machinery and equipment n.e.c. (29),1.0
842139,"Filters And Purifying Machinery And Apparatus For Gases, N.E.S.",p29,Machinery and equipment n.e.c. (29),1.0
842191,Parts Of Centrifuges (Including Centrifical Dryers),p29,Machinery and equipment n.e.c. (29),1.0
842199,Parts Of Filtering Or Purifying Machinery And Apparatus,p29,Machinery and equipment n.e.c. (29),1.0
842211,Dishwashing Machines Of The Household Type,p29,Machinery and equipment n.e.c. (29),1.0
842219,Dishwashing Machines Not Of Household Type,p29,Machinery and equipment n.e.c. (29),1.0
842220,Machinery For Cleaning Or Drying Bottles Or Other Containers,p29,Machinery and equipment n.e.c. (29),1.0
842230,"Packing Or Wrapping Machinery, N.E.S.",p29,Machinery and equipment n.e.c. (29),1.0
842240,"Packing Or Wrapping Machinery, N.E.S.",p29,Machinery and equipment n.e.c. (29),1.0
842290,"Parts Of Dish Washing Machines (Including Household Type), Machinery For Cleaning, Filling, Sealing, Labeling, Etc. Containers And Aerating Beverage",p29,Machinery and equipment n.e.c. (29),1.0
842310,Personal Weighing Machines (Including Baby Scales); Household Scales,p29,Machinery and equipment n.e.c. (29),1.0
842320,"Weighing Machinery (Excluding Balances Of 5 Cg Or Better, Personal And Household Scales), Including Weight",p29,Machinery and equipment n.e.c. (29),1.0
842330,"Weighing Machinery (Excluding Balances Of 5 Cg Or Better, Personal And Household Scales), Including Weight",p29,Machinery and equipment n.e.c. (29),1.0
842381,"Weighing Machinery (Excluding Balances Of 5 Cg Or Better, Personal And Household Scales), Including Weight",p29,Machinery and equipment n.e.c. (29),1.0
842382,"Weighing Machinery (Excluding Balances Of 5 Cg Or Better, Personal And Household Scales), Including Weight",p29,Machinery and equipment n.e.c. (29),1.0
842389,"Weighing Machinery (Excluding Balances Of 5 Cg Or Better, Personal And Household Scales), Including Weight",p29,Machinery and equipment n.e.c. (29),1.0
842390,"Weighing Machine Weights; Parts Of Weighing Machinery (Excluding Balances Of A Sensitivety Of 5 Ca Or Better), Weight",p29,Machinery and equipment n.e.c. (29),1.0
842410,"Fire Extinguishers, Whether Or Not Charged",p29,Machinery and equipment n.e.c. (29),1.0
842420,Spray Guns And Similar Appliances,p29,Machinery and equipment n.e.c. (29),1.0
842430,Steam Or Sand Blasting Machines And Similar Jet Projecting Machines,p29,Machinery and equipment n.e.c. (29),1.0
842481,"Agricultural Or Horticultural Appliances For Projecting, Dispersing Or Spraying Liquids Or Powders",p29,Machinery and equipment n.e.c. (29),1.0
842489,"Mechanical Appliances For Projecting, Dispersing Or Spraying, Etc. N.E.S.",p29,Machinery and equipment n.e.c. (29),1.0
842490,"Parts Of Mechanical Appliances For Projecting, Dispersing Or Spraying Liquids Or Powders, Fire Extingishers, Steam Or Sand Blasting Machines, Etc",p29,Machinery and equipment n.e.c. (29),1.0
842511,Pulley Tackle And Hoists (Other Than Skip Hoists),p29,Machinery and equipment n.e.c. (29),1.0
842519,Pulley Tackle And Hoists (Other Than Skip Hoists),p29,Machinery and equipment n.e.c. (29),1.0
842520,Pit,p29,Machinery and equipment n.e.c. (29),1.0
842531,"Winches, N.E.S.; Capstans",p29,Machinery and equipment n.e.c. (29),1.0
842539,"Winches, N.E.S.; Capstans",p29,Machinery and equipment n.e.c. (29),1.0
842541,Built,p29,Machinery and equipment n.e.c. (29),1.0
842542,"Jacks And Hoists, N.E.S., Hydraulic",p29,Machinery and equipment n.e.c. (29),1.0
842549,"Jacks And Hoists, N.E.S., Not Hydraulic",p29,Machinery and equipment n.e.c. (29),1.0
842611,Overhead Travelling Cranes On Fixed Support,p29,Machinery and equipment n.e.c. (29),1.0
842612,Mobile Lifting Frames On Tires And Straddle Carriers,p29,Machinery and equipment n.e.c. (29),1.0
842619,"Overhead Travelling, Transporter, Gantry And Bridge Cranes And Other Mobilelifting Frames, N.E.S.",p29,Machinery and equipment n.e.c. (29),1.0
842620,Tower Cranes,p29,Machinery and equipment n.e.c. (29),1.0
842630,Portal Or Pedestal Jib Cranes,p29,Machinery and equipment n.e.c. (29),1.0
842641,"Derricks, Cranes, Etc. N.E.S., Self",p29,Machinery and equipment n.e.c. (29),1.0
842649,"Derricks, Cranes, Etc. N.E.S., Self",p29,Machinery and equipment n.e.c. (29),1.0
842691,"Derricks, Cranes, Etc. N.E.S., Not Self",p29,Machinery and equipment n.e.c. (29),1.0
842699,"Derricks, Cranes, Etc. N.E.S., Not Self",p29,Machinery and equipment n.e.c. (29),1.0
842710,Self,p29,Machinery and equipment n.e.c. (29),1.0
842720,Self,p29,Machinery and equipment n.e.c. (29),1.0
842790,"Works Trucks Fitted With Lifting Or Handling Equipment, N.E.S.",p29,Machinery and equipment n.e.c. (29),1.0
842810,Lifts And Skip Hoists,p29,Machinery and equipment n.e.c. (29),1.0
842820,Continuous,p29,Machinery and equipment n.e.c. (29),1.0
842831,Continuous,p29,Machinery and equipment n.e.c. (29),1.0
842832,Continuous,p29,Machinery and equipment n.e.c. (29),1.0
842833,Continous,p29,Machinery and equipment n.e.c. (29),1.0
842839,Continuous,p29,Machinery and equipment n.e.c. (29),1.0
842840,Escalators And Moving Walkways,p29,Machinery and equipment n.e.c. (29),1.0
842850,"Lifting, Handling, Loading Or Unloading Machinery, N.E.S.",p29,Machinery and equipment n.e.c. (29),1.0
842860,"Lifting, Handling, Loading Or Unloading Machinery, N.E.S.",p29,Machinery and equipment n.e.c. (29),1.0
842890,"Lifting, Handling, Loading Or Unloading Machinery, N.E.S.",p29,Machinery and equipment n.e.c. (29),1.0
842911,"Bulldozers And Angledozers, Self",p29,Machinery and equipment n.e.c. (29),1.0
842919,"Bulldozers And Angledozers, Self",p29,Machinery and equipment n.e.c. (29),1.0
842920,"Graders And Levelers (For Earth Leveling, Etc.), Self",p29,Machinery and equipment n.e.c. (29),1.0
842930,"Scrapers, Self",p29,Machinery and equipment n.e.c. (29),1.0
842940,"Tamping Machines And Road Rollers, Self",p29,Machinery and equipment n.e.c. (29),1.0
842951,Front,p29,Machinery and equipment n.e.c. (29),1.0
842952,"Mechanical Shovels, Excavators And Shovel Loaders With A 360 Degree Revolving Superstructure, Self",p29,Machinery and equipment n.e.c. (29),1.0
842959,Self,p29,Machinery and equipment n.e.c. (29),1.0
843010,Pile,p29,Machinery and equipment n.e.c. (29),1.0
843020,Snowplows And Snowblowers,p29,Machinery and equipment n.e.c. (29),1.0
843031,"Coal Or Rock Cutters And Tunneling Machinery, Self",p29,Machinery and equipment n.e.c. (29),1.0
843039,"Coal Or Rock Cutters And Tunneling Machinery, Not Self",p29,Machinery and equipment n.e.c. (29),1.0
843041,"Boring Or Sinking Machinery N.E.S., Self",p29,Machinery and equipment n.e.c. (29),1.0
843049,"Boring And Sinking Machinery, N.E.S., Not Self",p29,Machinery and equipment n.e.c. (29),1.0
843050,"Moving, Grading, Leveling, Excavating, Etc. Machinery For Earth, Minerals Or Ores, N.E.S., Self",p29,Machinery and equipment n.e.c. (29),1.0
843061,"Tamping Or Compacting Machinery, Not Self",p29,Machinery and equipment n.e.c. (29),1.0
843062,"Scrapers, Not Self",p29,Machinery and equipment n.e.c. (29),1.0
843069,"Moving, Grading, Leveling, Excavating, Etc., Machinery, N.E.S. For Earth, Minerals Or Ores, Not Self",p29,Machinery and equipment n.e.c. (29),1.0
843110,"Parts Of Pulley Tackle, Hoists, Winches, Capstans And Jacks",p29,Machinery and equipment n.e.c. (29),1.0
843120,Parts Of Lifting And Handling Machinery,p29,Machinery and equipment n.e.c. (29),1.0
843131,"Parts Of Lifts, Skip Hoists Or Escalators",p29,Machinery and equipment n.e.c. (29),1.0
843139,"Parts Of Lifting, Handling, Loading Or Unloading Machinery, N.E.S.",p29,Machinery and equipment n.e.c. (29),1.0
843141,"Machinery Buckets, Shovels, Grabs And Grips",p29,Machinery and equipment n.e.c. (29),1.0
843142,Bulldozer Or Angledozer Blades,p29,Machinery and equipment n.e.c. (29),1.0
843143,Parts For Boring Or Sinking Machinery,p29,Machinery and equipment n.e.c. (29),1.0
843149,"Parts N.E.S., Of Civil Engineering Etc. Machinery, Including Mining And Public Works Machinery Parts (Heading 723) And Cranes Etc. (Heading 744.3)",p29,Machinery and equipment n.e.c. (29),1.0
843210,Plows For All Soil Working Purposes,p29,Machinery and equipment n.e.c. (29),1.0
843221,"Scarifiers, Cultivators, Weeders, Hoes And Harrows (Other Than Hand Tools)",p29,Machinery and equipment n.e.c. (29),1.0
843229,"Scarifiers, Cultivators, Weeders, Hoes And Harrows (Other Than Hand Tools)",p29,Machinery and equipment n.e.c. (29),1.0
843230,"Seeders, Planters, Transplanters; Fertilizer Distributers And Manure Spreaders (Other Than Hand Tools)",p29,Machinery and equipment n.e.c. (29),1.0
843240,"Seeders, Planters, Transplanters; Fertilizer Distributers And Manure Spreaders (Other Than Hand Tools)",p29,Machinery and equipment n.e.c. (29),1.0
843280,"Agricultural And Horticultural Or Forestry Machinery For Soil Preparation Or Cultivation, N.E.S.; Lawn Or Sports Ground Rollers",p29,Machinery and equipment n.e.c. (29),1.0
843290,"Parts Of Agricultural, Horticultural Or Forestry Machinery For Soil Preparation Or Cultivation And Lawn Or Sports Ground Rollers",p29,Machinery and equipment n.e.c. (29),1.0
843311,"Mowers For Lawns, Parks Or Sports Grounds",p29,Machinery and equipment n.e.c. (29),1.0
843319,"Mowers For Lawns, Parks Or Sports Grounds",p29,Machinery and equipment n.e.c. (29),1.0
843320,"Harvesting And Threshing Machinery, N.E.S.; Mowers, N.E.S. (Other Than Mowers For Lawns, Parks Or Sports Grounds)",p29,Machinery and equipment n.e.c. (29),1.0
843330,"Harvesting And Threshing Machinery, N.E.S.; Mowers, N.E.S. (Other Than Mowers For Lawns, Parks Or Sports Grounds)",p29,Machinery and equipment n.e.c. (29),1.0
843340,"Harvesting And Threshing Machinery, N.E.S.; Mowers, N.E.S. (Other Than Mowers For Lawns, Parks Or Sports Grounds)",p29,Machinery and equipment n.e.c. (29),1.0
843351,Combine Harvester,p29,Machinery and equipment n.e.c. (29),1.0
843352,"Harvesting And Threshing Machinery, N.E.S.; Mowers, N.E.S. (Other Than Mowers For Lawns, Parks Or Sports Grounds)",p29,Machinery and equipment n.e.c. (29),1.0
843353,"Harvesting And Threshing Machinery, N.E.S.; Mowers, N.E.S. (Other Than Mowers For Lawns, Parks Or Sports Grounds)",p29,Machinery and equipment n.e.c. (29),1.0
843359,"Harvesting And Threshing Machinery, N.E.S.; Mowers, N.E.S. (Other Than Mowers For Lawns, Parks Or Sports Grounds)",p29,Machinery and equipment n.e.c. (29),1.0
843360,"Machines For Cleaning, Sorting Or Grading Eggs, Fruit Or Other Agricultural Produce",p29,Machinery and equipment n.e.c. (29),1.0
843390,"Parts Of Harvesting Or Threshings Machines, Mowers, And Machines For Cleaning, Sorting And Grading Eggs, Fruit Or Other Agricultural Produce",p29,Machinery and equipment n.e.c. (29),1.0
843410,Milking Machines,p29,Machinery and equipment n.e.c. (29),1.0
843420,Dairy Machinery,p29,Machinery and equipment n.e.c. (29),1.0
843490,Parts For Milking Machines And Dairy Machinery,p29,Machinery and equipment n.e.c. (29),1.0
843510,"Presses, Crushers And Similar Machinery For The Manufacture Of Wine, Cider, Fruit Juices Or Similar Beverages",p29,Machinery and equipment n.e.c. (29),1.0
843590,"Parts Of Presses, Crushers And Similar Machinery For The Manufacture Of Wine, Cider, Fruit Juices, Etc.",p29,Machinery and equipment n.e.c. (29),1.0
843610,"Agricultural, Horticultural And Forestry Machinery, N.E.S. And Bee",p29,Machinery and equipment n.e.c. (29),1.0
843621,Poultry,p29,Machinery and equipment n.e.c. (29),1.0
843629,Poultry,p29,Machinery and equipment n.e.c. (29),1.0
843680,"Agricultural, Horticultural And Forestry Machinery, N.E.S. And Bee",p29,Machinery and equipment n.e.c. (29),1.0
843691,"Parts Of Agricultural, Horticultural, Forestry And Poultry",p29,Machinery and equipment n.e.c. (29),1.0
843699,"Parts Of Agricultural, Horticultural, Forestry And Poultry",p29,Machinery and equipment n.e.c. (29),1.0
843710,"Machines For Cleaning, Sorting Or Grading Seed, Grain Or Dried Leguminous Vegetables N.E.S. (Not Including Milling Machinery)",p29,Machinery and equipment n.e.c. (29),1.0
843780,Machinery Used In The Grain Milling Industry Or For The Working Of Cereals Or Dried Leguminous Vegetables (Other Than Farm Type Machinery),p29,Machinery and equipment n.e.c. (29),1.0
843790,"Parts For Machinery (Other Than Farm Type) Used For Grain Milling Or The Working, Cleaning, Sorting Etc. Of Cereals Or Dried Leguminous Vegetables",p29,Machinery and equipment n.e.c. (29),1.0
843810,"Machinery, N.E.S., For The Industrial Preparation Or Manufacture Of Food Or Drink",p29,Machinery and equipment n.e.c. (29),1.0
843820,"Machinery, N.E.S., For The Industrial Preparation Or Manufacture Of Food Or Drink",p29,Machinery and equipment n.e.c. (29),1.0
843830,"Machinery, N.E.S., For The Industrial Preparation Or Manufacture Of Food Or Drink",p29,Machinery and equipment n.e.c. (29),1.0
843840,"Machinery, N.E.S., For The Industrial Preparation Or Manufacture Of Food Or Drink",p29,Machinery and equipment n.e.c. (29),1.0
843850,"Machinery, N.E.S., For The Industrial Preparation Or Manufacture Of Food Or Drink",p29,Machinery and equipment n.e.c. (29),1.0
843860,"Machinery, N.E.S., For The Industrial Preparation Or Manufacture Of Food Or Drink",p29,Machinery and equipment n.e.c. (29),1.0
843880,"Machinery, N.E.S., For The Industrial Preparation Or Manufacture Of Food Or Drink",p29,Machinery and equipment n.e.c. (29),1.0
843890,"Parts For The Machinery, N.E.S. For The Industrial Preparation Or Manufacture Of Food Or Drink",p29,Machinery and equipment n.e.c. (29),1.0
843910,Machinery For Making Pulp Of Fibrous Cellulosic Material,p29,Machinery and equipment n.e.c. (29),1.0
843920,Machinery For Making Or Finishing Paper Or Paperboard,p29,Machinery and equipment n.e.c. (29),1.0
843930,Machinery For Making Or Finishing Paper Or Paperboard,p29,Machinery and equipment n.e.c. (29),1.0
843991,Parts Of Machines For Making Pulp Of Fiberous Cellulosic Material Or For Making Or Finishing Paper Or Paperboard,p29,Machinery and equipment n.e.c. (29),1.0
843999,Parts Of Machines For Making Pulp Of Fiberous Cellulosic Material Or For Making Or Finishing Paper Or Paperboard,p29,Machinery and equipment n.e.c. (29),1.0
844010,Bookbinding Machinery (Including Book,p29,Machinery and equipment n.e.c. (29),1.0
844090,Parts For Bookbinding Machinery,p29,Machinery and equipment n.e.c. (29),1.0
844110,Paper Cutting Machines Of All Kinds,p29,Machinery and equipment n.e.c. (29),1.0
844120,"Machines For Making Paper Bags, Sacks Or Envelopes",p29,Machinery and equipment n.e.c. (29),1.0
844130,"Machines For Making Paper Cartons, Boxes, Cases, Tubes, Drums Or Similar Containers, Other Than By Molding",p29,Machinery and equipment n.e.c. (29),1.0
844140,"Machines For Molding Articles In Paper Pulp, Paper Or Paperboard",p29,Machinery and equipment n.e.c. (29),1.0
844180,"Paper Pulp, Paper And Paperboard Machinery, N.E.S.",p29,Machinery and equipment n.e.c. (29),1.0
844190,"Parts Of Machinery For Making Up Paper Pulp, Paper Or Paperboard, N.E.S.",p29,Machinery and equipment n.e.c. (29),1.0
844210,"Typesetting And Typefounding Machinery, Apparatus And Equipment For Making Printing Blocks, Plates, Cylinders Or Other Printing Components",p29,Machinery and equipment n.e.c. (29),1.0
844220,"Typesetting And Typefounding Machinery, Apparatus And Equipment For Making Printing Blocks, Plates, Cylinders Or Other Printing Components",p29,Machinery and equipment n.e.c. (29),1.0
844230,"Typesetting And Typefounding Machinery, Apparatus And Equipment For Making Printing Blocks, Plates, Cylinders Or Other Printing Components",p29,Machinery and equipment n.e.c. (29),1.0
844240,"Parts For Typesetting And Typefounding Machinery, Apparatus And Equipment",p29,Machinery and equipment n.e.c. (29),1.0
844250,"Printng Type, Blocks, Plates And Other Printing Components; Plates, Cylinders And Lithographic Stones Prepared For Printing Purposes",p22,Printed matter and recorded media (22),1.0
844311,"Offset Printing Machinery, Reel Fed",p29,Machinery and equipment n.e.c. (29),1.0
844312,"Offset Printing Machinery, Sheet Fed Office Type (Sheet Size Not Exceeding 22 X 36 Cm)",p30,Office machinery and computers (30),1.0
844319,Offset Printing Machinery N.E.S.,p29,Machinery and equipment n.e.c. (29),1.0
844321,Letterpress Printing Machinery (Excluding Flexographic Printing),p29,Machinery and equipment n.e.c. (29),1.0
844329,Letterpress Printing Machinery (Excluding Flexographic Printing),p29,Machinery and equipment n.e.c. (29),1.0
844330,Flexographic Printing Machinery,p29,Machinery and equipment n.e.c. (29),1.0
844340,Gravure Printing Machinery,p29,Machinery and equipment n.e.c. (29),1.0
844351,"Mechanical Appliances For Projecting, Dispersing Or Spraying, Etc. N.E.S.",p29,Machinery and equipment n.e.c. (29),1.0
844359,"Printing Machinery, N.E.S",p29,Machinery and equipment n.e.c. (29),1.0
844360,Machines For Uses Ancillary To Printing,p29,Machinery and equipment n.e.c. (29),1.0
844390,Parts For Printing Machinery And Parts Of Machines For Uses Ancillary To Printing,p29,Machinery and equipment n.e.c. (29),1.0
844400,"Textile Machines For Extruding, Drawing, Texturing Or Cutting Manmade Textile Materials",p29,Machinery and equipment n.e.c. (29),1.0
844511,Textile Machines For Preparing Textile Fibers,p29,Machinery and equipment n.e.c. (29),1.0
844512,Textile Machines For Preparing Textile Fibers,p29,Machinery and equipment n.e.c. (29),1.0
844513,Textile Machines For Preparing Textile Fibers,p29,Machinery and equipment n.e.c. (29),1.0
844519,Textile Machines For Preparing Textile Fibers,p29,Machinery and equipment n.e.c. (29),1.0
844520,"Textile Spinning, Doubling Or Twisting Machines; Textile Winding (Includingweft Winding) Or Reeling Machines",p29,Machinery and equipment n.e.c. (29),1.0
844530,"Textile Spinning, Doubling Or Twisting Machines; Textile Winding (Includingweft Winding) Or Reeling Machines",p29,Machinery and equipment n.e.c. (29),1.0
844540,"Textile Spinning, Doubling Or Twisting Machines; Textile Winding (Includingweft Winding) Or Reeling Machines",p29,Machinery and equipment n.e.c. (29),1.0
844590,"Textile Machines For Preparing Yarns For Use On Textile Machinery For Weaving, Knitting, Stitch",p29,Machinery and equipment n.e.c. (29),1.0
844610,Weaving Machines (Looms),p29,Machinery and equipment n.e.c. (29),1.0
844621,Weaving Machines (Looms),p29,Machinery and equipment n.e.c. (29),1.0
844629,Weaving Machines (Looms),p29,Machinery and equipment n.e.c. (29),1.0
844630,Weaving Machines (Looms),p29,Machinery and equipment n.e.c. (29),1.0
844711,Knitting And Stitch,p29,Machinery and equipment n.e.c. (29),1.0
844712,Knitting And Stitch,p29,Machinery and equipment n.e.c. (29),1.0
844720,Knitting And Stitch,p29,Machinery and equipment n.e.c. (29),1.0
844790,"Machines For Making Gimped Yarn, Tulle, Lace, Embroidery, Trimmings, Braid And Tufting",p29,Machinery and equipment n.e.c. (29),1.0
844811,"Auxiliary Textile Machinery For Preparing And/Or Producing Fibers And Yarns Or Weaving, Knitting, Stitch",p29,Machinery and equipment n.e.c. (29),1.0
844819,"Auxiliary Textile Machinery For Preparing And/Or Producing Fibers And Yarns Or Weaving, Knitting, Stitch",p29,Machinery and equipment n.e.c. (29),1.0
844820,Parts And Accessories Of Textile Machinery Designed For Use In The Preparation And Production Of Textile Fibers And Yarns,p29,Machinery and equipment n.e.c. (29),1.0
844831,Parts And Accessories Of Textile Machinery Designed For Use In The Preparation And Production Of Textile Fibers And Yarns,p29,Machinery and equipment n.e.c. (29),1.0
844832,Parts And Accessories Of Textile Machinery Designed For Use In The Preparation And Production Of Textile Fibers And Yarns,p29,Machinery and equipment n.e.c. (29),1.0
844833,Parts And Accessories Of Textile Machinery Designed For Use In The Preparation And Production Of Textile Fibers And Yarns,p29,Machinery and equipment n.e.c. (29),1.0
844839,Parts And Accessories Of Textile Machinery Designed For Use In The Preparation And Production Of Textile Fibers And Yarns,p29,Machinery and equipment n.e.c. (29),1.0
844841,Parts And Accessories Of Weaving Machines (Looms) Or Their Auxiliary Machines,p29,Machinery and equipment n.e.c. (29),1.0
844842,Parts And Accessories Of Weaving Machines (Looms) Or Their Auxiliary Machines,p29,Machinery and equipment n.e.c. (29),1.0
844849,Parts And Accessories Of Weaving Machines (Looms) Or Their Auxiliary Machines,p29,Machinery and equipment n.e.c. (29),1.0
844851,Parts And Accessories Of Knitting And Stitch,p29,Machinery and equipment n.e.c. (29),1.0
844859,Parts And Accessories Of Knitting And Stitch,p29,Machinery and equipment n.e.c. (29),1.0
844900,"Machinery For The Manufacture Or Finishing Of Felt Or Nonwovens In The Piece Or In Shapes, Including Felt Hats; Blocks For Making Hats",p29,Machinery and equipment n.e.c. (29),1.0
845011,"Household Or Laundry Type Washing Machines (Including Machines Which Both Wash And Dry), Each Of A Dry Linen Capacity Not Exceeding 10 Kg",p29,Machinery and equipment n.e.c. (29),1.0
845012,"Household Or Laundry Type Washing Machines (Including Machines Which Both Wash And Dry), Each Of A Dry Linen Capacity Not Exceeding 10 Kg",p29,Machinery and equipment n.e.c. (29),1.0
845019,"Household Or Laundry Type Washing Machines (Including Machines Which Both Wash And Dry), Each Of A Dry Linen Capacity Not Exceeding 10 Kg",p29,Machinery and equipment n.e.c. (29),1.0
845020,Household Or Laundry,p29,Machinery and equipment n.e.c. (29),1.0
845090,Parts For Household Or Laundry Type Washing Machines,p29,Machinery and equipment n.e.c. (29),1.0
845110,Dry,p29,Machinery and equipment n.e.c. (29),1.0
845121,"Clothes Drying Machines, Each Of A Dry Linen Capacity Not Exceeding 10 Kg (Excluding Centrifugal Dryers)",p29,Machinery and equipment n.e.c. (29),1.0
845129,"Textile Drying Machines (Not Centrifical Type Of Heading 743.5), Of A Dry Linen Capacity Exceeding 10 Kgs",p29,Machinery and equipment n.e.c. (29),1.0
845130,"Textile Machinery For Washing, Wringing, Pressing, Dyeing, Coating Etc. Textile Yarn, Fabric Or Articles; Textile Machinery, N.E.S.",p29,Machinery and equipment n.e.c. (29),1.0
845140,"Textile Machinery For Washing, Wringing, Pressing, Dyeing, Coating Etc. Textile Yarn, Fabric Or Articles; Textile Machinery, N.E.S.",p29,Machinery and equipment n.e.c. (29),1.0
845150,"Textile Machinery For Washing, Wringing, Pressing, Dyeing, Coating Etc. Textile Yarn, Fabric Or Articles; Textile Machinery, N.E.S.",p29,Machinery and equipment n.e.c. (29),1.0
845180,"Textile Machinery For Washing, Wringing, Pressing, Dyeing, Coating Etc. Textile Yarn, Fabric Or Articles; Textile Machinery, N.E.S.",p29,Machinery and equipment n.e.c. (29),1.0
845190,"Parts For Textile Machinery Designed For Washing, Drying, Bleaching, Dyeing, Etc. Yarn, Fabric Or Articles (Not For Household Or Laundry Type Washer",p29,Machinery and equipment n.e.c. (29),1.0
845210,"Sewing Machines, Household Type",p29,Machinery and equipment n.e.c. (29),1.0
845221,"Sewing Machines, Other Than Household Type",p29,Machinery and equipment n.e.c. (29),1.0
845229,"Sewing Machines, Other Than Household Type",p29,Machinery and equipment n.e.c. (29),1.0
845230,"Sewing Machine Needles; Sewing Machine Furniture, Bases And Covers And Parts Thereof; Sewing Machine Parts",p29,Machinery and equipment n.e.c. (29),1.0
845240,"Sewing Machine Needles; Sewing Machine Furniture, Bases And Covers And Parts Thereof; Sewing Machine Parts",p29,Machinery and equipment n.e.c. (29),1.0
845290,"Sewing Machine Needles; Sewing Machine Furniture, Bases And Covers And Parts Thereof; Sewing Machine Parts",p29,Machinery and equipment n.e.c. (29),1.0
845310,"Leather Machinery For Preparing, Tanning Or Working Hides, Skins Or Leather",p29,Machinery and equipment n.e.c. (29),1.0
845320,Leather Machinery For Making Or Repairing Footwear,p29,Machinery and equipment n.e.c. (29),1.0
845380,"Leather Machinery For Making Or Repairing Articles, Of Hides, Skins Or Leather, Other Than Footwear",p29,Machinery and equipment n.e.c. (29),1.0
845390,"Parts For Leather Machinery Designed For Preparing, Tanning Or Working Hides Or Leather Or For Making Or Repairing  Footwear Or Other Leather Articl",p29,Machinery and equipment n.e.c. (29),1.0
845410,"Converters, Ingot Molds And Ladles Used In Metallurgy Or Metal Foundries",p29,Machinery and equipment n.e.c. (29),1.0
845420,"Converters, Ingot Molds And Ladles Used In Metallurgy Or Metal Foundries",p29,Machinery and equipment n.e.c. (29),1.0
845430,Casting Machines Used In Metallurgy Or Metal Foundries,p29,Machinery and equipment n.e.c. (29),1.0
845490,"Parts Of Metalworking Converters, Ladles, Ingot Molds And Casting Machines",p29,Machinery and equipment n.e.c. (29),1.0
845510,Metal,p29,Machinery and equipment n.e.c. (29),1.0
845521,Metal,p29,Machinery and equipment n.e.c. (29),1.0
845522,Metal,p29,Machinery and equipment n.e.c. (29),1.0
845530,Rolls And Other Parts For Metal,p29,Machinery and equipment n.e.c. (29),1.0
845590,Rolls And Other Parts For Metal,p29,Machinery and equipment n.e.c. (29),1.0
845610,"Machine Tools Operated By Laser, Or Other Light Or Photon Beam Processes",p29,Machinery and equipment n.e.c. (29),1.0
845620,Machine Tools Operated By Ultrasonic Processes,p29,Machinery and equipment n.e.c. (29),1.0
845630,Machine Tools Operated By Electro,p29,Machinery and equipment n.e.c. (29),1.0
845691,Machine Tools Operated By Electro,p29,Machinery and equipment n.e.c. (29),1.0
845699,Machine Tools Operated By Electro,p29,Machinery and equipment n.e.c. (29),1.0
845710,Machining Centers For Working Metal,p29,Machinery and equipment n.e.c. (29),1.0
845720,Unit Construction Machines (Single Station) For Working Meta,p29,Machinery and equipment n.e.c. (29),1.0
845730,Multistation Transfer Machines For Working Metal,p29,Machinery and equipment n.e.c. (29),1.0
845811,"Horizontal Lathes, Numerically Controlled, For Removing Metal",p29,Machinery and equipment n.e.c. (29),1.0
845819,"Horizontal Lathes, Other Than Numerically Controlled, For Removing Metal",p29,Machinery and equipment n.e.c. (29),1.0
845891,"Lathes (Other Than Horizontal Lathes), Numerically Controlled, For Removingmetal",p29,Machinery and equipment n.e.c. (29),1.0
845899,"Lathes, N.E.S. (Other Than Horizontal And Other Than Numerically Controlled) For Removing Metal",p29,Machinery and equipment n.e.c. (29),1.0
845910,Way,p29,Machinery and equipment n.e.c. (29),1.0
845921,"Drilling Machines, Other Than Way",p29,Machinery and equipment n.e.c. (29),1.0
845929,"Drilling Machines, N.E.S. For Drilling Metal",p29,Machinery and equipment n.e.c. (29),1.0
845931,Boring,p29,Machinery and equipment n.e.c. (29),1.0
845939,Boring,p29,Machinery and equipment n.e.c. (29),1.0
845940,"Boring Machines, N.E.S., For Working Metal",p29,Machinery and equipment n.e.c. (29),1.0
845951,"Milling Machines, Knee Type, Numerically Controlled, For Milling Metal",p29,Machinery and equipment n.e.c. (29),1.0
845959,"Knee Type Milling Machines, Other Than Numerically Controlled, For Milling Metal",p29,Machinery and equipment n.e.c. (29),1.0
845961,"Milling Machines, N.E.S., Numerically Controlled, For Milling Metal",p29,Machinery and equipment n.e.c. (29),1.0
845969,"Milling Machines For Milling Metal, N.E.S., Other Than Numerically Controlled",p29,Machinery and equipment n.e.c. (29),1.0
845970,"Machine Tools For Threading Or Tapping By Removing Metal, N.E.S.",p29,Machinery and equipment n.e.c. (29),1.0
846011,Flat,p29,Machinery and equipment n.e.c. (29),1.0
846019,Flat,p29,Machinery and equipment n.e.c. (29),1.0
846021,"Grinding Machines, Numerically Controlled, N.E.S., Positioning In Any One Axis Can Be Set To An Accuracy Of At Least 0.01 Mm, Metalworking",p29,Machinery and equipment n.e.c. (29),1.0
846029,"Grinding Machines, N.E.S., Positioning In Any One Axis Can Be Set To An Accuracy Of At Least 0.01 Mm, Metalworking",p29,Machinery and equipment n.e.c. (29),1.0
846031,"Sharpening (Tool Or Cutter Grinding) Machines, Numerically Controlled, Metalworking",p29,Machinery and equipment n.e.c. (29),1.0
846039,"Sharpening (Tool Or Cutter Grinding) Machines, Other Than Numerically Controlled, Metalworking",p29,Machinery and equipment n.e.c. (29),1.0
846040,"Honing Or Lapping Machines, Metalworking",p29,Machinery and equipment n.e.c. (29),1.0
846090,"Machine Tools For Deburring, Polishing Or Otherwise Finishing Metal, Sintered Carbides Or Cernets By Grinding Stones, Abrasives, Etc., N.E.S.",p29,Machinery and equipment n.e.c. (29),1.0
846110,"Planing Machines, Metalworking",p29,Machinery and equipment n.e.c. (29),1.0
846120,"Shaping Or Slotting Machines, Metalworking",p29,Machinery and equipment n.e.c. (29),1.0
846130,"Broaching Machines, Metalworking",p29,Machinery and equipment n.e.c. (29),1.0
846140,"Gear Cutting, Gear Grinding Or Gear Finishing Machines, Metalworking",p29,Machinery and equipment n.e.c. (29),1.0
846150,Sawing Or Cutting,p29,Machinery and equipment n.e.c. (29),1.0
846190,"Machine Tools Working By Removing Metal, Sintered Metal Carbides Or Cermets, N.E.S.",p29,Machinery and equipment n.e.c. (29),1.0
846210,Forging Or Die,p29,Machinery and equipment n.e.c. (29),1.0
846221,"Machines, Bending, Folding, Straightening Or Flattening Metal (Including Presses), Numerically Controlled",p29,Machinery and equipment n.e.c. (29),1.0
846229,"Machines, Bending, Folding, Straightening Or Flattening Metal (Including Presses), Other Than Numerically Controlled",p29,Machinery and equipment n.e.c. (29),1.0
846231,"Shearing Machines (Including Presses), Other Than Combined Punching And Shearing Machines, Numerically Controlled",p29,Machinery and equipment n.e.c. (29),1.0
846239,"Shearing Machines (Including Presses), Other Than Combined Punching And Shearing Machines, Not Numerically Controlled",p29,Machinery and equipment n.e.c. (29),1.0
846241,"Punching Or Notching Machines (Including Presses), Including Combined Punching And Shearing Machines, Numerically Controlled",p29,Machinery and equipment n.e.c. (29),1.0
846249,"Punching Or Notching Machines, N.E.S. (Including Presses), Including Combined Punching And Shearing Machines (Not Numerically Controlled)",p29,Machinery and equipment n.e.c. (29),1.0
846291,"Presses For Working Metal Or Metal Carbides, N.E.S.",p29,Machinery and equipment n.e.c. (29),1.0
846299,"Presses For Working Metal Or Metal Carbides, N.E.S.",p29,Machinery and equipment n.e.c. (29),1.0
846310,Draw,p29,Machinery and equipment n.e.c. (29),1.0
846320,"Thread Rolling Machines, For Working Metal, Etc.",p29,Machinery and equipment n.e.c. (29),1.0
846330,Machines For Working Wire,p29,Machinery and equipment n.e.c. (29),1.0
846390,"Machine Tools For Working Metals, Sintered Metal Carbides Or Cermets, Without Removing Materials, N.E.S.",p29,Machinery and equipment n.e.c. (29),1.0
846410,"Machine Tools For Working Stone, Ceramics, Concrete, Asbestos",p29,Machinery and equipment n.e.c. (29),1.0
846420,"Machine Tools For Working Stone, Ceramics, Concrete, Asbestos",p29,Machinery and equipment n.e.c. (29),1.0
846490,"Machine Tools For Working Stone, Ceramics, Concrete, Asbestos",p29,Machinery and equipment n.e.c. (29),1.0
846510,"Machine Tools For Working Wood, Cork, Bone, Hard Rubber, Hard Plastic, Etc.(Including Machines For Nailing, Stapling, Glueing, Etc.), N.E.S.",p29,Machinery and equipment n.e.c. (29),1.0
846591,"Machine Tools For Working Wood, Cork, Bone, Hard Rubber, Hard Plastic, Etc.(Including Machines For Nailing, Stapling, Glueing, Etc.), N.E.S.",p29,Machinery and equipment n.e.c. (29),1.0
846592,"Machine Tools For Working Wood, Cork, Bone, Hard Rubber, Hard Plastic, Etc.(Including Machines For Nailing, Stapling, Glueing, Etc.), N.E.S.",p29,Machinery and equipment n.e.c. (29),1.0
846593,"Machine Tools For Working Wood, Cork, Bone, Hard Rubber, Hard Plastic, Etc.(Including Machines For Nailing, Stapling, Glueing, Etc.), N.E.S.",p29,Machinery and equipment n.e.c. (29),1.0
846594,"Machine Tools For Working Wood, Cork, Bone, Hard Rubber, Hard Plastic, Etc.(Including Machines For Nailing, Stapling, Glueing, Etc.), N.E.S.",p29,Machinery and equipment n.e.c. (29),1.0
846595,"Machine Tools For Working Wood, Cork, Bone, Hard Rubber, Hard Plastic, Etc.(Including Machines For Nailing, Stapling, Glueing, Etc.), N.E.S.",p29,Machinery and equipment n.e.c. (29),1.0
846596,"Machine Tools For Working Wood, Cork, Bone, Hard Rubber, Hard Plastic, Etc.(Including Machines For Nailing, Stapling, Glueing, Etc.), N.E.S.",p29,Machinery and equipment n.e.c. (29),1.0
846599,"Machine Tools For Working Wood, Cork, Bone, Hard Rubber, Hard Plastic, Etc.(Including Machines For Nailing, Stapling, Glueing, Etc.), N.E.S.",p29,Machinery and equipment n.e.c. (29),1.0
846610,Tool Holders And Self,p29,Machinery and equipment n.e.c. (29),1.0
846620,Work Holders For Machine Tools,p29,Machinery and equipment n.e.c. (29),1.0
846630,Dividing Heads And Other Special Attachments For Machine Tools,p29,Machinery and equipment n.e.c. (29),1.0
846691,"Parts And Accessories Suitable For Use Solely Or Principally With Machine Tools Specialized For Particular Industries, N.E.S.",p29,Machinery and equipment n.e.c. (29),1.0
846692,"Parts And Accessories Suitable For Use Solely Or Principally With Machine Tools Specialized For Particular Industries, N.E.S.",p29,Machinery and equipment n.e.c. (29),1.0
846693,"Parts, N.E.S., And Accessories Suitable Solely Or Principally For Use With Metalworking Machine Tools Working By Removing Metal Or Other Material",p29,Machinery and equipment n.e.c. (29),1.0
846694,"Parts, N.E.S., And Accessories Suitable Solely Or Principally For Use With Metalworking Machine Tools Working Without Removing Metal Or Other Materi",p29,Machinery and equipment n.e.c. (29),1.0
846711,"Tools For Working In The Hand, Pneumatic",p29,Machinery and equipment n.e.c. (29),1.0
846719,"Tools For Working In The Hand, Pneumatic",p29,Machinery and equipment n.e.c. (29),1.0
846781,"Tools For Working In The Hand, With Self",p29,Machinery and equipment n.e.c. (29),1.0
846789,"Tools For Working In The Hand, With Self",p29,Machinery and equipment n.e.c. (29),1.0
846791,"Parts Of Tools For Working In The Hand, Pneumatic Or With Self",p29,Machinery and equipment n.e.c. (29),1.0
846792,"Parts Of Tools For Working In The Hand, Pneumatic Or With Self",p29,Machinery and equipment n.e.c. (29),1.0
846799,"Parts Of Tools For Working In The Hand, Pneumatic Or With Self",p29,Machinery and equipment n.e.c. (29),1.0
846810,Hand,p29,Machinery and equipment n.e.c. (29),1.0
846820,Gas,p29,Machinery and equipment n.e.c. (29),1.0
846880,"Nonelectric Metalworking Machinery And Apparatus, N.E.S.",p29,Machinery and equipment n.e.c. (29),1.0
846890,"Parts For Machinery And Apparatus For Soldering, Brazing Or Welding, N.E.S. And Parts For Gas",p29,Machinery and equipment n.e.c. (29),1.0
846911,Automatic Typewriters; Word,p30,Office machinery and computers (30),1.0
846912,Automatic Typewriters; Word,p30,Office machinery and computers (30),1.0
846920,"Electric Typewriters, Weighing Not More Than 12 Kgs (Excluding Case), Otherthan Automatic",p30,Office machinery and computers (30),1.0
846930,"Nonelectric Typewriters, Weighing Not More Than 12 Kgs (Excluding Case)",p30,Office machinery and computers (30),1.0
847010,Electronic Calculators Capable Of Operation Without An External Source Of Power,p30,Office machinery and computers (30),1.0
847021,"Calculating Machines, N.E.S.",p30,Office machinery and computers (30),1.0
847029,"Calculating Machines, N.E.S.",p30,Office machinery and computers (30),1.0
847030,"Calculating Machines, N.E.S.",p30,Office machinery and computers (30),1.0
847040,Accounting Machines (Including Bookkeeping Machines),p30,Office machinery and computers (30),1.0
847050,Cash Registers,p30,Office machinery and computers (30),1.0
847090,Postage,p30,Office machinery and computers (30),1.0
847110,Analog Or Hybrid (Analog,p30,Office machinery and computers (30),1.0
847130,"Digital Processng Units Whether Or Not Presented With The Rest Of The System Which May Contain Storage Units, Input Units Or Output Units",p30,Office machinery and computers (30),1.0
847141,Digital Automatic Data Processing Machines Containing In The Same Housing A Central Processing Unit And An Input And Output Unit,p30,Office machinery and computers (30),1.0
847149,"Digital Processng Units Whether Or Not Presented With The Rest Of The System Which May Contain Storage Units, Input Units Or Output Units",p30,Office machinery and computers (30),1.0
847150,"Digital Processng Units Whether Or Not Presented With The Rest Of The System Which May Contain Storage Units, Input Units Or Output Units",p30,Office machinery and computers (30),1.0
847160,Input Or Output Units Whether Or Not Presented With The Rest Of A System And Whether Or Not Containing Storage Units In One Housing In Data Processi,p30,Office machinery and computers (30),1.0
847170,"Storage Units, Whether Or Not Presented With The Rest Of The System For Data Processing",p30,Office machinery and computers (30),1.0
847180,"Data Processing Equipment, N.E.S.",p30,Office machinery and computers (30),1.0
847190,"Data Processing Equipment, N.E.S.",p30,Office machinery and computers (30),1.0
847210,Duplicating Machines,p30,Office machinery and computers (30),1.0
847220,Addressing Machines And Address Plate Embossing Machines,p30,Office machinery and computers (30),1.0
847230,Machines For Sorting Or Folding Mail For Inserting In Envelopes; Machines For Opening Or Closing Mail; Machines Affixing Or Cancelling Postage Stamp,p30,Office machinery and computers (30),1.0
847290,"Office Machines, N.E.S.",p30,Office machinery and computers (30),1.0
847310,Parts Of Typewriters And Word Processing Machines,p30,Office machinery and computers (30),1.0
847321,"Parts Of Office Machines, N.E.S.",p30,Office machinery and computers (30),1.0
847329,"Parts Of Office Machines, N.E.S.",p30,Office machinery and computers (30),1.0
847330,"Parts Of Automatic Data Processing Machines And Units Thereof, Magnetic Or Optical Readers, And Machines For Transcribing And Processing Data N.E.S.",p30,Office machinery and computers (30),1.0
847340,"Parts Of Office Machines, N.E.S.",p30,Office machinery and computers (30),1.0
847350,Parts,p30,Office machinery and computers (30),1.0
847410,"Machinery For Sorting, Screening, Separating Or Washing Earth, Stone, Ores Or Other Mineral Substances, In Solid (Including Powder Or Paste) Form",p29,Machinery and equipment n.e.c. (29),1.0
847420,"Machinery For Crushing Or Grinding Earth, Stone, Ores Or Other Mineral Substances In Solid (Including Powder Or Paste) Form",p29,Machinery and equipment n.e.c. (29),1.0
847431,"Machinery For Mixing Or Kneading Earth, Stone, Ores Or Other Mineral Substances In Solid (Including Powder Or Paste) Form",p29,Machinery and equipment n.e.c. (29),1.0
847432,"Machinery For Mixing Or Kneading Earth, Stone, Ores Or Other Mineral Substances In Solid (Including Powder Or Paste) Form",p29,Machinery and equipment n.e.c. (29),1.0
847439,"Machinery For Mixing Or Kneading Earth, Stone, Ores Or Other Mineral Substances In Solid (Including Powder Or Paste) Form",p29,Machinery and equipment n.e.c. (29),1.0
847480,"Machinery For Agglomerating, Shaping Or Molding Solid Mineral Fuels, Ceramic Pastes, Etc. In Powder Or Paste Form, And For Forming Sand Foundry Mold",p29,Machinery and equipment n.e.c. (29),1.0
847490,"Parts Of Machinery For Sorting, Washing, Crushing Or Mixing Earth, Stone, Ores Etc., And For Shaping Solid Mineral Fuels, Ceramic Pastes Etc.",p29,Machinery and equipment n.e.c. (29),1.0
847510,"Machines For Assembling Electric Or Electronic Lamps, Tubes, Etc. In Glass Envelopes; Machines For Manufacturing Or Hot Working Glass Or Glassware",p29,Machinery and equipment n.e.c. (29),1.0
847521,"Machines For Assembling Electric Or Electronic Lamps, Tubes, Etc. In Glass Envelopes; Machines For Manufacturing Or Hot Working Glass Or Glassware",p29,Machinery and equipment n.e.c. (29),1.0
847529,"Machines For Assembling Electric Or Electronic Lamps, Tubes, Etc. In Glass Envelopes; Machines For Manufacturing Or Hot Working Glass Or Glassware",p29,Machinery and equipment n.e.c. (29),1.0
847590,"Parts For Machines Assembling Electric Or Electronic Lamps, Tubes, Etc.; Parts For Machines Manufacturing Or Hot Working Glass Or Glassware",p29,Machinery and equipment n.e.c. (29),1.0
847621,Automatic Goods,p29,Machinery and equipment n.e.c. (29),1.0
847629,Automatic Goods,p29,Machinery and equipment n.e.c. (29),1.0
847681,Automatic Goods,p29,Machinery and equipment n.e.c. (29),1.0
847689,Automatic Goods,p29,Machinery and equipment n.e.c. (29),1.0
847690,Parts For Automatic Goods,p29,Machinery and equipment n.e.c. (29),1.0
847710,"Machinery For Working Rubber Or Plastics Or For The Manufacture Of Products Made From Rubber Or Plastics, N.E.S.",p29,Machinery and equipment n.e.c. (29),1.0
847720,"Machinery For Working Rubber Or Plastics Or For The Manufacture Of Products Made From Rubber Or Plastics, N.E.S.",p29,Machinery and equipment n.e.c. (29),1.0
847730,"Machinery For Working Rubber Or Plastics Or For The Manufacture Of Products Made From Rubber Or Plastics, N.E.S.",p29,Machinery and equipment n.e.c. (29),1.0
847740,"Machinery For Working Rubber Or Plastics Or For The Manufacture Of Products Made From Rubber Or Plastics, N.E.S.",p29,Machinery and equipment n.e.c. (29),1.0
847751,"Machinery For Working Rubber Or Plastics Or For The Manufacture Of Products Made From Rubber Or Plastics, N.E.S.",p29,Machinery and equipment n.e.c. (29),1.0
847759,"Machinery For Working Rubber Or Plastics Or For The Manufacture Of Products Made From Rubber Or Plastics, N.E.S.",p29,Machinery and equipment n.e.c. (29),1.0
847780,"Machinery For Working Rubber Or Plastics Or For The Manufacture Of Products Made From Rubber Or Plastics, N.E.S.",p29,Machinery and equipment n.e.c. (29),1.0
847790,"Parts Of Machinery For Working Rubber Or Plastics Or Manufacturing Products Made From Rubber Or Plastics, N.E.S.",p29,Machinery and equipment n.e.c. (29),1.0
847810,"Machinery For Preparing Or Making Up Tobacco, N.E.S.",p29,Machinery and equipment n.e.c. (29),1.0
847890,"Parts Of Machinery For Preparing Or Making Up Tobacco, N.E.S.",p29,Machinery and equipment n.e.c. (29),1.0
847910,"Machinery For Public Works, Building Or The Like, N.E.S.",p29,Machinery and equipment n.e.c. (29),1.0
847920,Machinery For The Extraction Or Preparation Of Animal Or Fixed Vegetable Fats And Oils,p29,Machinery and equipment n.e.c. (29),1.0
847930,"Presses For The Manufacture Of Particle Board Or Fiber Building Board Of Wood, Etc.; Machinery For Treating Wood Or Cork, N.E.S.",p29,Machinery and equipment n.e.c. (29),1.0
847940,"Machinery Having Individual Functions, N.E.S.",p29,Machinery and equipment n.e.c. (29),1.0
847950,"Machinery Having Individual Functions, N.E.S.",p29,Machinery and equipment n.e.c. (29),1.0
847960,"Machinery Having Individual Functions, N.E.S.",p29,Machinery and equipment n.e.c. (29),1.0
847981,Machinery For Treating Metal (Including Electric Wire Coil,p29,Machinery and equipment n.e.c. (29),1.0
847982,"Machinery Having Individual Functions, N.E.S.",p29,Machinery and equipment n.e.c. (29),1.0
847989,"Machinery Having Individual Functions, N.E.S.",p29,Machinery and equipment n.e.c. (29),1.0
847990,"Parts, N.E.S., Of Machinery For Public Works Etc., Preparing Animal Or Fixed Vegetable Fats And Oils, And Specialized For Particular Industries N.E.",p29,Machinery and equipment n.e.c. (29),1.0
848010,Molding Boxes For Metal Foundry,p29,Machinery and equipment n.e.c. (29),1.0
848020,Mold Bases (Plates For The Bottom Of Metal Etc. Molds),p29,Machinery and equipment n.e.c. (29),1.0
848030,Molding Patterns,p29,Machinery and equipment n.e.c. (29),1.0
848041,Injection Or Compression Types Of Molds For Metals Or Metal Carbides,p29,Machinery and equipment n.e.c. (29),1.0
848049,"Molds For Metals Or Metal Carbides, N.E.S.",p29,Machinery and equipment n.e.c. (29),1.0
848050,Molds For Glass,p29,Machinery and equipment n.e.c. (29),1.0
848060,Molds For Mineral Materials,p29,Machinery and equipment n.e.c. (29),1.0
848071,Injection Or Compression Types Of Molds For Rubber Or Plastics,p29,Machinery and equipment n.e.c. (29),1.0
848079,"Molds For Rubber Or Plastics, N.E.S.",p29,Machinery and equipment n.e.c. (29),1.0
848110,Pressure,p29,Machinery and equipment n.e.c. (29),1.0
848120,Valves For Oleohydraulic Or Pneumatic Transmissions,p29,Machinery and equipment n.e.c. (29),1.0
848130,Check Valves,p29,Machinery and equipment n.e.c. (29),1.0
848140,Safety Or Relief Valves,p29,Machinery and equipment n.e.c. (29),1.0
848180,"Taps, Cocks, Valves And Similar Appliances, N.E.S.",p29,Machinery and equipment n.e.c. (29),1.0
848190,"Parts For Taps, Cocks, Valves And Similar Appliances For Pipes, Boiler Shells, Tanks, Etc.",p29,Machinery and equipment n.e.c. (29),1.0
848210,Ball Bearings,p29,Machinery and equipment n.e.c. (29),1.0
848220,Tapered Roller Bearings (Including Cone And Tapered Roller Assemblies),p29,Machinery and equipment n.e.c. (29),1.0
848230,Spherical Roller Bearings,p29,Machinery and equipment n.e.c. (29),1.0
848240,Needle Roller Bearings,p29,Machinery and equipment n.e.c. (29),1.0
848250,"Cylindrical Roller Bearings, N.E.S.",p29,Machinery and equipment n.e.c. (29),1.0
848280,"Ball Or Roller Bearings (Including Combined Ball/Roller Bearings), N.E.S.",p29,Machinery and equipment n.e.c. (29),1.0
848291,"Balls, Needles And Rollers (Parts Of Ball And Roller Bearings)",p29,Machinery and equipment n.e.c. (29),1.0
848299,"Parts Of Ball And Roller Bearings, N.E.S.",p29,Machinery and equipment n.e.c. (29),1.0
848310,Transmission Shafts (Including Cam And Crank Shafts) And Cranks,p29,Machinery and equipment n.e.c. (29),1.0
848320,"Bearing Housings, Incorporatng Ball Or Roller Bearings",p29,Machinery and equipment n.e.c. (29),1.0
848330,"Bearing Housings, Not Incorporatng Ball Or Roller Bearings; Plain Shaft Bearings",p29,Machinery and equipment n.e.c. (29),1.0
848340,Gears And Gearing; Ball Screws; Gear Boxes And Other Speed Changers (Including Torque Converters),p29,Machinery and equipment n.e.c. (29),1.0
848350,Flywheels And Pulleys (Including Pulley Blocks),p29,Machinery and equipment n.e.c. (29),1.0
848360,Clutches And Shaft Couplings (Including Universal Joints),p29,Machinery and equipment n.e.c. (29),1.0
848390,"Parts, N.E.S., For Transmission Shafts And Cranks, Bearing Housings, Gears, Gearing, Ball Screws, Gear Boxes, Flywheels And Pulleys, Clutches, Etc.",p29,Machinery and equipment n.e.c. (29),1.0
848410,Gaskets And Similar Joints Of Metal Sheeting Combined With Other Materials Or Layers Of Metal; Sets Or Assortments Of Gaskets And Similar Joints Etc,p29,Machinery and equipment n.e.c. (29),1.0
848420,"Machinery Parts, Not Containing Electrical Connectors, Insulators, Coils, Contacts Or Other Electrical Features, N.E.S.",p29,Machinery and equipment n.e.c. (29),1.0
848490,Gaskets And Similar Joints Of Metal Sheeting Combined With Other Materials Or Layers Of Metal; Sets Or Assortments Of Gaskets And Similar Joints Etc,p29,Machinery and equipment n.e.c. (29),1.0
848510,Ships Or Boats Propellers And Blades Therefor,p28,"Fabricated metal products, except machinery and equipment (28)",1.0
848590,"Machinery Parts, Not Containing Electrical Connectors, Insulators, Coils, Contacts Or Other Electrical Features, N.E.S.",p29,Machinery and equipment n.e.c. (29),1.0
850110,Electric Motors Of An Output Not Exceedng 37.5 W,p31,Electrical machinery and apparatus n.e.c. (31),1.0
850120,"Electric Motors Of An Output Exceeding 37.5 W (Including Universal Ac/Dc Motors), Ac",p31,Electrical machinery and apparatus n.e.c. (31),1.0
850131,"Electric Motors Of An Output Exceeding 37.5 W And Generators, Dc",p31,Electrical machinery and apparatus n.e.c. (31),1.0
850132,"Electric Motors Of An Output Exceeding 37.5 W And Generators, Dc",p31,Electrical machinery and apparatus n.e.c. (31),1.0
850133,"Electric Motors Of An Output Exceeding 37.5 W And Generators, Dc",p31,Electrical machinery and apparatus n.e.c. (31),1.0
850134,"Electric Motors Of An Output Exceeding 37.5 W And Generators, Dc",p31,Electrical machinery and apparatus n.e.c. (31),1.0
850140,"Electric Motors Of An Output Exceeding 37.5 W (Including Universal Ac/Dc Motors), Ac",p31,Electrical machinery and apparatus n.e.c. (31),1.0
850151,"Electric Motors Of An Output Exceeding 37.5 W (Including Universal Ac/Dc Motors), Ac",p31,Electrical machinery and apparatus n.e.c. (31),1.0
850152,"Electric Motors Of An Output Exceeding 37.5 W (Including Universal Ac/Dc Motors), Ac",p31,Electrical machinery and apparatus n.e.c. (31),1.0
850153,"Electric Motors Of An Output Exceeding 37.5 W (Including Universal Ac/Dc Motors), Ac",p31,Electrical machinery and apparatus n.e.c. (31),1.0
850161,"Electric Generators, Ac",p31,Electrical machinery and apparatus n.e.c. (31),1.0
850162,"Electric Generators, Ac",p31,Electrical machinery and apparatus n.e.c. (31),1.0
850163,"Electric Generators, Ac",p31,Electrical machinery and apparatus n.e.c. (31),1.0
850164,"Electric Generators, Ac",p31,Electrical machinery and apparatus n.e.c. (31),1.0
850211,Electric Generating Sets With Internal Combustion Piston Engines,p31,Electrical machinery and apparatus n.e.c. (31),1.0
850212,Electric Generating Sets With Internal Combustion Piston Engines,p31,Electrical machinery and apparatus n.e.c. (31),1.0
850213,Electric Generating Sets With Internal Combustion Piston Engines,p31,Electrical machinery and apparatus n.e.c. (31),1.0
850220,Electric Generating Sets With Internal Combustion Piston Engines,p31,Electrical machinery and apparatus n.e.c. (31),1.0
850231,"Electric Generating Sets, N.E.S",p31,Electrical machinery and apparatus n.e.c. (31),1.0
850239,"Electric Generating Sets, N.E.S",p31,Electrical machinery and apparatus n.e.c. (31),1.0
850240,Electric Rotary Converters,p31,Electrical machinery and apparatus n.e.c. (31),1.0
850300,"Parts N.E.S. For Use Solely Or Principally With Electric Motors, Electric Generators, Electric Generating Sets And Rotary Converters",p31,Electrical machinery and apparatus n.e.c. (31),1.0
850410,Ballasts For Discharge Lamps Or Tubes,p31,Electrical machinery and apparatus n.e.c. (31),1.0
850421,Liquid Dielectric Transformers,p31,Electrical machinery and apparatus n.e.c. (31),1.0
850422,Liquid Dielectric Transformers,p31,Electrical machinery and apparatus n.e.c. (31),1.0
850423,Liquid Dielectric Transformers,p31,Electrical machinery and apparatus n.e.c. (31),1.0
850431,"Electric Transformers, N.E.S.",p31,Electrical machinery and apparatus n.e.c. (31),1.0
850432,"Electric Transformers, N.E.S.",p31,Electrical machinery and apparatus n.e.c. (31),1.0
850433,"Electric Transformers, N.E.S.",p31,Electrical machinery and apparatus n.e.c. (31),1.0
850434,"Electric Transformers, N.E.S.",p31,Electrical machinery and apparatus n.e.c. (31),1.0
850440,"Static Converters (E.G., Rectifiers)",p31,Electrical machinery and apparatus n.e.c. (31),1.0
850450,"Electrical Inductors, N.E.S.",p31,Electrical machinery and apparatus n.e.c. (31),1.0
850490,"Parts Of Electric Power Machinery (Other Than Rotating Electric Power Generating Machinery And Equipment), And Parts Thereof",p31,Electrical machinery and apparatus n.e.c. (31),1.0
850511,"Electromagnets; Permanent Magnets And Articles To Be Permanent After Magnetization; Electromagnetic Or Permanent Magnet Chucks, Clamps Etc.; Parts",p31,Electrical machinery and apparatus n.e.c. (31),1.0
850519,"Electromagnets; Permanent Magnets And Articles To Be Permanent After Magnetization; Electromagnetic Or Permanent Magnet Chucks, Clamps Etc.; Parts",p31,Electrical machinery and apparatus n.e.c. (31),1.0
850520,"Electromagnets; Permanent Magnets And Articles To Be Permanent After Magnetization; Electromagnetic Or Permanent Magnet Chucks, Clamps Etc.; Parts",p31,Electrical machinery and apparatus n.e.c. (31),1.0
850530,"Electromagnets; Permanent Magnets And Articles To Be Permanent After Magnetization; Electromagnetic Or Permanent Magnet Chucks, Clamps Etc.; Parts",p31,Electrical machinery and apparatus n.e.c. (31),1.0
850590,"Electromagnets; Permanent Magnets And Articles To Be Permanent After Magnetization; Electromagnetic Or Permanent Magnet Chucks, Clamps Etc.; Parts",p31,Electrical machinery and apparatus n.e.c. (31),1.0
850610,Primary Cells And Primary Batteries,p31,Electrical machinery and apparatus n.e.c. (31),1.0
850630,Primary Cells And Primary Batteries,p31,Electrical machinery and apparatus n.e.c. (31),1.0
850640,Primary Cells And Primary Batteries,p31,Electrical machinery and apparatus n.e.c. (31),1.0
850650,Primary Cells And Primary Batteries,p31,Electrical machinery and apparatus n.e.c. (31),1.0
850660,Primary Cells And Primary Batteries,p31,Electrical machinery and apparatus n.e.c. (31),1.0
850680,Primary Cells And Primary Batteries,p31,Electrical machinery and apparatus n.e.c. (31),1.0
850690,Parts Of Primary Cells And Primary Batteries,p31,Electrical machinery and apparatus n.e.c. (31),1.0
850710,Electric Accumulators (Storage Batteries),p31,Electrical machinery and apparatus n.e.c. (31),1.0
850720,Electric Accumulators (Storage Batteries),p31,Electrical machinery and apparatus n.e.c. (31),1.0
850730,Electric Accumulators (Storage Batteries),p31,Electrical machinery and apparatus n.e.c. (31),1.0
850740,Electric Accumulators (Storage Batteries),p31,Electrical machinery and apparatus n.e.c. (31),1.0
850780,Electric Accumulators (Storage Batteries),p31,Electrical machinery and apparatus n.e.c. (31),1.0
850790,Parts Of Electric Accumulators,p31,Electrical machinery and apparatus n.e.c. (31),1.0
850910,"Vacuum Cleaners And Floor Polishers, Electromechanical, Domestic, With Self",p29,Machinery and equipment n.e.c. (29),1.0
850920,"Vacuum Cleaners And Floor Polishers, Electromechanical, Domestic, With Self",p29,Machinery and equipment n.e.c. (29),1.0
850930,Electromechanical Domestic Appliances With Self,p29,Machinery and equipment n.e.c. (29),1.0
850940,"Food Grinders And Mixers; Fruit Or Vegetable Juice Extractors, Electromechanical, Domestic",p29,Machinery and equipment n.e.c. (29),1.0
850980,Electromechanical Domestic Appliances With Self,p29,Machinery and equipment n.e.c. (29),1.0
850990,Parts Of Electromechanical Domestic Appliances With Self,p29,Machinery and equipment n.e.c. (29),1.0
851010,"Shavers, Self",p29,Machinery and equipment n.e.c. (29),1.0
851020,"Hair Clippers, Self",p29,Machinery and equipment n.e.c. (29),1.0
851030,Electromechanical Domestic Appliances With Self,p29,Machinery and equipment n.e.c. (29),1.0
851090,Parts Of Shavers And Hair Clippers With Self,p29,Machinery and equipment n.e.c. (29),1.0
851110,Electrical Ignition Or Starting Equipment Used For Spark,p31,Electrical machinery and apparatus n.e.c. (31),1.0
851120,Electrical Ignition Or Starting Equipment Used For Spark,p31,Electrical machinery and apparatus n.e.c. (31),1.0
851130,Electrical Ignition Or Starting Equipment Used For Spark,p31,Electrical machinery and apparatus n.e.c. (31),1.0
851140,Electrical Ignition Or Starting Equipment Used For Spark,p31,Electrical machinery and apparatus n.e.c. (31),1.0
851150,Electrical Ignition Or Starting Equipment Used For Spark,p31,Electrical machinery and apparatus n.e.c. (31),1.0
851180,Electrical Ignition Or Starting Equipment Used For Spark,p31,Electrical machinery and apparatus n.e.c. (31),1.0
851190,Parts Of Electrical Ignition Or Starting Equipment For Internal Combustion Engines; Parts Of Generators And Cut Outs Used With Those Engines,p31,Electrical machinery and apparatus n.e.c. (31),1.0
851210,"Electrical Lighting And Signaling Equipment (Excluding Filament, Discharge Or Arc Lamps); Windshield Wipers, Defrosters And Demisters For Cycles, Et",p31,Electrical machinery and apparatus n.e.c. (31),1.0
851220,"Electrical Lighting And Signaling Equipment (Excluding Filament, Discharge Or Arc Lamps); Windshield Wipers, Defrosters And Demisters For Cycles, Et",p31,Electrical machinery and apparatus n.e.c. (31),1.0
851230,"Electrical Lighting And Signaling Equipment (Excluding Filament, Discharge Or Arc Lamps); Windshield Wipers, Defrosters And Demisters For Cycles, Et",p31,Electrical machinery and apparatus n.e.c. (31),1.0
851240,"Electrical Lighting And Signaling Equipment (Excluding Filament, Discharge Or Arc Lamps); Windshield Wipers, Defrosters And Demisters For Cycles, Et",p31,Electrical machinery and apparatus n.e.c. (31),1.0
851290,"Parts Of Electrical Lighting And Signaling Equipment (Excluding Filament, Discharge Or Arc Lamps); Parts Of Windshield Wipers, Defrosters Or Demiste",p31,Electrical machinery and apparatus n.e.c. (31),1.0
851310,"Portable Electric Lamps Designed To Function On Own Energy Source (Dry Batteries, Storage Batteries, Magnetos), Except Lamps For Motor Vehicles, Etc",p31,Electrical machinery and apparatus n.e.c. (31),1.0
851390,"Parts Of Portable Electric Lamps Designed To Function On Their Own Energy Sources (Batteries Etc.), Other Than For Motor Vehicles, Etc.",p31,Electrical machinery and apparatus n.e.c. (31),1.0
851410,Resistance Heated Furnaces And Ovens,p29,Machinery and equipment n.e.c. (29),1.0
851420,Induction Or Dielectric Furnaces And Ovens,p29,Machinery and equipment n.e.c. (29),1.0
851430,"Electric Industrial Or Laboratory Furnaces And Ovens, N.E.S.",p29,Machinery and equipment n.e.c. (29),1.0
851440,"Induction Or Dielectric Heating Equipment, N.E.S.",p29,Machinery and equipment n.e.c. (29),1.0
851490,"Parts For Electric Industrial Or Laboratory Furnaces And Ovens, Etc.",p29,Machinery and equipment n.e.c. (29),1.0
851511,Soldering Irons And Guns,p29,Machinery and equipment n.e.c. (29),1.0
851519,"Brazing Or Soldering Machines And Apparatus, N.E.S.",p29,Machinery and equipment n.e.c. (29),1.0
851521,"Machines And Apparatus For Resistance Welding Of Metal, Fully Or Partly Au Tomatic",p29,Machinery and equipment n.e.c. (29),1.0
851529,"Machines And Apparatus For Resistance Welding Of Metal, N.E.S.",p29,Machinery and equipment n.e.c. (29),1.0
851531,"Machines And Apparatus For Arc (Including Plasma Arc) Welding Of Metal, Fully Or Partly Automatic",p29,Machinery and equipment n.e.c. (29),1.0
851539,"Machines And Apparatus For Arc Welding Of Metal, N.E.S.",p29,Machinery and equipment n.e.c. (29),1.0
851580,"Electric Metalworking Machines And Apparatus, N.E.S.",p29,Machinery and equipment n.e.c. (29),1.0
851590,"Parts For Electric Laser, Other Light Or Photon Beam, Ultrasonic Etc. Soldering, Brazing Or Welding Machines And Apparatus For Hot Metal Etc. Sprayi",p29,Machinery and equipment n.e.c. (29),1.0
851610,Electric Instantaneous Or Storage Water Heaters And Immersion Heaters,p29,Machinery and equipment n.e.c. (29),1.0
851621,Electric Space Heating And Electric Soil Heating Apparatus,p29,Machinery and equipment n.e.c. (29),1.0
851629,Electric Space Heating And Electric Soil Heating Apparatus,p29,Machinery and equipment n.e.c. (29),1.0
851631,Electrothermic Hairdressing Or Hand,p29,Machinery and equipment n.e.c. (29),1.0
851632,Electrothermic Hairdressing Or Hand,p29,Machinery and equipment n.e.c. (29),1.0
851633,Electrothermic Hairdressing Or Hand,p29,Machinery and equipment n.e.c. (29),1.0
851640,Electric Smoothing Irons,p29,Machinery and equipment n.e.c. (29),1.0
851650,"Electric Ovens And Cookers, Cooking Plates, Boiling Rings, Grillers And Roasters",p29,Machinery and equipment n.e.c. (29),1.0
851660,"Electric Ovens And Cookers, Cooking Plates, Boiling Rings, Grillers And Roasters",p29,Machinery and equipment n.e.c. (29),1.0
851671,"Electrothermic Domestic Appliances, N.E.S.",p29,Machinery and equipment n.e.c. (29),1.0
851672,"Electrothermic Domestic Appliances, N.E.S.",p29,Machinery and equipment n.e.c. (29),1.0
851679,"Electrothermic Domestic Appliances, N.E.S.",p29,Machinery and equipment n.e.c. (29),1.0
851680,Electric Heating Resistors (Other Than Carbon),p29,Machinery and equipment n.e.c. (29),1.0
851690,Parts Of Electrothermic Appliances N.E.S.,p29,Machinery and equipment n.e.c. (29),1.0
851711,Telephone Sets,p32,"Radio, television and communication equipment and apparatus (32)",1.0
851719,Telephone Sets,p32,"Radio, television and communication equipment and apparatus (32)",1.0
851721,Line telephone etc.equip,p32,"Radio, television and communication equipment and apparatus (32)",1.0
851722,Teleprinters,p32,"Radio, television and communication equipment and apparatus (32)",1.0
851730,Telephonic Or Telegraphic Switching Apparatus,p32,"Radio, television and communication equipment and apparatus (32)",1.0
851750,Line telephone etc.equip,p32,"Radio, television and communication equipment and apparatus (32)",1.0
851780,"Telephonic Or Telegraphic Apparatus, N.E.S.",p32,"Radio, television and communication equipment and apparatus (32)",1.0
851790,Parts Of Electrical Apparatus For Line Telephony Or Line Telegraphy (Including Apparatus For Carrier,p32,"Radio, television and communication equipment and apparatus (32)",1.0
851810,Microphones And Stands Therefor,p32,"Radio, television and communication equipment and apparatus (32)",1.0
851821,"Loudspeakers, Mounted In Their Enclosures",p32,"Radio, television and communication equipment and apparatus (32)",1.0
851822,"Loudspeakers, Mounted In Their Enclosures",p32,"Radio, television and communication equipment and apparatus (32)",1.0
851829,Loudspeakers Not Mounted In Their Enclosures,p32,"Radio, television and communication equipment and apparatus (32)",1.0
851830,"Headphones, Earphones And Combined Microphone/Speaker Sets",p32,"Radio, television and communication equipment and apparatus (32)",1.0
851840,Audio,p32,"Radio, television and communication equipment and apparatus (32)",1.0
851850,Electric Sound Amplifier Sets,p32,"Radio, television and communication equipment and apparatus (32)",1.0
851890,"Parts Of Microphones, Loudspeakers, Headphones, Earphones And Combined Microphone/Speaker Sets; Audio",p32,"Radio, television and communication equipment and apparatus (32)",1.0
851910,"Record Players, Coin",p32,"Radio, television and communication equipment and apparatus (32)",1.0
851921,"Record Players, N.E.S. (Other Than Coin",p32,"Radio, television and communication equipment and apparatus (32)",1.0
851929,"Record Players, N.E.S. (Other Than Coin",p32,"Radio, television and communication equipment and apparatus (32)",1.0
851931,Turntables (Record,p32,"Radio, television and communication equipment and apparatus (32)",1.0
851939,Turntables (Record,p32,"Radio, television and communication equipment and apparatus (32)",1.0
851940,Transcribing Machines,p32,"Radio, television and communication equipment and apparatus (32)",1.0
851992,"Sound Reproducing Apparatus, N.E.S.",p32,"Radio, television and communication equipment and apparatus (32)",1.0
851993,"Sound Reproducing Apparatus, N.E.S.",p32,"Radio, television and communication equipment and apparatus (32)",1.0
851999,"Sound Reproducing Apparatus, N.E.S.",p32,"Radio, television and communication equipment and apparatus (32)",1.0
852010,"Sound Recording Apparatus, Whether Or Not Incorporating A Sound Reproducing Device",p32,"Radio, television and communication equipment and apparatus (32)",1.0
852020,"Sound Recording Apparatus, Whether Or Not Incorporating A Sound Reproducing Device",p32,"Radio, television and communication equipment and apparatus (32)",1.0
852032,"Sound Recording Apparatus, Whether Or Not Incorporating A Sound Reproducing Device",p32,"Radio, television and communication equipment and apparatus (32)",1.0
852033,"Sound Recording Apparatus, Whether Or Not Incorporating A Sound Reproducing Device",p32,"Radio, television and communication equipment and apparatus (32)",1.0
852039,"Sound Recording Apparatus, Whether Or Not Incorporating A Sound Reproducing Device",p32,"Radio, television and communication equipment and apparatus (32)",1.0
852090,"Sound Recording Apparatus, Whether Or Not Incorporating A Sound Reproducing Device",p32,"Radio, television and communication equipment and apparatus (32)",1.0
852110,"Video Recording Or Reproducing Apparatus, Whether Or Not Incorporating A Video Tuner",p32,"Radio, television and communication equipment and apparatus (32)",1.0
852190,"Video Recording Or Reproducing Apparatus, Whether Or Not Incorporating A Video Tuner",p32,"Radio, television and communication equipment and apparatus (32)",1.0
852210,Parts Of The Apparatus For Sound Recorders Or Reproducers And Parts Of Television Image And Sound Recorders Or Reproducers,p32,"Radio, television and communication equipment and apparatus (32)",1.0
852290,Parts Of The Apparatus For Sound Recorders Or Reproducers And Parts Of Television Image And Sound Recorders Or Reproducers,p32,"Radio, television and communication equipment and apparatus (32)",1.0
852311,"Magnetic Tapes For Sound Recording Or Similar Recording Of Other Phenomena, Of A Width Not Exceeding 4 Mm",p24.d,Chemicals nec,1.0
852312,"Magnetic Tapes For Sound Recording Or Similar Recording Of Other Phenomena, Of A Width Exceeding 4 Mm But Not Exceeding 6.5 Mm",p24.d,Chemicals nec,1.0
852313,"Magnetic Tapes For Sound Recording Or Similar Recording Of Other Phenomena, Of A Width Exceeding 6.5 Mm",p24.d,Chemicals nec,1.0
852320,Magnetic Discs For Sound Recording Or Similar Recording Of Other Phenomena,p24.d,Chemicals nec,1.0
852330,"Prepared Unrecorded Media, N.E.S. (Other Than Magnetic Tape, Photographic Film And Magnetic Disks)",p24.d,Chemicals nec,1.0
852390,"Prepared Unrecorded Media, N.E.S. (Other Than Magnetic Tape, Photographic Film And Magnetic Disks)",p24.d,Chemicals nec,1.0
852410,"Phonograph Records, Recorded",p22,Printed matter and recorded media (22),1.0
852431,"Recorded Media, N.E.S., Sound Or Similarly Recorded Phenomena",p22,Printed matter and recorded media (22),1.0
852432,"Recorded Media, N.E.S., Sound Or Similarly Recorded Phenomena",p22,Printed matter and recorded media (22),1.0
852439,"Recorded Media, N.E.S., Sound Or Similarly Recorded Phenomena",p22,Printed matter and recorded media (22),1.0
852440,Magnetic tapes,p22,Printed matter and recorded media (22),1.0
852451,"Magnetic Tapes, Recorded, Of A Width Not Exceeding 4 Mm",p22,Printed matter and recorded media (22),1.0
852452,"Magnetic Tapes, Recorded, Of A Width Exceeding 4 Mm But Not Exceeding 6.5 Mm",p22,Printed matter and recorded media (22),1.0
852453,"Magnetic Tapes, Recorded, Of A Width Exceeding 6.5 Mm",p22,Printed matter and recorded media (22),1.0
852460,"Recorded Media, N.E.S., Sound Or Similarly Recorded Phenomena",p22,Printed matter and recorded media (22),1.0
852491,"Recorded Media, N.E.S., Sound Or Similarly Recorded Phenomena",p22,Printed matter and recorded media (22),1.0
852499,"Recorded Media, N.E.S., Sound Or Similarly Recorded Phenomena",p22,Printed matter and recorded media (22),1.0
852510,"Transmission Apparatus For Radiotelephony, Radiotelegraphy, Radiobroadcasting Or Television, Not Incorporating Reception Apparatus",p32,"Radio, television and communication equipment and apparatus (32)",1.0
852520,"Transmission Apparatus For Radiotelephony, Radiotelegraphy, Radiobroadcasting Or Television, Incorporating Reception Apparatus",p32,"Radio, television and communication equipment and apparatus (32)",1.0
852530,Television Cameras,p32,"Radio, television and communication equipment and apparatus (32)",1.0
852540,"Video Recording Or Reproducing Apparatus, Whether Or Not Incorporating A Video Tuner",p32,"Radio, television and communication equipment and apparatus (32)",1.0
852610,"Radar Apparatus, Radio Navigational Aid Apparatus And Radio Remote Control Apparatus",p33,"Medical, precision and optical instruments, watches and clocks (33)",1.0
852691,"Radar Apparatus, Radio Navigational Aid Apparatus And Radio Remote Control Apparatus",p33,"Medical, precision and optical instruments, watches and clocks (33)",1.0
852692,"Radar Apparatus, Radio Navigational Aid Apparatus And Radio Remote Control Apparatus",p33,"Medical, precision and optical instruments, watches and clocks (33)",1.0
852712,"Radiobroadcast Receivers, Combined With Sound Recording Or Reproducing Apparatus, Operating Without An External Power Source",p32,"Radio, television and communication equipment and apparatus (32)",1.0
852713,"Radiobroadcast Receivers, Combined With Sound Recording Or Reproducing Apparatus, Operating Without An External Power Source",p32,"Radio, television and communication equipment and apparatus (32)",1.0
852719,"Radiobroadcast Receivers, Not Combined With Sound Recording Or Reproducing Apparatus, Operating Without An External Power Source",p32,"Radio, television and communication equipment and apparatus (32)",1.0
852721,"Radiobroadcast Receivers, Combined With Sound Recording Or Reproducing Apparatus, Operating With An External Power Source As In Motor Vehicles",p32,"Radio, television and communication equipment and apparatus (32)",1.0
852729,"Radiobroadcast Receivers, Not Combined With Sound Recording Or Reproducing Apparatus, Operating With An External Power Source As In Motor Vehicles",p32,"Radio, television and communication equipment and apparatus (32)",1.0
852731,"Radiobroadcast Receivers, Combined With Sound Recording Or Reproducing Apparatus, Etc., N.E.S.",p32,"Radio, television and communication equipment and apparatus (32)",1.0
852732,"Radiobroadcast Receivers, Not Combined With Sound Recording Or Reproducing Apparatus, But Combined With A Clock, Etc. N.E.S.",p32,"Radio, television and communication equipment and apparatus (32)",1.0
852739,"Radiobroadcast Receivers, Not Combined With Sound Recording Or Reproducing Apparatus Nor With A Clock, Etc., N.E.S.",p32,"Radio, television and communication equipment and apparatus (32)",1.0
852790,"Reception Apparatus For Radiotelephony Or Radiotelegraphy, N.E.S.",p32,"Radio, television and communication equipment and apparatus (32)",1.0
852812,"TV Receivers, Color, Incl Video Monitors & Projectors), Whet Or Nt Incorp Radiobroadcast Receivers Or Sound Or Video Recordng Or Reproducing Apparat",p32,"Radio, television and communication equipment and apparatus (32)",1.0
852813,"TV Receivrs, Black/White R Oth Monochrone (Incl Video Monitrs & Projctrs), Wheth Incorp Radio",p32,"Radio, television and communication equipment and apparatus (32)",1.0
852821,"TV Receivers, Color, Incl Video Monitors & Projectors), Whet Or Nt Incorp Radiobroadcast Receivers Or Sound Or Video Recordng Or Reproducing Apparat",p32,"Radio, television and communication equipment and apparatus (32)",1.0
852822,"TV Receivrs, Black/White R Oth Monochrone (Incl Video Monitrs & Projctrs), Wheth Incorp Radio",p32,"Radio, television and communication equipment and apparatus (32)",1.0
852830,"TV Receivers, Color, Incl Video Monitors & Projectors), Whet Or Nt Incorp Radiobroadcast Receivers Or Sound Or Video Recordng Or Reproducing Apparat",p32,"Radio, television and communication equipment and apparatus (32)",1.0
852910,"Parts Of Television Receivers, Radiobroadcast Receivers, Transmission Apparatus For Radio Telephony, Telegraphy, Broadcasting Or Television Etc.",p32,"Radio, television and communication equipment and apparatus (32)",1.0
852990,"Parts Of Television Receivers, Radiobroadcast Receivers, Transmission Apparatus For Radio Telephony, Telegraphy, Broadcasting Or Television Etc.",p32,"Radio, television and communication equipment and apparatus (32)",1.0
853010,"Electrical Signaling, Safety, Or Traffic Control Equipment For Railways, Tramways, Roads, Waterways, Parking Facilities, Port Installations, Etc.",p31,Electrical machinery and apparatus n.e.c. (31),1.0
853080,"Electrical Signaling, Safety, Or Traffic Control Equipment For Railways, Tramways, Roads, Waterways, Parking Facilities, Port Installations, Etc.",p31,Electrical machinery and apparatus n.e.c. (31),1.0
853090,"Parts Of Electrical Signaling, Safety Or Traffic Control Equipment For Railways, Tramways, Roads, Waterways, Parking Facilities, Etc.",p31,Electrical machinery and apparatus n.e.c. (31),1.0
853110,"Electric Sound Or Visual Signaling Apparatus, N.E.S., Including Sirens, Indicator Panels, Burglar And Fire Alarms",p31,Electrical machinery and apparatus n.e.c. (31),1.0
853120,"Electric Sound Or Visual Signaling Apparatus, N.E.S., Including Sirens, Indicator Panels, Burglar And Fire Alarms",p31,Electrical machinery and apparatus n.e.c. (31),1.0
853180,"Electric Sound Or Visual Signaling Apparatus, N.E.S., Including Sirens, Indicator Panels, Burglar And Fire Alarms",p31,Electrical machinery and apparatus n.e.c. (31),1.0
853190,"Parts Of Electric Sound Or Visual Signaling Apparatus, N.E.S. (Including Parts Of Indicator Panels, Burlgar And Fire Alarms)",p31,Electrical machinery and apparatus n.e.c. (31),1.0
853210,Fixed Capacitors Designed For Use In 50/60 Hz Circuits And Having A Reactive Power Handling Capacity Of Not Less Than 0.5 Kvar (Power Capacitors),p32,"Radio, television and communication equipment and apparatus (32)",1.0
853221,Tantalum Fixed Capacitors,p32,"Radio, television and communication equipment and apparatus (32)",1.0
853222,Aluminum Electrolytic Fixed Capacitors,p32,"Radio, television and communication equipment and apparatus (32)",1.0
853223,"Ceramic Dielectric Fixed Capacitors, Single Layer",p32,"Radio, television and communication equipment and apparatus (32)",1.0
853224,"Ceramic Dielectric Fixed Capacitors, Multilayer",p32,"Radio, television and communication equipment and apparatus (32)",1.0
853225,Paper Or Plastics Dielectric Fixed Capacitors,p32,"Radio, television and communication equipment and apparatus (32)",1.0
853229,"Fixed Capacitors, N.E.S.",p32,"Radio, television and communication equipment and apparatus (32)",1.0
853230,Variable Or Adjustable (Pre,p32,"Radio, television and communication equipment and apparatus (32)",1.0
853290,Parts Of Electrical Capacitors,p32,"Radio, television and communication equipment and apparatus (32)",1.0
853310,"Fixed Carbon Electrical Resistors, Composition Or Film Types",p32,"Radio, television and communication equipment and apparatus (32)",1.0
853321,"Fixed Electrical Resistors, N.E.S",p32,"Radio, television and communication equipment and apparatus (32)",1.0
853329,"Fixed Electrical Resistors, N.E.S",p32,"Radio, television and communication equipment and apparatus (32)",1.0
853331,Wirewound Electrical Variable Resistors (Including Rheostats And Potentiometers),p32,"Radio, television and communication equipment and apparatus (32)",1.0
853339,Wirewound Electrical Variable Resistors (Including Rheostats And Potentiometers),p32,"Radio, television and communication equipment and apparatus (32)",1.0
853340,"Variable Electrical Resistors (Including Reostats And Potentiometers), N.E.S.",p32,"Radio, television and communication equipment and apparatus (32)",1.0
853390,"Parts For The Electrical Resistors (Including Rheostats And Potentiometers), Other Than Heating Resistors; And Parts Thereof",p32,"Radio, television and communication equipment and apparatus (32)",1.0
853400,Printed Circuits,p32,"Radio, television and communication equipment and apparatus (32)",1.0
853510,"Fuses For Electrical Apparatus Used With Circuits Exceeding 1,000 Volts",p31,Electrical machinery and apparatus n.e.c. (31),1.0
853521,Automatic Circuit Breakers For A Voltage Of Less Than 72.5 Kv,p31,Electrical machinery and apparatus n.e.c. (31),1.0
853529,Automatic Circuit Breakers For A Voltage Of 72.5 Kv Or Greater,p31,Electrical machinery and apparatus n.e.c. (31),1.0
853530,Electrical Isolating Switches And Make,p31,Electrical machinery and apparatus n.e.c. (31),1.0
853540,"Lightning Arresters, Voltage Limiters And Surge Suppressors For A Voltage Exceeding 1,000 Volts",p31,Electrical machinery and apparatus n.e.c. (31),1.0
853590,"Electrical Apparatus For Switching Or Protecting Electrical Circuits, Or Making Connections To Or In Electrical Circuits N.E.S., Exceeding 1,000 Vol",p31,Electrical machinery and apparatus n.e.c. (31),1.0
853610,"Fuses For Electrical Apparatus Used With Circuits Not Exceeding 1,000 Volts",p31,Electrical machinery and apparatus n.e.c. (31),1.0
853620,"Automatic Circuit Breakers For A Voltage Not Exceeding 1,000 Volts",p31,Electrical machinery and apparatus n.e.c. (31),1.0
853630,"Apparatus For Protecting Electrical Circuits, N.E.S., Not Exceeding 1,000 Volts",p31,Electrical machinery and apparatus n.e.c. (31),1.0
853641,"Relays For Electrical Apparatus Used With Electrical Circuits Not Exceeding 1,000 Volts",p31,Electrical machinery and apparatus n.e.c. (31),1.0
853649,"Relays For Electrical Apparatus Used With Electrical Circuits Not Exceeding 1,000 Volts",p31,Electrical machinery and apparatus n.e.c. (31),1.0
853650,"Switches For Electrical Apparatus, N.E.S., For Voltages Not Exceeding 1,000 Volts",p31,Electrical machinery and apparatus n.e.c. (31),1.0
853661,"Electric Lamp Holders, For Voltages Not Exceeding 1,000 Volt",p31,Electrical machinery and apparatus n.e.c. (31),1.0
853669,"Electric Plugs And Sockets, For Voltages Not Exceeding 1,000 Volts",p31,Electrical machinery and apparatus n.e.c. (31),1.0
853690,"Electrical Apparatus For Switching Or Protecting Electrical Circuits Or Making Connections To Or In Electrical Circuits, N.E.S., Not Exceeding 1,000",p31,Electrical machinery and apparatus n.e.c. (31),1.0
853710,"Boards, Panels, Consoles And Other Bases, For Electric Control Or Distribution Of Electricity, For A Voltage Not Exceeding 1,000 Volts",p31,Electrical machinery and apparatus n.e.c. (31),1.0
853720,"Boards, Panels, Consoles And Other Bases, For Electric Control Or Distribution Of Electricity, For A Voltage Exceeding 1,000 Volts",p31,Electrical machinery and apparatus n.e.c. (31),1.0
853810,"Boards, Panels, Consoles, Desk, Cabinets And Other Bases Not Equipped With Their Electrical Apparatus",p31,Electrical machinery and apparatus n.e.c. (31),1.0
853890,"Parts Of Electrical Apparatus For Switching Or Protecting Electrical Circuits For Making Connections To Or In Electrical Circuits, N.E.S.",p31,Electrical machinery and apparatus n.e.c. (31),1.0
853910,Sealed Beam Lamp Units,p31,Electrical machinery and apparatus n.e.c. (31),1.0
853921,"Filament Lamps (Other Than Flashbulbs, Infrared And Ultraviolet Lamps And Sealed Beam Lamp Units)",p31,Electrical machinery and apparatus n.e.c. (31),1.0
853922,"Filament Lamps (Other Than Flashbulbs, Infrared And Ultraviolet Lamps And Sealed Beam Lamp Units)",p31,Electrical machinery and apparatus n.e.c. (31),1.0
853929,"Filament Lamps (Other Than Flashbulbs, Infrared And Ultraviolet Lamps And Sealed Beam Lamp Units)",p31,Electrical machinery and apparatus n.e.c. (31),1.0
853931,Discharge Lamps (Other Than Ultraviolet Lamps),p31,Electrical machinery and apparatus n.e.c. (31),1.0
853932,Discharge Lamps (Other Than Ultraviolet Lamps),p31,Electrical machinery and apparatus n.e.c. (31),1.0
853939,Discharge Lamps (Other Than Ultraviolet Lamps),p31,Electrical machinery and apparatus n.e.c. (31),1.0
853941,Ultraviolet Or Infrared Lamps; Arc Lamps,p31,Electrical machinery and apparatus n.e.c. (31),1.0
853949,Ultraviolet Or Infrared Lamps; Arc Lamps,p31,Electrical machinery and apparatus n.e.c. (31),1.0
853990,Parts Of Electric Filament Or Discharge Lamps (Including Parts Of Sealed Beam Lamp Units And Ultraviolet Or Infrared Lamps) And Arc Lamps,p31,Electrical machinery and apparatus n.e.c. (31),1.0
854011,"Television Picture Tubes, Color",p32,"Radio, television and communication equipment and apparatus (32)",1.0
854012,"Television Picture Tubes, Black And White Or Other Monochrome",p32,"Radio, television and communication equipment and apparatus (32)",1.0
854020,Television Camera Tubes; Image Converters And Intensifiers; Other Photocathode Tubes,p32,"Radio, television and communication equipment and apparatus (32)",1.0
854040,Cathode Ray,p32,"Radio, television and communication equipment and apparatus (32)",1.0
854050,Cathode Ray,p32,"Radio, television and communication equipment and apparatus (32)",1.0
854060,Cathode Ray,p32,"Radio, television and communication equipment and apparatus (32)",1.0
854071,Microwave Tubes (Excluding Grid,p32,"Radio, television and communication equipment and apparatus (32)",1.0
854072,Microwave Tubes (Excluding Grid,p32,"Radio, television and communication equipment and apparatus (32)",1.0
854079,Microwave Tubes (Excluding Grid,p32,"Radio, television and communication equipment and apparatus (32)",1.0
854081,"Electronic Valves And Tubes, N.E.S.",p32,"Radio, television and communication equipment and apparatus (32)",1.0
854089,"Electronic Valves And Tubes, N.E.S.",p32,"Radio, television and communication equipment and apparatus (32)",1.0
854091,Parts Of Television Picture Tubes And Other Electronic Valves And Tubes,p32,"Radio, television and communication equipment and apparatus (32)",1.0
854099,Parts Of Television Picture Tubes And Other Electronic Valves And Tubes,p32,"Radio, television and communication equipment and apparatus (32)",1.0
854110,"Diodes, Not Photosensitive Nor Light Emitting Diodes",p32,"Radio, television and communication equipment and apparatus (32)",1.0
854121,Transistors (Excluding Photosensitive Transistors) With A Dissipation Rate Of Less Than 1 Watt,p32,"Radio, television and communication equipment and apparatus (32)",1.0
854129,Transistors (Excluding Photosensitive Transistors) With A Dissipation Rate Of 1 Watt Or More,p32,"Radio, television and communication equipment and apparatus (32)",1.0
854130,"Thyristors, Diacs And Triacs (Excluding Photosensitive Devices)",p32,"Radio, television and communication equipment and apparatus (32)",1.0
854140,Photosensitive Semiconductor Devices; Light Emitting Diodes,p32,"Radio, television and communication equipment and apparatus (32)",1.0
854150,"Semiconductor Devices, N.E.S.",p32,"Radio, television and communication equipment and apparatus (32)",1.0
854160,"Piezoelectric Crystals, Mounted",p32,"Radio, television and communication equipment and apparatus (32)",1.0
854190,"Parts Of Diodes, Transistors And Similar Semiconductor Devices (Including Photosensitive), Light Emitting Diodes And Mounted Piezoelectric Crystals",p32,"Radio, television and communication equipment and apparatus (32)",1.0
854212,Digital Monolithic Integrated Units,p32,"Radio, television and communication equipment and apparatus (32)",1.0
854213,Digital Monolithic Integrated Units,p32,"Radio, television and communication equipment and apparatus (32)",1.0
854214,Digital Monolithic Integrated Units,p32,"Radio, television and communication equipment and apparatus (32)",1.0
854219,Digital Monolithic Integrated Units,p32,"Radio, television and communication equipment and apparatus (32)",1.0
854230,Nondigital Monolithic Integrated Units,p32,"Radio, television and communication equipment and apparatus (32)",1.0
854240,Hybrid Integrated Circuits,p32,"Radio, television and communication equipment and apparatus (32)",1.0
854250,"Electronic Integrated Circuits And Microassemblies, N.E.S.",p32,"Radio, television and communication equipment and apparatus (32)",1.0
854290,Parts Of Electronic Integrated Circuits And Microassembles,p32,"Radio, television and communication equipment and apparatus (32)",1.0
854311,Particle Accelerators,p31,Electrical machinery and apparatus n.e.c. (31),1.0
854319,Particle Accelerators,p31,Electrical machinery and apparatus n.e.c. (31),1.0
854320,"Electrical Machines And Apparatus, Having Individual Functions, N.E.S. (Other Than Particle Accelerators)",p31,Electrical machinery and apparatus n.e.c. (31),1.0
854330,"Electrical Machines And Apparatus, Having Individual Functions, N.E.S. (Other Than Particle Accelerators)",p31,Electrical machinery and apparatus n.e.c. (31),1.0
854340,"Electrical Machines And Apparatus, Having Individual Functions, N.E.S. (Other Than Particle Accelerators)",p31,Electrical machinery and apparatus n.e.c. (31),1.0
854381,"Electrical Machines And Apparatus, Having Individual Functions, N.E.S. (Other Than Particle Accelerators)",p31,Electrical machinery and apparatus n.e.c. (31),1.0
854389,"Electrical Machines And Apparatus, Having Individual Functions, N.E.S. (Other Than Particle Accelerators)",p31,Electrical machinery and apparatus n.e.c. (31),1.0
854390,"Parts Of Electrical Machines And Apparatus, Having Individual Functions, N.E.S.",p31,Electrical machinery and apparatus n.e.c. (31),1.0
854411,Insulated Electric Winding Wire,p31,Electrical machinery and apparatus n.e.c. (31),1.0
854419,Insulated Electric Winding Wire,p31,Electrical machinery and apparatus n.e.c. (31),1.0
854420,Coaxial Cable And Other Electric Coaxial Conductors,p31,Electrical machinery and apparatus n.e.c. (31),1.0
854430,"Ignition Wiring Sets And Other Wiring Sets Of A Kind Used In Vehicles, Aircraft Or Ships",p31,Electrical machinery and apparatus n.e.c. (31),1.0
854441,"Electric Conductors, For A Voltage Not Exceeding 80 Volts, N.E.S.",p31,Electrical machinery and apparatus n.e.c. (31),1.0
854449,"Electric Conductors, For A Voltage Not Exceeding 80 Volts, N.E.S.",p31,Electrical machinery and apparatus n.e.c. (31),1.0
854451,"Electric Conductors, For A Voltage Exceeding 80 Volts, But Not Exceeding 1,000 Volts, N.E.S.",p31,Electrical machinery and apparatus n.e.c. (31),1.0
854459,"Electric Conductors, For A Voltage Exceeding 80 Volts, But Not Exceeding 1,000 Volts, N.E.S.",p31,Electrical machinery and apparatus n.e.c. (31),1.0
854460,"Electric Conductors, For A Voltage Exceeding 1,000 Volts, N.E.S.",p31,Electrical machinery and apparatus n.e.c. (31),1.0
854470,Optical Fiber Cables,p31,Electrical machinery and apparatus n.e.c. (31),1.0
854511,"Carbon Electrodes, Carbon Brushes, Lamp Carbons, Battery Carbons And Other Carbon Articles, With Or Without Metal, Used For Electric Purposes",p31,Electrical machinery and apparatus n.e.c. (31),1.0
854519,"Carbon Electrodes, Carbon Brushes, Lamp Carbons, Battery Carbons And Other Carbon Articles, With Or Without Metal, Used For Electric Purposes",p31,Electrical machinery and apparatus n.e.c. (31),1.0
854520,"Carbon Electrodes, Carbon Brushes, Lamp Carbons, Battery Carbons And Other Carbon Articles, With Or Without Metal, Used For Electric Purposes",p31,Electrical machinery and apparatus n.e.c. (31),1.0
854590,"Carbon Electrodes, Carbon Brushes, Lamp Carbons, Battery Carbons And Other Carbon Articles, With Or Without Metal, Used For Electric Purposes",p31,Electrical machinery and apparatus n.e.c. (31),1.0
854610,Electrical Insulators Of Glass,p26.a,Glass and glass products,1.0
854620,Electrical Insulators Of Ceramics,p26.b,Ceramic goods,1.0
854690,Electrical Insulators Of Material Other Than Glass Or Ceramics,p31,Electrical machinery and apparatus n.e.c. (31),1.0
854710,"Insulating Fittings For Electrical Machines, Appliances Or Equiptment, Of Ceramic Materials, But Not Including The Insulators",p26.b,Ceramic goods,1.0
854720,"Insulating Fittings For Electrical Machines, Appliances Or Equiptment, Of Plastic Materials, But Not Including The Insulators",p25,Rubber and plastic products (25),1.0
854790,"Insulating Fittings For Electrical Machines, Appliances Or Equipment, Of Materials  Other Than Ceramics Or Plastics, But Not Including Insulators",p31,Electrical machinery and apparatus n.e.c. (31),1.0
854810,3938tric Accumulators (Storage Batteries),p31,Electrical machinery and apparatus n.e.c. (31),1.0
854890,"Electrical Parts Of Machinery Or Apparatus, N.E.S.",p31,Electrical machinery and apparatus n.e.c. (31),1.0
860110,Rail Locomotives Powered From An External Source Of Electricity,p35,Other transport equipment (35),1.0
860120,Rail Locomotives Powered By Electric Accumulators (Batteries),p35,Other transport equipment (35),1.0
860210,Diesel,p35,Other transport equipment (35),1.0
860290,"Rail Locomotives, N.E.S., Locomotive Tenders",p35,Other transport equipment (35),1.0
860310,"Railway Or Tramway Coaches, Vans And Trucks, Self",p35,Other transport equipment (35),1.0
860390,"Railway Or Tramway Coaches, Vans And Trucks, Self",p35,Other transport equipment (35),1.0
860400,"Railway Or Tramway Maintenance Or Service Vehicles, Whether Or Not Self",p35,Other transport equipment (35),1.0
860500,"Railway Or Tramway Passenger Coaches, Not Self",p35,Other transport equipment (35),1.0
860610,Railway Or Tramway Goods Vans And Wagons (Freight Cars) Not Self,p35,Other transport equipment (35),1.0
860620,Railway Or Tramway Goods Vans And Wagons (Freight Cars) Not Self,p35,Other transport equipment (35),1.0
860630,Railway Or Tramway Goods Vans And Wagons (Freight Cars) Not Self,p35,Other transport equipment (35),1.0
860691,Railway Or Tramway Goods Vans And Wagons (Freight Cars) Not Self,p35,Other transport equipment (35),1.0
860692,Railway Or Tramway Goods Vans And Wagons (Freight Cars) Not Self,p35,Other transport equipment (35),1.0
860699,Railway Or Tramway Goods Vans And Wagons (Freight Cars) Not Self,p35,Other transport equipment (35),1.0
860711,"Parts Of Railway Or Tramway Locomotives Or Rolling Stock Railway Vehicles; Parts Of Railway Or Tramway Coaches, Vans, Trucks, Service Vehicles, Etc.",p35,Other transport equipment (35),1.0
860712,"Parts Of Railway Or Tramway Locomotives Or Rolling Stock Railway Vehicles; Parts Of Railway Or Tramway Coaches, Vans, Trucks, Service Vehicles, Etc.",p35,Other transport equipment (35),1.0
860719,"Parts Of Railway Or Tramway Locomotives Or Rolling Stock Railway Vehicles; Parts Of Railway Or Tramway Coaches, Vans, Trucks, Service Vehicles, Etc.",p35,Other transport equipment (35),1.0
860721,"Parts Of Railway Or Tramway Locomotives Or Rolling Stock Railway Vehicles; Parts Of Railway Or Tramway Coaches, Vans, Trucks, Service Vehicles, Etc.",p35,Other transport equipment (35),1.0
860729,"Parts Of Railway Or Tramway Locomotives Or Rolling Stock Railway Vehicles; Parts Of Railway Or Tramway Coaches, Vans, Trucks, Service Vehicles, Etc.",p35,Other transport equipment (35),1.0
860730,"Parts Of Railway Or Tramway Locomotives Or Rolling Stock Railway Vehicles; Parts Of Railway Or Tramway Coaches, Vans, Trucks, Service Vehicles, Etc.",p35,Other transport equipment (35),1.0
860791,"Parts Of Railway Or Tramway Locomotives Or Rolling Stock Railway Vehicles; Parts Of Railway Or Tramway Coaches, Vans, Trucks, Service Vehicles, Etc.",p35,Other transport equipment (35),1.0
860799,"Parts Of Railway Or Tramway Locomotives Or Rolling Stock Railway Vehicles; Parts Of Railway Or Tramway Coaches, Vans, Trucks, Service Vehicles, Etc.",p35,Other transport equipment (35),1.0
860800,"Railway Or Tramway Track Fixtures And Fittings; Mechanical Signaling, Safety And Traffic Control Equipment For Railways, Tramways, Etc.; Parts There",p35,Other transport equipment (35),1.0
860900,Containers (Including Containers For The Transport Of Fluids) Specially Designed And Equipped For Carriage By One Or More Modes Of Transport,p34,"Motor vehicles, trailers and semi-trailers (34)",1.0
870110,Pedestrian Controlled Tractors (Other Than Mechanical Handling Equipment),p29,Machinery and equipment n.e.c. (29),1.0
870120,Road Tractors For Semi,p34,"Motor vehicles, trailers and semi-trailers (34)",1.0
870130,Track,p29,Machinery and equipment n.e.c. (29),1.0
870190,"Wheeled Tractors, N.E.S.",p29,Machinery and equipment n.e.c. (29),1.0
870210,Public,p34,"Motor vehicles, trailers and semi-trailers (34)",1.0
870290,Public,p34,"Motor vehicles, trailers and semi-trailers (34)",1.0
870310,Vehicles Specially Designed For Travel On Snow; Golf Carts And Similar Vehicles,p34,"Motor vehicles, trailers and semi-trailers (34)",1.0
870321,"Motor Vehicles For The Transport Of Persons (Other Than Public Transport), N.E.S.",p34,"Motor vehicles, trailers and semi-trailers (34)",1.0
870322,"Motor Vehicles For The Transport Of Persons (Other Than Public Transport), N.E.S.",p34,"Motor vehicles, trailers and semi-trailers (34)",1.0
870323,"Motor Vehicles For The Transport Of Persons (Other Than Public Transport), N.E.S.",p34,"Motor vehicles, trailers and semi-trailers (34)",1.0
870324,"Motor Vehicles For The Transport Of Persons (Other Than Public Transport), N.E.S.",p34,"Motor vehicles, trailers and semi-trailers (34)",1.0
870331,"Motor Vehicles For The Transport Of Persons (Other Than Public Transport), N.E.S.",p34,"Motor vehicles, trailers and semi-trailers (34)",1.0
870332,"Motor Vehicles For The Transport Of Persons (Other Than Public Transport), N.E.S.",p34,"Motor vehicles, trailers and semi-trailers (34)",1.0
870333,"Motor Vehicles For The Transport Of Persons (Other Than Public Transport), N.E.S.",p34,"Motor vehicles, trailers and semi-trailers (34)",1.0
870390,"Motor Vehicles For The Transport Of Persons (Other Than Public Transport), N.E.S.",p34,"Motor vehicles, trailers and semi-trailers (34)",1.0
870410,Dumpers Designed For Off,p34,"Motor vehicles, trailers and semi-trailers (34)",1.0
870421,"Motor Vehicles For The Transport Of Goods, N.E.S.",p34,"Motor vehicles, trailers and semi-trailers (34)",1.0
870422,"Motor Vehicles For The Transport Of Goods, N.E.S.",p34,"Motor vehicles, trailers and semi-trailers (34)",1.0
870423,"Motor Vehicles For The Transport Of Goods, N.E.S.",p34,"Motor vehicles, trailers and semi-trailers (34)",1.0
870431,"Motor Vehicles For The Transport Of Goods, N.E.S.",p34,"Motor vehicles, trailers and semi-trailers (34)",1.0
870432,"Motor Vehicles For The Transport Of Goods, N.E.S.",p34,"Motor vehicles, trailers and semi-trailers (34)",1.0
870490,"Motor Vehicles For The Transport Of Goods, N.E.S.",p34,"Motor vehicles, trailers and semi-trailers (34)",1.0
870510,Mobile Cranes,p34,"Motor vehicles, trailers and semi-trailers (34)",1.0
870520,Mobile Drilling Derricks,p34,"Motor vehicles, trailers and semi-trailers (34)",1.0
870530,Fire Fighting Vehicles,p34,"Motor vehicles, trailers and semi-trailers (34)",1.0
870540,Mobile Concrete Mixers (For Making And Transporting Concrete),p34,"Motor vehicles, trailers and semi-trailers (34)",1.0
870590,"Special Purpose Motor Vehicles, N.E.S.",p34,"Motor vehicles, trailers and semi-trailers (34)",1.0
870600,"Chassis Fitted With Engines, For Tractors, Motor Cars And Other Motor Vehicles, Trucks, Public",p34,"Motor vehicles, trailers and semi-trailers (34)",1.0
870710,"Bodies (Including Cabs), For Motor Cars And Motor Vehicles Designed For The Transport Of Persons (Other Than Public",p34,"Motor vehicles, trailers and semi-trailers (34)",1.0
870790,"Bodies (Including Cabs) For Tractors, Trucks And Special Purpose Motor Vehicles And Road Motor Vehicles N.E.S.",p34,"Motor vehicles, trailers and semi-trailers (34)",1.0
870810,"Bumpers And Parts Thereof, For Tractors, Motor Cars And Other Motor Vehicles, Etc.",p34,"Motor vehicles, trailers and semi-trailers (34)",1.0
870821,Other Parts And Accessories Of Motor Vehicle Bodies Of Headings 8701 To 8705 (Including Cabs),p34,"Motor vehicles, trailers and semi-trailers (34)",1.0
870829,Other Parts And Accessories Of Motor Vehicle Bodies Of Headings 8701 To 8705 (Including Cabs),p34,"Motor vehicles, trailers and semi-trailers (34)",1.0
870831,Brakes And Servo,p34,"Motor vehicles, trailers and semi-trailers (34)",1.0
870839,Brakes And Servo,p34,"Motor vehicles, trailers and semi-trailers (34)",1.0
870840,Gear Boxes,p34,"Motor vehicles, trailers and semi-trailers (34)",1.0
870850,"Drive Axles With Differential, Whether Or Not Provided With Other Transmission Components, For Tractors, Motor Cars And Other Motor Vehicles, Etc.",p34,"Motor vehicles, trailers and semi-trailers (34)",1.0
870860,Non,p34,"Motor vehicles, trailers and semi-trailers (34)",1.0
870870,"Parts And Accessories N.E.S. For Tractors, Motor Cars And Other Motor Vehicles, Trucks, Public",p34,"Motor vehicles, trailers and semi-trailers (34)",1.0
870880,"Parts And Accessories N.E.S. For Tractors, Motor Cars And Other Motor Vehicles, Trucks, Public",p34,"Motor vehicles, trailers and semi-trailers (34)",1.0
870891,"Parts And Accessories N.E.S. For Tractors, Motor Cars And Other Motor Vehicles, Trucks, Public",p34,"Motor vehicles, trailers and semi-trailers (34)",1.0
870892,"Parts And Accessories N.E.S. For Tractors, Motor Cars And Other Motor Vehicles, Trucks, Public",p34,"Motor vehicles, trailers and semi-trailers (34)",1.0
870893,"Parts And Accessories N.E.S. For Tractors, Motor Cars And Other Motor Vehicles, Trucks, Public",p34,"Motor vehicles, trailers and semi-trailers (34)",1.0
870894,"Parts And Accessories N.E.S. For Tractors, Motor Cars And Other Motor Vehicles, Trucks, Public",p34,"Motor vehicles, trailers and semi-trailers (34)",1.0
870899,"Parts And Accessories N.E.S. For Tractors, Motor Cars And Other Motor Vehicles, Trucks, Public",p34,"Motor vehicles, trailers and semi-trailers (34)",1.0
870911,"Work Trucks, Electrical, Self",p29,Machinery and equipment n.e.c. (29),1.0
870919,Self,p29,Machinery and equipment n.e.c. (29),1.0
870990,Parts Of Self,p29,Machinery and equipment n.e.c. (29),1.0
871000,"Tanks And Other Armored Fighting Vehicles, Motorized, Whether Or Not Fitted With Weapons, And Parts Of Such Vehicles",p29,Machinery and equipment n.e.c. (29),1.0
871110,Motorcycles With Reciprocating Internal Combustion Piston Engine Of A Cylinder Capacity Not Exceeding 50 Cc,p35,Other transport equipment (35),1.0
871120,Motorcycles With Reciprocating Internal Combustion Piston Engine Of A Cylinder Capacity Exceeding 50 Cc But Not 250 Cc,p35,Other transport equipment (35),1.0
871130,Motorcycles With Reciprocating Internal Combustion Piston Engine Of A Cylinder Capacity Exceeding 250 Cc But Not 500 Cc,p35,Other transport equipment (35),1.0
871140,Motorcycles With Reciprocating Internal Combustion Piston Engine Of A Cylinder Capacity Exceeding 500 Cc But Not 800 Cc,p35,Other transport equipment (35),1.0
871150,Motorcycles With Reciprocating Internal Combustion Piston Engine Of A Cylinder Capacity Exceeding 800 Cc,p35,Other transport equipment (35),1.0
871190,"Motorcycles (Including Mopeds) And Cycles Fitted With An Auxiliary Motor, With Or Without Side",p35,Other transport equipment (35),1.0
871200,"Bicycles And Other Cycles (Including Delivery Tricycles), Not Motorized",p35,Other transport equipment (35),1.0
871310,"Invalid Carriages, Whether Or Not Motorized Or Otherwise Mechanically Propelled",p35,Other transport equipment (35),1.0
871390,"Invalid Carriages, Whether Or Not Motorized Or Otherwise Mechanically Propelled",p35,Other transport equipment (35),1.0
871411,Parts And Accessories For Motorcycles (Including Mopeds),p35,Other transport equipment (35),1.0
871419,Parts And Accessories For Motorcycles (Including Mopeds),p35,Other transport equipment (35),1.0
871420,Parts And Accessories For Invalid Carriages,p35,Other transport equipment (35),1.0
871491,"Parts And Accessories For Bicycles And Other Cycles (Except Motorcycles And Mopeds), N.E.S.",p35,Other transport equipment (35),1.0
871492,"Parts And Accessories For Bicycles And Other Cycles (Except Motorcycles And Mopeds), N.E.S.",p35,Other transport equipment (35),1.0
871493,"Parts And Accessories For Bicycles And Other Cycles (Except Motorcycles And Mopeds), N.E.S.",p35,Other transport equipment (35),1.0
871494,"Parts And Accessories For Bicycles And Other Cycles (Except Motorcycles And Mopeds), N.E.S.",p35,Other transport equipment (35),1.0
871495,"Parts And Accessories For Bicycles And Other Cycles (Except Motorcycles And Mopeds), N.E.S.",p35,Other transport equipment (35),1.0
871496,"Parts And Accessories For Bicycles And Other Cycles (Except Motorcycles And Mopeds), N.E.S.",p35,Other transport equipment (35),1.0
871499,"Parts And Accessories For Bicycles And Other Cycles (Except Motorcycles And Mopeds), N.E.S.",p35,Other transport equipment (35),1.0
871500,"Baby Carriages, And Parts Thereof, N.E.S.",p36,Furniture; other manufactured goods n.e.c. (36),1.0
871610,Trailers And Semi,p34,"Motor vehicles, trailers and semi-trailers (34)",1.0
871620,Self,p29,Machinery and equipment n.e.c. (29),1.0
871631,Tanker Trailers And Tanker Semi,p34,"Motor vehicles, trailers and semi-trailers (34)",1.0
871639,Trailers And Semi,p34,"Motor vehicles, trailers and semi-trailers (34)",1.0
871640,Trailers And Semi,p34,"Motor vehicles, trailers and semi-trailers (34)",1.0
871680,"Vehicles, Not Mechanically Propelled, N.E.S.",p35,Other transport equipment (35),1.0
871690,Parts Of Trailers And Semi,p34,"Motor vehicles, trailers and semi-trailers (34)",1.0
880110,Gliders And Hang Gliders,p35,Other transport equipment (35),1.0
880190,"Balloons, Dirigibles And Other Non",p35,Other transport equipment (35),1.0
880211,"Helicopters Of An Unladen Weight Not Exceeding 2,000 Kg",p35,Other transport equipment (35),1.0
880212,"Helicopters Of An Unladen Weight Exceeding 2,000 Kg",p35,Other transport equipment (35),1.0
880220,"Airplanes And Other Aircraft, Mechanically Propelled (Other Than Helicopters), Of An Unladen Weight Not Exceeding 2,000 Kg",p35,Other transport equipment (35),1.0
880230,"Airplanes And Other Aircraft, Mechanically Propelled (Except Helicopters),  Of An Unladen Weight Exceeding 2,000 Kg But Not Exceeding 15,000 Kg",p35,Other transport equipment (35),1.0
880240,"Airplanes And Other Aircraft, Mechanically Propelled (Other Than Helicopters), Of An Unladen Weight Exceeding 15,000 Kg",p35,Other transport equipment (35),1.0
880260,Spacecraft (Including Satellites) And Spacecraft Launch Vehicles,p35,Other transport equipment (35),1.0
880310,Propellers And Rotors And Parts Thereof For Aircraft,p35,Other transport equipment (35),1.0
880320,Undercarriages And Parts Thereof For Aircraft,p35,Other transport equipment (35),1.0
880330,"Parts Of Airplanes Or Helicopters, N.E.S.",p35,Other transport equipment (35),1.0
880390,"Parts Of Aircraft And Associated Equipment, Spacecraft (Including Satellites) And Spacecraft Launch Vehicles, N.E.S.",p35,Other transport equipment (35),1.0
880400,Parachutes (Including Dirigible Parachutes) And Rotochutes; Parts Thereof And Accessories Thereto,p17,Textiles (17),1.0
880510,Aircraft Launching Gear; Deck,p35,Other transport equipment (35),1.0
880520,Aircraft Launching Gear; Deck,p35,Other transport equipment (35),1.0
890110,"Cruise Ships, Excursion Boats And Similar Vessels Designed Primarily For The Transport Of Persons; Ferry Boats Of All Kinds",p35,Other transport equipment (35),1.0
890120,Tankers Of All Kinds,p35,Other transport equipment (35),1.0
890130,Refrigerated Vessels (Other Than Tankers),p35,Other transport equipment (35),1.0
890190,"Vessels For The Transport Of Goods (Including Vessels For The Transport Of Both Passengers And Goods), N.E.S.",p35,Other transport equipment (35),1.0
890200,Fishing Vessels; Factory Ships And Other Vessels For Processing Or Preserving Fishery Products,p35,Other transport equipment (35),1.0
890310,Inflatable Vessels (Including Inflatable Rowing Boats And Canoes),p35,Other transport equipment (35),1.0
890391,"Sailboats, Not Inflatable, With Or Without Auxiliary Motor",p35,Other transport equipment (35),1.0
890392,"Noninflatable Rowing Boats, Canoes And Vessels For Pleasure Or Sports, N.E.S.",p35,Other transport equipment (35),1.0
890399,"Noninflatable Rowing Boats, Canoes And Vessels For Pleasure Or Sports, N.E.S.",p35,Other transport equipment (35),1.0
890400,Tugs And Pusher Craft,p35,Other transport equipment (35),1.0
890510,Dredgers,p35,Other transport equipment (35),1.0
890520,Floating Or Submersible Drilling Or Production Platforms,p35,Other transport equipment (35),1.0
890590,"Light Vessels, Fire",p35,Other transport equipment (35),1.0
890600,"Vessels (Including Warships And Lifeboats Other Than Rowing Boats), N.E.S.",p35,Other transport equipment (35),1.0
890710,"Rafts, Inflatable",p35,Other transport equipment (35),1.0
890790,"Floating Structures, N.E.S",p35,Other transport equipment (35),1.0
890800,3937els And Other Floating Structures For Breaking Up,p35,Other transport equipment (35),1.0
900110,"Optical Fibers, Optical Fiber Bundles And Cables; Sheets And Plates Of Polarising Material; Unmounted Optical Elements, N.E.S.",p33,"Medical, precision and optical instruments, watches and clocks (33)",1.0
900120,"Optical Fibers, Optical Fiber Bundles And Cables; Sheets And Plates Of Polarising Material; Unmounted Optical Elements, N.E.S.",p33,"Medical, precision and optical instruments, watches and clocks (33)",1.0
900130,Contact Lenses,p33,"Medical, precision and optical instruments, watches and clocks (33)",1.0
900140,Spectacle Lenses Of Glass,p33,"Medical, precision and optical instruments, watches and clocks (33)",1.0
900150,Spectacle Lenses Of Materials Other Than Glass,p33,"Medical, precision and optical instruments, watches and clocks (33)",1.0
900190,"Optical Fibers, Optical Fiber Bundles And Cables; Sheets And Plates Of Polarising Material; Unmounted Optical Elements, N.E.S.",p33,"Medical, precision and optical instruments, watches and clocks (33)",1.0
900211,"Objective Lenses For Cameras, Projectors Or Photographic Enlargers Or Reducers",p33,"Medical, precision and optical instruments, watches and clocks (33)",1.0
900219,"Objective Lenses, N.E.S., Mounted",p33,"Medical, precision and optical instruments, watches and clocks (33)",1.0
900220,"Filters (Optical Elements), Mounted",p33,"Medical, precision and optical instruments, watches and clocks (33)",1.0
900290,"Mounted Optical Elements, N.E.S.",p33,"Medical, precision and optical instruments, watches and clocks (33)",1.0
900311,"Frames And Mountings For Spectacles, Goggles Or The Like",p33,"Medical, precision and optical instruments, watches and clocks (33)",1.0
900319,"Frames And Mountings For Spectacles, Goggles Or The Like",p33,"Medical, precision and optical instruments, watches and clocks (33)",1.0
900390,"Parts For Frames And Mountings Of Spectacles, Goggles And The Like",p33,"Medical, precision and optical instruments, watches and clocks (33)",1.0
900410,"Spectacles, Goggles And The Like, Corrective, Protective Or Other",p33,"Medical, precision and optical instruments, watches and clocks (33)",1.0
900490,"Spectacles, Goggles And The Like, Corrective, Protective Or Other",p33,"Medical, precision and optical instruments, watches and clocks (33)",1.0
900510,Binoculars,p33,"Medical, precision and optical instruments, watches and clocks (33)",1.0
900580,"Monoculars, Other Optical Telescopes; Astronomical Instruments, N.E.S.",p33,"Medical, precision and optical instruments, watches and clocks (33)",1.0
900590,"Parts And Accessories (Including Mountings) Of Binoculars, Monoculars, Other Optical Telescopes, And Astronomical Instruments, N.E.S.",p33,"Medical, precision and optical instruments, watches and clocks (33)",1.0
900610,Photographic (Other Than Cinematographic) Cameras,p33,"Medical, precision and optical instruments, watches and clocks (33)",1.0
900620,Photographic (Other Than Cinematographic) Cameras,p33,"Medical, precision and optical instruments, watches and clocks (33)",1.0
900630,Photographic (Other Than Cinematographic) Cameras,p33,"Medical, precision and optical instruments, watches and clocks (33)",1.0
900640,Photographic (Other Than Cinematographic) Cameras,p33,"Medical, precision and optical instruments, watches and clocks (33)",1.0
900651,Photographic (Other Than Cinematographic) Cameras,p33,"Medical, precision and optical instruments, watches and clocks (33)",1.0
900652,Photographic (Other Than Cinematographic) Cameras,p33,"Medical, precision and optical instruments, watches and clocks (33)",1.0
900653,Photographic (Other Than Cinematographic) Cameras,p33,"Medical, precision and optical instruments, watches and clocks (33)",1.0
900659,Photographic (Other Than Cinematographic) Cameras,p33,"Medical, precision and optical instruments, watches and clocks (33)",1.0
900661,Photographic Flashlight Apparatus (Except Discharge Lamps Of Heading 778.2),p33,"Medical, precision and optical instruments, watches and clocks (33)",1.0
900662,"Flashbulbs, Flashcubes And The Like",p31,Electrical machinery and apparatus n.e.c. (31),1.0
900669,Photographic Flashlight Apparatus (Except Discharge Lamps Of Heading 778.2),p33,"Medical, precision and optical instruments, watches and clocks (33)",1.0
900691,Parts And Accessories For Photographic (Other Than Cinematographic) Cameras,p33,"Medical, precision and optical instruments, watches and clocks (33)",1.0
900699,Parts And Accessories For Photographic Flashlight Apparatus,p33,"Medical, precision and optical instruments, watches and clocks (33)",1.0
900711,Cinematographic Cameras,p33,"Medical, precision and optical instruments, watches and clocks (33)",1.0
900719,Cinematographic Cameras,p33,"Medical, precision and optical instruments, watches and clocks (33)",1.0
900720,Cinematographic Projectors,p33,"Medical, precision and optical instruments, watches and clocks (33)",1.0
900791,Parts And Accessories For Cinematographic Cameras,p33,"Medical, precision and optical instruments, watches and clocks (33)",1.0
900792,Parts And Accessories For Cinematographic Projectors,p33,"Medical, precision and optical instruments, watches and clocks (33)",1.0
900810,"Image Projectors, N.E.S.",p33,"Medical, precision and optical instruments, watches and clocks (33)",1.0
900820,"Microfilm, Microfiche Or Other Microform Readers, Whether Or Not Capable Of Producing Copies",p33,"Medical, precision and optical instruments, watches and clocks (33)",1.0
900830,"Image Projectors, N.E.S.",p33,"Medical, precision and optical instruments, watches and clocks (33)",1.0
900840,Photographic (Other Than Cinematographic) Enlargers And Reducers,p33,"Medical, precision and optical instruments, watches and clocks (33)",1.0
900890,"Parts And Accessories For Microform Readers, Image Projectors, N.E.S. And Photographic (Except Cinematographic) Enlargers And Reducers",p33,"Medical, precision and optical instruments, watches and clocks (33)",1.0
900911,Electrostatic Photocopying Apparatus Operated By Reproducing The Original Image Directly Onto The Copy (Direct Process),p30,Office machinery and computers (30),1.0
900912,Electrostatic Photocopying Apparatus Operated By Reproducing The Original Image Via An Intermediate Onto The Copy (Indirect Process),p30,Office machinery and computers (30),1.0
900921,Nonelectrostatic Photocopyng Apparatus Incorporating An Optical System,p30,Office machinery and computers (30),1.0
900922,Nonelectrostatic Photocopyng Apparatus Of The Contact Type,p30,Office machinery and computers (30),1.0
900930,Thermocopying Apparatus,p30,Office machinery and computers (30),1.0
900990,Parts And Accessories Of Photocopying And Thermocopying Apparatus,p30,Office machinery and computers (30),1.0
901010,"Apparatus And Equipment For Photographic (Including Cinematographic) Laboratories, N.E.S.; Negatoscopes; Projection Screens",p33,"Medical, precision and optical instruments, watches and clocks (33)",1.0
901041,"Apparatus And Equipment For Photographic (Including Cinematographic) Laboratories, N.E.S.; Negatoscopes; Projection Screens",p33,"Medical, precision and optical instruments, watches and clocks (33)",1.0
901042,"Apparatus And Equipment For Photographic (Including Cinematographic) Laboratories, N.E.S.; Negatoscopes; Projection Screens",p33,"Medical, precision and optical instruments, watches and clocks (33)",1.0
901049,"Apparatus And Equipment For Photographic (Including Cinematographic) Laboratories, N.E.S.; Negatoscopes; Projection Screens",p33,"Medical, precision and optical instruments, watches and clocks (33)",1.0
901050,"Apparatus And Equipment For Photographic (Including Cinematographic) Laboratories, N.E.S.; Negatoscopes; Projection Screens",p33,"Medical, precision and optical instruments, watches and clocks (33)",1.0
901060,"Apparatus And Equipment For Photographic (Including Cinematographic) Laboratories, N.E.S.; Negatoscopes; Projection Screens",p33,"Medical, precision and optical instruments, watches and clocks (33)",1.0
901090,"Parts And Accessories For Photographic (Including Cinematographic) Laboratory Apparatus And Equipment, N.E.S., Negascopes And Projection Screens",p33,"Medical, precision and optical instruments, watches and clocks (33)",1.0
901110,Stereoscopic Microscopes,p33,"Medical, precision and optical instruments, watches and clocks (33)",1.0
901120,"Microscopes For Photomicrography, Cinephotomicrography Or Microprojection, N.E.S.",p33,"Medical, precision and optical instruments, watches and clocks (33)",1.0
901180,"Microscopes, N.E.S.",p33,"Medical, precision and optical instruments, watches and clocks (33)",1.0
901190,Parts And Accessories Of Compound Optical Microscopes,p33,"Medical, precision and optical instruments, watches and clocks (33)",1.0
901210,Microscopes (Other Than Optical Microscopes) And Diffraction Apparatus,p33,"Medical, precision and optical instruments, watches and clocks (33)",1.0
901290,Parts And Accessories For Microscopes (Except Optical) And Diffraction Apparatus,p33,"Medical, precision and optical instruments, watches and clocks (33)",1.0
901310,"Telescopic Sights For Fitting To Arms; Periscopes; Telescopes Designed As Parts Of Electrical, Optical, Photographic, Television Or Sound Appliance",p33,"Medical, precision and optical instruments, watches and clocks (33)",1.0
901320,Lasers (Other Than Laser Diodes),p33,"Medical, precision and optical instruments, watches and clocks (33)",1.0
901380,"Liquid Crystal Devices, N.E.S. And Optical Appliances And Instruments, N.E.S.",p33,"Medical, precision and optical instruments, watches and clocks (33)",1.0
901390,"Parts And Accessories Of Liquid Crystal Devices, N.E.S., Lasers (Other Than Laser Diodes), And Other Optical Appliances And Instruments, N.E.S.",p33,"Medical, precision and optical instruments, watches and clocks (33)",1.0
901410,"Direction Finding Compasses, Other Navigational Instruments And Appliances",p33,"Medical, precision and optical instruments, watches and clocks (33)",1.0
901420,"Direction Finding Compasses, Other Navigational Instruments And Appliances",p33,"Medical, precision and optical instruments, watches and clocks (33)",1.0
901480,"Direction Finding Compasses, Other Navigational Instruments And Appliances",p33,"Medical, precision and optical instruments, watches and clocks (33)",1.0
901490,Parts And Accessories Of Navigational Instruments And Appliances,p33,"Medical, precision and optical instruments, watches and clocks (33)",1.0
901510,"Surveying (Including Photogrammetrical), Hydrographic, Oceanographic, Hydrological, Etc. Instruments And Appliances N.E.S.; Rangefinders",p33,"Medical, precision and optical instruments, watches and clocks (33)",1.0
901520,"Surveying (Including Photogrammetrical), Hydrographic, Oceanographic, Hydrological, Etc. Instruments And Appliances N.E.S.; Rangefinders",p33,"Medical, precision and optical instruments, watches and clocks (33)",1.0
901530,"Surveying (Including Photogrammetrical), Hydrographic, Oceanographic, Hydrological, Etc. Instruments And Appliances N.E.S.; Rangefinders",p33,"Medical, precision and optical instruments, watches and clocks (33)",1.0
901540,"Surveying (Including Photogrammetrical), Hydrographic, Oceanographic, Hydrological, Etc. Instruments And Appliances N.E.S.; Rangefinders",p33,"Medical, precision and optical instruments, watches and clocks (33)",1.0
901580,"Surveying (Including Photogrammetrical), Hydrographic, Oceanographic, Hydrological, Etc. Instruments And Appliances N.E.S.; Rangefinders",p33,"Medical, precision and optical instruments, watches and clocks (33)",1.0
901590,"Parts And Accessories For Surveying, Hydrographic, Oceanographic, Hydrological, Meteorological, Etc. Instruments And Appliances, And Rangefinders",p33,"Medical, precision and optical instruments, watches and clocks (33)",1.0
901600,"Balances Of A Sensitivity Of 5 Cg Or Better, With Or Without Weights",p33,"Medical, precision and optical instruments, watches and clocks (33)",1.0
901710,"Drafting Tables And Machines, Whether Or Not Automatic, And Other Drawing, Marking",p33,"Medical, precision and optical instruments, watches and clocks (33)",1.0
901720,"Drafting Tables And Machines, Whether Or Not Automatic, And Other Drawing, Marking",p33,"Medical, precision and optical instruments, watches and clocks (33)",1.0
901730,"Instruments For Measuring Length, For Use In The Hand (Including Measuring Rods And Tapes, Micrometers, Calipers), N.E.S.",p33,"Medical, precision and optical instruments, watches and clocks (33)",1.0
901780,"Instruments For Measuring Length, For Use In The Hand (Including Measuring Rods And Tapes, Micrometers, Calipers), N.E.S.",p33,"Medical, precision and optical instruments, watches and clocks (33)",1.0
901790,"Parts And Accessories For Drafting Tables, Etc., Marking Out And Mathematical Calculating Instruments, And Instruments For Measuring Length By Hand",p33,"Medical, precision and optical instruments, watches and clocks (33)",1.0
901811,Electrocardiographs,p33,"Medical, precision and optical instruments, watches and clocks (33)",1.0
901812,Electro,p33,"Medical, precision and optical instruments, watches and clocks (33)",1.0
901813,Electro,p33,"Medical, precision and optical instruments, watches and clocks (33)",1.0
901814,Electro,p33,"Medical, precision and optical instruments, watches and clocks (33)",1.0
901819,Electro,p33,"Medical, precision and optical instruments, watches and clocks (33)",1.0
901820,Ultraviolet Or Infrared Ray Apparatus,p33,"Medical, precision and optical instruments, watches and clocks (33)",1.0
901831,"Syringes, Needles, Catheters, Cannulae And The Like Used In Medical, Surgical Or Veterinary Sciences",p33,"Medical, precision and optical instruments, watches and clocks (33)",1.0
901832,"Syringes, Needles, Catheters, Cannulae And The Like Used In Medical, Surgical Or Veterinary Sciences",p33,"Medical, precision and optical instruments, watches and clocks (33)",1.0
901839,"Syringes, Needles, Catheters, Cannulae And The Like Used In Medical, Surgical Or Veterinary Sciences",p33,"Medical, precision and optical instruments, watches and clocks (33)",1.0
901841,"Dental Drill Engines, Whether Or Not Combined On A Single Base With Other Dental Equipment",p33,"Medical, precision and optical instruments, watches and clocks (33)",1.0
901849,"Dental Instruments And Appliances, N.E.S.",p33,"Medical, precision and optical instruments, watches and clocks (33)",1.0
901850,"Ophthalmic Instruments And Appliances, N.E.S.",p33,"Medical, precision and optical instruments, watches and clocks (33)",1.0
901890,"Instruments And Appliances Used In Medical, Surgical Or Veterinary Sciences, N.E.S.",p33,"Medical, precision and optical instruments, watches and clocks (33)",1.0
901910,Mechano,p33,"Medical, precision and optical instruments, watches and clocks (33)",1.0
901920,"Ozone Therapy, Oxygen Therapy, Aerosol Therapy, Artificial Respiration Or Other Therapeutic Respiration Apparatus",p33,"Medical, precision and optical instruments, watches and clocks (33)",1.0
902000,"Breathing Appliances And Gas Masks, N.E.S. (Excluding Protective Masks Having Neither Mechanical Parts Nor Replacement Filters)",p33,"Medical, precision and optical instruments, watches and clocks (33)",1.0
902111,"Orthopedic Or Fracture Appliances, Including Artificial Joints",p33,"Medical, precision and optical instruments, watches and clocks (33)",1.0
902119,"Orthopedic Or Fracture Appliances, Including Artificial Joints",p33,"Medical, precision and optical instruments, watches and clocks (33)",1.0
902121,Artificial Teeth And Dental Fittings,p33,"Medical, precision and optical instruments, watches and clocks (33)",1.0
902129,Artificial Teeth And Dental Fittings,p33,"Medical, precision and optical instruments, watches and clocks (33)",1.0
902130,"Artificial Parts Of The Body, N.E.S.",p33,"Medical, precision and optical instruments, watches and clocks (33)",1.0
902140,Hearing Aids (Excluding Parts And Accessories),p33,"Medical, precision and optical instruments, watches and clocks (33)",1.0
902150,Pacemakers For Stimulating Heart Muscles (Excluding Parts And Accessories),p33,"Medical, precision and optical instruments, watches and clocks (33)",1.0
902190,"Appliances N.E.S., Which Are Worn Or Carried, Or Implanted In The Body, To Compensate For A Physical Defect Or Disability",p33,"Medical, precision and optical instruments, watches and clocks (33)",1.0
902212,Apparatus Based On The Use Of X,p33,"Medical, precision and optical instruments, watches and clocks (33)",1.0
902213,Apparatus Based On The Use Of X,p33,"Medical, precision and optical instruments, watches and clocks (33)",1.0
902214,Apparatus Based On The Use Of X,p33,"Medical, precision and optical instruments, watches and clocks (33)",1.0
902219,Apparatus Based On The Use Of X,p33,"Medical, precision and optical instruments, watches and clocks (33)",1.0
902221,"Apparatus Based On The Use Of Alpha, Beta Or Gamma Radiations, Whether Or Not For Medical, Surgical, Dental Or Veterinary Uses, Etc.",p33,"Medical, precision and optical instruments, watches and clocks (33)",1.0
902229,"Apparatus Based On The Use Of Alpha, Beta Or Gamma Radiations, Whether Or Not For Medical, Surgical, Dental Or Veterinary Uses, Etc.",p33,"Medical, precision and optical instruments, watches and clocks (33)",1.0
902230,X,p33,"Medical, precision and optical instruments, watches and clocks (33)",1.0
902290,Electro,p33,"Medical, precision and optical instruments, watches and clocks (33)",1.0
902300,"Instruments, Apparatus Or Models, Designed For Demonstrational Purposes (E.G. In Education Or Exhibition), Unsuitable For Other Uses",p36,Furniture; other manufactured goods n.e.c. (36),1.0
902410,"Machines And Appliances For Testing Hardness, Strength, Elasticity Or Other Mechanical Properties Of Materials (E.G., Metals, Wood, Textiles, Paper",p33,"Medical, precision and optical instruments, watches and clocks (33)",1.0
902480,"Machines And Appliances For Testing Hardness, Strength, Elasticity Or Other Mechanical Properties Of Materials (E.G., Metals, Wood, Textiles, Paper",p33,"Medical, precision and optical instruments, watches and clocks (33)",1.0
902490,Parts And Accessories For The Machines And Appliances For Testing The Mechanical Properties Of Materials,p33,"Medical, precision and optical instruments, watches and clocks (33)",1.0
902511,"Hydrometers And Similar Floating Instruments, Thermometers, Pyrometers, Barometers, Hygrometers, Psychrometers Or Any Combination Of These Instrume",p33,"Medical, precision and optical instruments, watches and clocks (33)",1.0
902519,"Hydrometers And Similar Floating Instruments, Thermometers, Pyrometers, Barometers, Hygrometers, Psychrometers Or Any Combination Of These Instrume",p33,"Medical, precision and optical instruments, watches and clocks (33)",1.0
902580,"Hydrometers And Similar Floating Instruments, Thermometers, Pyrometers, Barometers, Hygrometers, Psychrometers Or Any Combination Of These Instrume",p33,"Medical, precision and optical instruments, watches and clocks (33)",1.0
902590,"Parts And Accessories For Hydrometers And Similar Floating Instruments, Thermometers, Pyrometers, Barometers, Hygrometers And Psychrometers",p33,"Medical, precision and optical instruments, watches and clocks (33)",1.0
902610,"Instruments And Apparatus For Measuring Or Checking The Flow Or Level Of Liquids, N.E.S. (Excluding Supply Etc. Meters And Regulating Etc. Apparatu",p33,"Medical, precision and optical instruments, watches and clocks (33)",1.0
902620,"Instruments And Apparatus For Measuring Or Checking The Pressure Of Liquids Or Gases, N.E.S. (Not Supply Etc. Meters And Regulating Etc. Apparatus)",p33,"Medical, precision and optical instruments, watches and clocks (33)",1.0
902680,"Instruments And Apparatus For Measuring Or Checking The Variables Of Liquids Or Gases, N.E.S. (Not Supply Etc. Meters And Regulating Etc. Apparatus",p33,"Medical, precision and optical instruments, watches and clocks (33)",1.0
902690,"Parts And Acessories For Instruments And Apparatus For Measuring Or Checking The Flow, Level, Pressure Or Other Variables Of Liquids Or Gases, N.E.",p33,"Medical, precision and optical instruments, watches and clocks (33)",1.0
902710,Gas Or Smoke Analysis Apparatus,p33,"Medical, precision and optical instruments, watches and clocks (33)",1.0
902720,Chromatographs And Electrophoresis Instruments,p33,"Medical, precision and optical instruments, watches and clocks (33)",1.0
902730,"Spectrometers, Spectrophotometers And Spectrographs Using Optical Radiations (Ultraviolet, Visible, Infrared)",p33,"Medical, precision and optical instruments, watches and clocks (33)",1.0
902740,Exposure Meters,p33,"Medical, precision and optical instruments, watches and clocks (33)",1.0
902750,"Instruments And Apparatus Using Optical Radiations (Ultraviolet, Visible, Infrared), N.E.S.",p33,"Medical, precision and optical instruments, watches and clocks (33)",1.0
902780,"Instruments And Apparatus For Physical Or Chemical Analysis, N.E.S.",p33,"Medical, precision and optical instruments, watches and clocks (33)",1.0
902790,"Microtomes; Parts And Accessories Of Instruments For Physical Or Chemical Analysis, Measuring Or Checking Viscosity, Etc. Or Heat, Sound Or Light",p33,"Medical, precision and optical instruments, watches and clocks (33)",1.0
902810,Gas Meters,p33,"Medical, precision and optical instruments, watches and clocks (33)",1.0
902820,Liquid Meters,p33,"Medical, precision and optical instruments, watches and clocks (33)",1.0
902830,Electricity Meters,p33,"Medical, precision and optical instruments, watches and clocks (33)",1.0
902890,"Parts And Accessories Of Gas, Liquid Or Electricity Meters",p33,"Medical, precision and optical instruments, watches and clocks (33)",1.0
902910,"Revolution Counters, Production Counters, Taximeters, Odometers, Pedometers And The Like",p33,"Medical, precision and optical instruments, watches and clocks (33)",1.0
902920,Speedometers And Tachometers; Stroboscopes,p33,"Medical, precision and optical instruments, watches and clocks (33)",1.0
902990,"Parts And Accessories Of Revolution And Production Counters, Odometers, Pedometers, Speedometers, Tachometers, Strobescopes, Etc",p33,"Medical, precision and optical instruments, watches and clocks (33)",1.0
903010,Instruments And Apparatus For Measuring Or Detecting Ionizing Radiations,p33,"Medical, precision and optical instruments, watches and clocks (33)",1.0
903020,Cathode,p33,"Medical, precision and optical instruments, watches and clocks (33)",1.0
903031,"Instruments And Apparatus, N.E.S. For Measuring Or Checking Voltage, Current, Resistance Or Power, Without A Recording Device",p33,"Medical, precision and optical instruments, watches and clocks (33)",1.0
903039,"Instruments And Apparatus, N.E.S. For Measuring Or Checking Voltage, Current, Resistance Or Power, Without A Recording Device",p33,"Medical, precision and optical instruments, watches and clocks (33)",1.0
903040,"Instruments And Apparatus, N.E.S., Designed For Telecommunications (Cross",p33,"Medical, precision and optical instruments, watches and clocks (33)",1.0
903082,"Instruments And Apparatus For Measuring Or Checking Electrical Quantities, N.E.S.",p33,"Medical, precision and optical instruments, watches and clocks (33)",1.0
903083,"Instruments And Apparatus For Measuring Or Checking Electrical Quantities, N.E.S.",p33,"Medical, precision and optical instruments, watches and clocks (33)",1.0
903089,"Instruments And Apparatus For Measuring Or Checking Electrical Quantities, N.E.S.",p33,"Medical, precision and optical instruments, watches and clocks (33)",1.0
903090,Parts And Accessories For Instruments And Apparatus (Except Meters) Measuring Etc. Electrical Quanities And Devices Measuring Etc. Ionized Radiatio,p33,"Medical, precision and optical instruments, watches and clocks (33)",1.0
903110,"Measuring Or Checking Instruments, Appliances And Machines, N.E.S.; Profile Projectors",p33,"Medical, precision and optical instruments, watches and clocks (33)",1.0
903120,"Measuring Or Checking Instruments, Appliances And Machines, N.E.S.; Profile Projectors",p33,"Medical, precision and optical instruments, watches and clocks (33)",1.0
903130,"Measuring Or Checking Instruments, Appliances And Machines, N.E.S.; Profile Projectors",p33,"Medical, precision and optical instruments, watches and clocks (33)",1.0
903141,"Measuring Or Checking Instruments, Appliances And Machines, N.E.S.; Profile Projectors",p33,"Medical, precision and optical instruments, watches and clocks (33)",1.0
903149,"Measuring Or Checking Instruments, Appliances And Machines, N.E.S.; Profile Projectors",p33,"Medical, precision and optical instruments, watches and clocks (33)",1.0
903180,"Measuring Or Checking Instruments, Appliances And Machines, N.E.S.; Profile Projectors",p33,"Medical, precision and optical instruments, watches and clocks (33)",1.0
903190,"Parts And Accessories For Measuring Or Checking Instruments, Appliances And Machines, N.E.S. And Profile Projectors",p33,"Medical, precision and optical instruments, watches and clocks (33)",1.0
903210,Thermostats,p33,"Medical, precision and optical instruments, watches and clocks (33)",1.0
903220,Pressure Regulators And Controllers (Monostats),p33,"Medical, precision and optical instruments, watches and clocks (33)",1.0
903281,"Automatic Regulating Or Controlling Instruments And Apparatus, N.E.S.",p33,"Medical, precision and optical instruments, watches and clocks (33)",1.0
903289,"Automatic Regulating Or Controlling Instruments And Apparatus, N.E.S.",p33,"Medical, precision and optical instruments, watches and clocks (33)",1.0
903290,Parts And Accessories For Automatic Regulating Or Controlling Instruments And Apparatus,p33,"Medical, precision and optical instruments, watches and clocks (33)",1.0
903300,"Parts And Accessories For Machines, Appliances, Instruments And Apparatus, N.E.S., Measuring, Checking, Analysing Or Controlling, N.E.S.",p33,"Medical, precision and optical instruments, watches and clocks (33)",1.0
910111,"Wrist Watches, Battery Powered, Whether Or Not Incorporating A Stop Watch Facility, Cases Of Precious Metal Or Clad With Precious Metal",p33,"Medical, precision and optical instruments, watches and clocks (33)",1.0
910112,"Wrist Watches, Battery Powered, Whether Or Not Incorporating A Stop Watch Facility, Cases Of Precious Metal Or Clad With Precious Metal",p33,"Medical, precision and optical instruments, watches and clocks (33)",1.0
910119,"Wrist Watches, Battery Powered, Whether Or Not Incorporating A Stop Watch Facility, Cases Of Precious Metal Or Clad With Precious Metal",p33,"Medical, precision and optical instruments, watches and clocks (33)",1.0
910121,"Wrist Watches Other Than Battery Powered, Whether Or Not Uncorporating A Stop Watch Facility, Cases Of Precious Metal Or Clad With Precious Metal",p33,"Medical, precision and optical instruments, watches and clocks (33)",1.0
910129,"Wrist Watches Other Than Battery Powered, Whether Or Not Uncorporating A Stop Watch Facility, Cases Of Precious Metal Or Clad With Precious Metal",p33,"Medical, precision and optical instruments, watches and clocks (33)",1.0
910191,"Pocket Watches And Other Watches (Not Wrist Watches), With Cases Of Precious Metal Or Clad With Precious Metal",p33,"Medical, precision and optical instruments, watches and clocks (33)",1.0
910199,"Pocket Watches And Other Watches (Not Wrist Watches), With Cases Of Precious Metal Or Clad With Precious Metal",p33,"Medical, precision and optical instruments, watches and clocks (33)",1.0
910211,"Wrist Watches, Battery Powered, Whether Or Not Incorporating A Stop Watch Facility, With Cases Neither Of Precious Metal Nor Clad With Precious Met",p33,"Medical, precision and optical instruments, watches and clocks (33)",1.0
910212,"Wrist Watches, Battery Powered, Whether Or Not Incorporating A Stop Watch Facility, With Cases Neither Of Precious Metal Nor Clad With Precious Met",p33,"Medical, precision and optical instruments, watches and clocks (33)",1.0
910219,"Wrist Watches, Battery Powered, Whether Or Not Incorporating A Stop Watch Facility, With Cases Neither Of Precious Metal Nor Clad With Precious Met",p33,"Medical, precision and optical instruments, watches and clocks (33)",1.0
910221,"Wrist Watches Other Than Battery Powered, Whether Or Not Incorporating A Stop Watch Facility, With Cases Neither Of Nor Clad With Precious Metal",p33,"Medical, precision and optical instruments, watches and clocks (33)",1.0
910229,"Wrist Watches Other Than Battery Powered, Whether Or Not Incorporating A Stop Watch Facility, With Cases Neither Of Nor Clad With Precious Metal",p33,"Medical, precision and optical instruments, watches and clocks (33)",1.0
910291,"Pocket Watches And Other Watches (Not Wrist Watches), With Cases Neither Of Precious Metal Nor Clad With Precious Metal",p33,"Medical, precision and optical instruments, watches and clocks (33)",1.0
910299,"Pocket Watches And Other Watches (Not Wrist Watches), With Cases Neither Of Precious Metal Nor Clad With Precious Metal",p33,"Medical, precision and optical instruments, watches and clocks (33)",1.0
910310,"Clocks With Watch Movements (Excluding Instrument Panel Clocks), Battery Powered",p33,"Medical, precision and optical instruments, watches and clocks (33)",1.0
910390,"Clocks With Watch Movements (Excluding Instrument Panel Clocks), Other Than Battery Powered",p33,"Medical, precision and optical instruments, watches and clocks (33)",1.0
910400,"Instrument Panel Clocks And Clocks Of A Similar Type, For Vehicles, Aircraft, Spacecraft Or Vessels",p33,"Medical, precision and optical instruments, watches and clocks (33)",1.0
910511,"Alarm Clocks (With Clock Movements), Battery, Or Ac Powered",p33,"Medical, precision and optical instruments, watches and clocks (33)",1.0
910519,"Alarm Clocks (With Clock Movements), N.E.S.",p33,"Medical, precision and optical instruments, watches and clocks (33)",1.0
910521,"Wall Clocks (With Clock Movements), Battery, Or Ac Powered",p33,"Medical, precision and optical instruments, watches and clocks (33)",1.0
910529,"Wall Clocks (With Clock Movements), N.E.S.",p33,"Medical, precision and optical instruments, watches and clocks (33)",1.0
910591,"Clocks (With Clock Movements), N.E.S., Battery Or Ac Powered",p33,"Medical, precision and optical instruments, watches and clocks (33)",1.0
910599,"Clocks (With Clock Movements), N.E.S.",p33,"Medical, precision and optical instruments, watches and clocks (33)",1.0
910610,"Time Of Day Recording Apparatus And Apparatus For Measuring, Recording, Etc. Intervals Of Time With A Clock Or Watch Movement Or Synchronous Motor",p33,"Medical, precision and optical instruments, watches and clocks (33)",1.0
910620,"Time Of Day Recording Apparatus And Apparatus For Measuring, Recording, Etc. Intervals Of Time With A Clock Or Watch Movement Or Synchronous Motor",p33,"Medical, precision and optical instruments, watches and clocks (33)",1.0
910690,"Time Of Day Recording Apparatus And Apparatus For Measuring, Recording, Etc. Intervals Of Time With A Clock Or Watch Movement Or Synchronous Motor",p33,"Medical, precision and optical instruments, watches and clocks (33)",1.0
910700,Time Switches With Clock Or Watch Movement Or With Synchronous Motor,p33,"Medical, precision and optical instruments, watches and clocks (33)",1.0
910811,"Watch Movements, Battery Powered",p33,"Medical, precision and optical instruments, watches and clocks (33)",1.0
910812,"Watch Movements, Battery Powered",p33,"Medical, precision and optical instruments, watches and clocks (33)",1.0
910819,"Watch Movements, Battery Powered",p33,"Medical, precision and optical instruments, watches and clocks (33)",1.0
910820,"Watch Movements, Other Than Battery Powered",p33,"Medical, precision and optical instruments, watches and clocks (33)",1.0
910891,"Watch Movements, Other Than Battery Powered",p33,"Medical, precision and optical instruments, watches and clocks (33)",1.0
910899,"Watch Movements, Other Than Battery Powered",p33,"Medical, precision and optical instruments, watches and clocks (33)",1.0
910911,"Clock Movements, Complete And Assembled",p33,"Medical, precision and optical instruments, watches and clocks (33)",1.0
910919,"Clock Movements, Complete And Assembled",p33,"Medical, precision and optical instruments, watches and clocks (33)",1.0
910990,"Clock Movements, Complete And Assembled",p33,"Medical, precision and optical instruments, watches and clocks (33)",1.0
911011,"Complete Watch Or Clock Movements, Unassembled Or Partly Assembled; Incomplete Watch Or Clock Movements, Assembled; Rough Watch Or Clock Movementsd",p33,"Medical, precision and optical instruments, watches and clocks (33)",1.0
911012,"Complete Watch Or Clock Movements, Unassembled Or Partly Assembled; Incomplete Watch Or Clock Movements, Assembled; Rough Watch Or Clock Movementsd",p33,"Medical, precision and optical instruments, watches and clocks (33)",1.0
911019,"Complete Watch Or Clock Movements, Unassembled Or Partly Assembled; Incomplete Watch Or Clock Movements, Assembled; Rough Watch Or Clock Movementsd",p33,"Medical, precision and optical instruments, watches and clocks (33)",1.0
911090,"Complete Watch Or Clock Movements, Unassembled Or Partly Assembled; Incomplete Watch Or Clock Movements, Assembled; Rough Watch Or Clock Movementsd",p33,"Medical, precision and optical instruments, watches and clocks (33)",1.0
911110,Watch Cases And Parts Of Watch Cases,p33,"Medical, precision and optical instruments, watches and clocks (33)",1.0
911120,Watch Cases And Parts Of Watch Cases,p33,"Medical, precision and optical instruments, watches and clocks (33)",1.0
911180,Watch Cases And Parts Of Watch Cases,p33,"Medical, precision and optical instruments, watches and clocks (33)",1.0
911190,Watch Cases And Parts Of Watch Cases,p33,"Medical, precision and optical instruments, watches and clocks (33)",1.0
911210,"Clock Cases And Cases Of A Similar Type For Other Clock Mechanisms (Time Registers And/Or Recorders, Time Stamps, Time Meters, Etc.) And Parts Ther",p33,"Medical, precision and optical instruments, watches and clocks (33)",1.0
911280,"Clock Cases And Cases Of A Similar Type For Other Clock Mechanisms (Time Registers And/Or Recorders, Time Stamps, Time Meters, Etc.) And Parts Ther",p33,"Medical, precision and optical instruments, watches and clocks (33)",1.0
911290,"Clock Cases And Cases Of A Similar Type For Other Clock Mechanisms (Time Registers And/Or Recorders, Time Stamps, Time Meters, Etc.) And Parts Ther",p33,"Medical, precision and optical instruments, watches and clocks (33)",1.0
911310,"Watch Straps, Watch Bands And Watch Bracelets, And Parts Thereof, Of Metal",p33,"Medical, precision and optical instruments, watches and clocks (33)",1.0
911320,"Watch Straps, Watch Bands And Watch Bracelets, And Parts Thereof, Of Metal",p33,"Medical, precision and optical instruments, watches and clocks (33)",1.0
911390,"Watch Straps, Watch Bands And Watch Bracelets And Parts Thereof, Of Material Other Than Metal",p19,Leather and leather products (19),1.0
911410,"Clock Or Watch Parts, N.E.S.",p33,"Medical, precision and optical instruments, watches and clocks (33)",1.0
911420,"Clock Or Watch Parts, N.E.S.",p33,"Medical, precision and optical instruments, watches and clocks (33)",1.0
911430,"Clock Or Watch Parts, N.E.S.",p33,"Medical, precision and optical instruments, watches and clocks (33)",1.0
911440,"Clock Or Watch Parts, N.E.S.",p33,"Medical, precision and optical instruments, watches and clocks (33)",1.0
911490,"Clock Or Watch Parts, N.E.S.",p33,"Medical, precision and optical instruments, watches and clocks (33)",1.0
920110,Pianos (Including Automatic Pianos); Harpsichords And Other Keyboard Stringed Instruments,p36,Furniture; other manufactured goods n.e.c. (36),1.0
920120,Pianos (Including Automatic Pianos); Harpsichords And Other Keyboard Stringed Instruments,p36,Furniture; other manufactured goods n.e.c. (36),1.0
920190,Pianos (Including Automatic Pianos); Harpsichords And Other Keyboard Stringed Instruments,p36,Furniture; other manufactured goods n.e.c. (36),1.0
920210,"String Musical Instruments, N.E.S. (E.G. Guitars, Violins, Harps)",p36,Furniture; other manufactured goods n.e.c. (36),1.0
920290,"String Musical Instruments, N.E.S. (E.G. Guitars, Violins, Harps)",p36,Furniture; other manufactured goods n.e.c. (36),1.0
920300,Keyboard Pipe Organs; Harmoniums And Similar Keyboard Instruments With Free Metal Reeds,p36,Furniture; other manufactured goods n.e.c. (36),1.0
920410,Accordians And Similar Instruments; Mouth Organs,p36,Furniture; other manufactured goods n.e.c. (36),1.0
920420,Accordians And Similar Instruments; Mouth Organs,p36,Furniture; other manufactured goods n.e.c. (36),1.0
920510,"Wind Musical Instruments, N.E.S. (E.G., Clarinets, Trumpets, Bagpipes)",p36,Furniture; other manufactured goods n.e.c. (36),1.0
920590,"Wind Musical Instruments, N.E.S. (E.G., Clarinets, Trumpets, Bagpipes)",p36,Furniture; other manufactured goods n.e.c. (36),1.0
920600,"Percussion Musical Instruments (E.G., Drums, Xylophones, Cymbals, Castinets, Maraccas)",p36,Furniture; other manufactured goods n.e.c. (36),1.0
920710,"Keyboard Musical Instruments (Other Than Accordians), Sound Of Which Is Produced Or Must Be Amplified Electrically",p36,Furniture; other manufactured goods n.e.c. (36),1.0
920790,"Musical Instruments N.E.S. (Excluding Keyboard Instruments Except Accordia Ns), The Sound Of Which Is Produced Or Must Be Amplified Electrically",p36,Furniture; other manufactured goods n.e.c. (36),1.0
920810,"Musical Boxes, Fairground And Mechanical Street Organs, Etc. And Other Musical Instruments, N.E.S.; Decoy Calls; Whistles, Call Horns, Etc.",p36,Furniture; other manufactured goods n.e.c. (36),1.0
920890,"Musical Boxes, Fairground And Mechanical Street Organs, Etc. And Other Musical Instruments, N.E.S.; Decoy Calls; Whistles, Call Horns, Etc.",p36,Furniture; other manufactured goods n.e.c. (36),1.0
920910,"Parts And Accessories Of Musical Instruments (Mechanisms For Music Boxes, Perforated Cards, Etc.); Metronomes, Tuning Forks And Pitch Pipes",p36,Furniture; other manufactured goods n.e.c. (36),1.0
920920,"Parts And Accessories Of Musical Instruments (Mechanisms For Music Boxes, Perforated Cards, Etc.); Metronomes, Tuning Forks And Pitch Pipes",p36,Furniture; other manufactured goods n.e.c. (36),1.0
920930,"Parts And Accessories Of Musical Instruments (Mechanisms For Music Boxes, Perforated Cards, Etc.); Metronomes, Tuning Forks And Pitch Pipes",p36,Furniture; other manufactured goods n.e.c. (36),1.0
920991,"Parts And Accessories Of Musical Instruments (Mechanisms For Music Boxes, Perforated Cards, Etc.); Metronomes, Tuning Forks And Pitch Pipes",p36,Furniture; other manufactured goods n.e.c. (36),1.0
920992,"Parts And Accessories Of Musical Instruments (Mechanisms For Music Boxes, Perforated Cards, Etc.); Metronomes, Tuning Forks And Pitch Pipes",p36,Furniture; other manufactured goods n.e.c. (36),1.0
920993,"Parts And Accessories Of Musical Instruments (Mechanisms For Music Boxes, Perforated Cards, Etc.); Metronomes, Tuning Forks And Pitch Pipes",p36,Furniture; other manufactured goods n.e.c. (36),1.0
920994,"Parts And Accessories Of Musical Instruments (Mechanisms For Music Boxes, Perforated Cards, Etc.); Metronomes, Tuning Forks And Pitch Pipes",p36,Furniture; other manufactured goods n.e.c. (36),1.0
920999,"Parts And Accessories Of Musical Instruments (Mechanisms For Music Boxes, Perforated Cards, Etc.); Metronomes, Tuning Forks And Pitch Pipes",p36,Furniture; other manufactured goods n.e.c. (36),1.0
930100,"Military Weapons (Other Than Revolvers, Pistols And The Arms Of Heading 891.13)",p29,Machinery and equipment n.e.c. (29),1.0
930200,"Revolvers And Pistols, Designed To Fire Live Ammunition",p29,Machinery and equipment n.e.c. (29),1.0
930310,"Firearms, N.E.S. And Other Devices That Fire An Explosive Charge (Sporting Rifles, Devices For Firing Signal Flares, Blank Cartridges, Etc.)",p29,Machinery and equipment n.e.c. (29),1.0
930320,"Firearms, N.E.S. And Other Devices That Fire An Explosive Charge (Sporting Rifles, Devices For Firing Signal Flares, Blank Cartridges, Etc.)",p29,Machinery and equipment n.e.c. (29),1.0
930330,"Firearms, N.E.S. And Other Devices That Fire An Explosive Charge (Sporting Rifles, Devices For Firing Signal Flares, Blank Cartridges, Etc.)",p29,Machinery and equipment n.e.c. (29),1.0
930390,"Firearms, N.E.S. And Other Devices That Fire An Explosive Charge (Sporting Rifles, Devices For Firing Signal Flares, Blank Cartridges, Etc.)",p29,Machinery and equipment n.e.c. (29),1.0
930400,"Nonmilitary Arms Other Than Firearms, N.E.S. (Air Guns, Rifles And Pistols, Truncheons, Etc.), Excluding Swords And Other Side Arms",p29,Machinery and equipment n.e.c. (29),1.0
930510,Parts And Accessories Of Revolvers Or Pistols Designed To Fire Live Ammunition,p29,Machinery and equipment n.e.c. (29),1.0
930521,"Shotgun Barrels Of Shotguns For Sports, Hunting, Etc.",p29,Machinery and equipment n.e.c. (29),1.0
930529,"Parts Of Shotguns And Rifles For Sports, Hunting, Etc. N.E.S.",p29,Machinery and equipment n.e.c. (29),1.0
930590,"Parts And Accessories, N.E.S. Of Military Weapons (Other Than Revolvers A  Nd Pistols) And Nonmilitary Arms (Other Than Firearms And Sidearms)",p29,Machinery and equipment n.e.c. (29),1.0
930610,Cartridges For Riveting Or Similar Tools Or For Captive,p29,Machinery and equipment n.e.c. (29),1.0
930621,Cartridges For Shotguns,p29,Machinery and equipment n.e.c. (29),1.0
930629,Air Gun Pellets And Parts Of Cartridges For Shotguns,p29,Machinery and equipment n.e.c. (29),1.0
930630,"Cartridges And Parts Thereof, N.E.S.",p29,Machinery and equipment n.e.c. (29),1.0
930690,"Munitions Of War And Parts Thereof, N.E.S.",p29,Machinery and equipment n.e.c. (29),1.0
930700,"Swords, Cutlasses, Bayonets, Lances And Similar Arms And Parts Thereof And Scabbards And Shields Thereof",p28,"Fabricated metal products, except machinery and equipment (28)",1.0
940110,Seats Of A Kind Used For Aircraft,p36,Furniture; other manufactured goods n.e.c. (36),1.0
940120,Seats Of A Kind Used For Motor Vehicles,p36,Furniture; other manufactured goods n.e.c. (36),1.0
940130,"Swivel Seats With Variable Height Adjustment, N.E.S.",p36,Furniture; other manufactured goods n.e.c. (36),1.0
940140,"Seats, Other Than Garden Seats Or Camping Equipment, Convertible Into Beds",p36,Furniture; other manufactured goods n.e.c. (36),1.0
940150,"Seats Of Cane, Osier, Bamboo Or Similar Materials",p36,Furniture; other manufactured goods n.e.c. (36),1.0
940161,"Seats, N.E.S., With Wooden Frames",p36,Furniture; other manufactured goods n.e.c. (36),1.0
940169,"Seats, N.E.S., With Wooden Frames",p36,Furniture; other manufactured goods n.e.c. (36),1.0
940171,"Seats, N.E.S., With Metal Frames",p36,Furniture; other manufactured goods n.e.c. (36),1.0
940179,"Seats, N.E.S., With Metal Frames",p36,Furniture; other manufactured goods n.e.c. (36),1.0
940180,"Seats, N.E.S.",p36,Furniture; other manufactured goods n.e.c. (36),1.0
940190,"Parts Of Seats, N.E.S.",p36,Furniture; other manufactured goods n.e.c. (36),1.0
940210,"Medical, Dental, Surgical Or Veterinary Furniture (Operating And Examining Tables, Mechanical Hospital Beds And Dentists Or Similar Chairs) And Par",p33,"Medical, precision and optical instruments, watches and clocks (33)",1.0
940290,"Medical, Dental, Surgical Or Veterinary Furniture (Operating And Examining Tables, Mechanical Hospital Beds And Dentists Or Similar Chairs) And Par",p33,"Medical, precision and optical instruments, watches and clocks (33)",1.0
940310,"Furniture, N.E.S., Of Metal, Of A Kind Used In Offices",p36,Furniture; other manufactured goods n.e.c. (36),1.0
940320,"Furniture, N.E.S., Of Metal, Other Than Of A Kind Used In Offices",p36,Furniture; other manufactured goods n.e.c. (36),1.0
940330,"Furniture, N.E.S., Of Wood, Of A Kind Used In Offices",p36,Furniture; other manufactured goods n.e.c. (36),1.0
940340,"Furniture, N.E.S., Of Wood, Of A Kind Used In Kitchens",p36,Furniture; other manufactured goods n.e.c. (36),1.0
940350,"Furniture, N.E.S., Of Wood, Of A Kind Used In Bedrooms",p36,Furniture; other manufactured goods n.e.c. (36),1.0
940360,"Furniture, N.E.S., Of Wood, N.E.S. (Other Than Of A Kind Used In Offices, Kitchens, Or Bedrooms)",p36,Furniture; other manufactured goods n.e.c. (36),1.0
940370,"Furniture, N.E.S., Of Plastics",p36,Furniture; other manufactured goods n.e.c. (36),1.0
940380,"Furniture, N.E.S., Of Materials Other Than Of Metal, Wood Or Plastics",p36,Furniture; other manufactured goods n.e.c. (36),1.0
940390,"Parts Of Furniture, N.E.S., Of Metal, Wood And Other Materials",p36,Furniture; other manufactured goods n.e.c. (36),1.0
940410,Mattress Supports,p36,Furniture; other manufactured goods n.e.c. (36),1.0
940421,Mattresses Of Cellular Rubber Or Plastics,p36,Furniture; other manufactured goods n.e.c. (36),1.0
940429,Mattresses Of Materials Other Than Cellular Rubber Or Plastics,p36,Furniture; other manufactured goods n.e.c. (36),1.0
940430,Sleeping Bags,p17,Textiles (17),1.0
940490,"Articles Of Bedding, N.E.S., Including Cushions, Quilts And Pillows",p17,Textiles (17),1.0
940510,Chandeliers And Other Electric Ceiling And Wall Lighting Fittings (Except Those For Lighting Of Public Open Spaces And Thoroughfares),p31,Electrical machinery and apparatus n.e.c. (31),1.0
940520,"Electric Table, Desk, Bedside Or Floor",p31,Electrical machinery and apparatus n.e.c. (31),1.0
940530,"Magnetic Tapes For Sound Recording Or Similar Recording Of Other Phenomena, Of A Width Not Exceeding 4 Mm",p31,Electrical machinery and apparatus n.e.c. (31),1.0
940540,"Electric Lamps And Lighting Fittings, N.E.S.",p31,Electrical machinery and apparatus n.e.c. (31),1.0
940550,Nonelectrical Lamps And Lighting Fittings,p31,Electrical machinery and apparatus n.e.c. (31),1.0
940560,"Illuminated Signs, Illuminated Nameplates And The Like",p31,Electrical machinery and apparatus n.e.c. (31),1.0
940591,"Parts N.E.S., Of Lamps And Lighting Fittings, N.E.S., And Parts Of Illuminated Signs And Nameplates, Etc., Of Glass",p26.a,Glass and glass products,1.0
940592,"Parts N.E.S., Of Lamps And Lighting Fittings, N.E.S., And Parts Of Illuminated Signs And Nameplates, Etc., Of Plastics",p25,Rubber and plastic products (25),1.0
940599,"Parts N.E.S., Of Lamps And Lighting Fittings, N.E.S., And Parts Of Illuminated Signs And Nameplates, Etc., Of Materials Other Than Glass Or Plastics",p31,Electrical machinery and apparatus n.e.c. (31),1.0
940600,Prefabricated Buildings,p20,Wood and products of wood and cork (except furniture); articles of straw and plaiting materials (20),1.0
940600,Prefabricated Buildings,p26.d,"Cement, lime and plaster",1.0
940600,Prefabricated Buildings,p28,"Fabricated metal products, except machinery and equipment (28)",1.0
950100,"Wheeled Toys Designed To Be Ridden By Children (Including Bicycles, Tricycles, Scooters And Pedal Cars); Dolls Carriages",p36,Furniture; other manufactured goods n.e.c. (36),1.0
950210,"Dolls Representing Only Human Beings, Whether Or Not Dressed",p36,Furniture; other manufactured goods n.e.c. (36),1.0
950291,Parts And Accessories Of Dolls Representing Only Human Beings,p36,Furniture; other manufactured goods n.e.c. (36),1.0
950299,Parts And Accessories Of Dolls Representing Only Human Beings,p36,Furniture; other manufactured goods n.e.c. (36),1.0
950310,Construction Sets And Constructional Toys,p36,Furniture; other manufactured goods n.e.c. (36),1.0
950320,Construction Sets And Constructional Toys,p36,Furniture; other manufactured goods n.e.c. (36),1.0
950330,Construction Sets And Constructional Toys,p36,Furniture; other manufactured goods n.e.c. (36),1.0
950341,Toys Representing Animals Or Non,p36,Furniture; other manufactured goods n.e.c. (36),1.0
950349,Toys Representing Animals Or Non,p36,Furniture; other manufactured goods n.e.c. (36),1.0
950350,Toy Musical Instruments And Apparatus,p36,Furniture; other manufactured goods n.e.c. (36),1.0
950360,Puzzles,p36,Furniture; other manufactured goods n.e.c. (36),1.0
950370,"Toys, N.E.S.",p36,Furniture; other manufactured goods n.e.c. (36),1.0
950380,"Toys, N.E.S.",p36,Furniture; other manufactured goods n.e.c. (36),1.0
950390,"Toys, N.E.S.",p36,Furniture; other manufactured goods n.e.c. (36),1.0
950410,Video Games Of A Kind Used With A Television Receiver,p36,Furniture; other manufactured goods n.e.c. (36),1.0
950420,Articles And Accessories For Billiards,p36,Furniture; other manufactured goods n.e.c. (36),1.0
950430,"Games N.E.S., Coin",p36,Furniture; other manufactured goods n.e.c. (36),1.0
950440,Playing Cards,p36,Furniture; other manufactured goods n.e.c. (36),1.0
950490,"Articles For Funfair, Table And Parlor Games, N.E.S.",p36,Furniture; other manufactured goods n.e.c. (36),1.0
950510,"Articles, N.E.S. For Christmas Festivities",p36,Furniture; other manufactured goods n.e.c. (36),1.0
950590,"Entertainment Articles, N.E.S., Including Festive, Carnival Or Other Entertainment Articles, Except Christmas Tree Lights And Other Christmas Artic",p36,Furniture; other manufactured goods n.e.c. (36),1.0
950611,Snow,p36,Furniture; other manufactured goods n.e.c. (36),1.0
950612,Snow,p36,Furniture; other manufactured goods n.e.c. (36),1.0
950619,Snow,p36,Furniture; other manufactured goods n.e.c. (36),1.0
950621,"Water Skis, Surfboards, Sailboards And Other Water Sport Equipment",p36,Furniture; other manufactured goods n.e.c. (36),1.0
950629,"Water Skis, Surfboards, Sailboards And Other Water Sport Equipment",p36,Furniture; other manufactured goods n.e.c. (36),1.0
950631,Golf Equipment,p36,Furniture; other manufactured goods n.e.c. (36),1.0
950632,Golf Equipment,p36,Furniture; other manufactured goods n.e.c. (36),1.0
950639,Golf Equipment,p36,Furniture; other manufactured goods n.e.c. (36),1.0
950640,"Sports Goods, N.E.S., Including Skate Boards, Polo And Croquet Mallets, Clay Pigeons And Projectors, Bobsleds, Toboggans, Snowshoes And Sleds, Etc.",p36,Furniture; other manufactured goods n.e.c. (36),1.0
950651,"Tennis, Badminton  Or Similar Rackets, Whether Or Not Strung",p36,Furniture; other manufactured goods n.e.c. (36),1.0
950659,"Tennis, Badminton  Or Similar Rackets, Whether Or Not Strung",p36,Furniture; other manufactured goods n.e.c. (36),1.0
950661,"Sports Goods, N.E.S., Including Skate Boards, Polo And Croquet Mallets, Clay Pigeons And Projectors, Bobsleds, Toboggans, Snowshoes And Sleds, Etc.",p36,Furniture; other manufactured goods n.e.c. (36),1.0
950662,"Sports Goods, N.E.S., Including Skate Boards, Polo And Croquet Mallets, Clay Pigeons And Projectors, Bobsleds, Toboggans, Snowshoes And Sleds, Etc.",p36,Furniture; other manufactured goods n.e.c. (36),1.0
950669,"Sports Goods, N.E.S., Including Skate Boards, Polo And Croquet Mallets, Clay Pigeons And Projectors, Bobsleds, Toboggans, Snowshoes And Sleds, Etc.",p36,Furniture; other manufactured goods n.e.c. (36),1.0
950670,Ice Skates And Roller Skates (Including Skating Boots With Skates Attached),p36,Furniture; other manufactured goods n.e.c. (36),1.0
950691,"Articles And Equipment For General Physical Exercise, Gymnastics Or Athletics",p36,Furniture; other manufactured goods n.e.c. (36),1.0
950699,"Sports Goods, N.E.S., Including Skate Boards, Polo And Croquet Mallets, Clay Pigeons And Projectors, Bobsleds, Toboggans, Snowshoes And Sleds, Etc.",p36,Furniture; other manufactured goods n.e.c. (36),1.0
950710,"Fishing Rods, Hooks, Other Tackle And Landing Nets; Butterfly Etc. Nets; Decoys (Not Collectors Items Or Decoy Calls); Hunting Etc. Requisites, N.E",p36,Furniture; other manufactured goods n.e.c. (36),1.0
950720,"Fishing Rods, Hooks, Other Tackle And Landing Nets; Butterfly Etc. Nets; Decoys (Not Collectors Items Or Decoy Calls); Hunting Etc. Requisites, N.E",p36,Furniture; other manufactured goods n.e.c. (36),1.0
950730,"Fishing Rods, Hooks, Other Tackle And Landing Nets; Butterfly Etc. Nets; Decoys (Not Collectors Items Or Decoy Calls); Hunting Etc. Requisites, N.E",p36,Furniture; other manufactured goods n.e.c. (36),1.0
950790,"Fishing Rods, Hooks, Other Tackle And Landing Nets; Butterfly Etc. Nets; Decoys (Not Collectors Items Or Decoy Calls); Hunting Etc. Requisites, N.E",p36,Furniture; other manufactured goods n.e.c. (36),1.0
950800,Merry,p36,Furniture; other manufactured goods n.e.c. (36),1.0
960110,"Worked Ivory, Bone, Horn, Coral, Mother",p36,Furniture; other manufactured goods n.e.c. (36),1.0
960190,"Worked Ivory, Bone, Horn, Coral, Mother",p36,Furniture; other manufactured goods n.e.c. (36),1.0
960200,"Worked Vegetable Or Mineral Carving Material And Articles Thereof; Molded Articles Of Wax, Natural Gums, Etc.; Worked Unhardened Gelatin, Etc., N.E.",p36,Furniture; other manufactured goods n.e.c. (36),1.0
960310,"Brooms, Brushes (Including Brushes Which Are Parts Of Machines, Etc. Or Vehicles), Mops And Feather Dusters; Prepared Knots And Tufts; Paint Pads Et",p36,Furniture; other manufactured goods n.e.c. (36),1.0
960321,"Brooms, Brushes (Including Brushes Which Are Parts Of Machines, Etc. Or Vehicles), Mops And Feather Dusters; Prepared Knots And Tufts; Paint Pads Et",p36,Furniture; other manufactured goods n.e.c. (36),1.0
960329,"Brooms, Brushes (Including Brushes Which Are Parts Of Machines, Etc. Or Vehicles), Mops And Feather Dusters; Prepared Knots And Tufts; Paint Pads Et",p36,Furniture; other manufactured goods n.e.c. (36),1.0
960330,"Brooms, Brushes (Including Brushes Which Are Parts Of Machines, Etc. Or Vehicles), Mops And Feather Dusters; Prepared Knots And Tufts; Paint Pads Et",p36,Furniture; other manufactured goods n.e.c. (36),1.0
960340,"Brooms, Brushes (Including Brushes Which Are Parts Of Machines, Etc. Or Vehicles), Mops And Feather Dusters; Prepared Knots And Tufts; Paint Pads Et",p36,Furniture; other manufactured goods n.e.c. (36),1.0
960350,"Brooms, Brushes (Including Brushes Which Are Parts Of Machines, Etc. Or Vehicles), Mops And Feather Dusters; Prepared Knots And Tufts; Paint Pads Et",p36,Furniture; other manufactured goods n.e.c. (36),1.0
960390,"Brooms, Brushes (Including Brushes Which Are Parts Of Machines, Etc. Or Vehicles), Mops And Feather Dusters; Prepared Knots And Tufts; Paint Pads Et",p36,Furniture; other manufactured goods n.e.c. (36),1.0
960400,Hand Sieves And Hand Riddles,p36,Furniture; other manufactured goods n.e.c. (36),1.0
960500,"Travel Sets For Personal Toilet, Sewing Or Shoe Or Clothes Cleaning",p19,Leather and leather products (19),1.0
960610,Press fasteners,p36,Furniture; other manufactured goods n.e.c. (36),1.0
960621,Press fasteners,p36,Furniture; other manufactured goods n.e.c. (36),1.0
960622,Press fasteners,p36,Furniture; other manufactured goods n.e.c. (36),1.0
960629,Press fasteners,p36,Furniture; other manufactured goods n.e.c. (36),1.0
960630,Button Molds And Other Parts Of Buttons; Button Blanks,p36,Furniture; other manufactured goods n.e.c. (36),1.0
960711,Slide Fastener,p36,Furniture; other manufactured goods n.e.c. (36),1.0
960719,Slide Fastener,p36,Furniture; other manufactured goods n.e.c. (36),1.0
960720,Parts Of Slide Fasteners,p36,Furniture; other manufactured goods n.e.c. (36),1.0
960810,Ball Point Pens; Felt Tipped Or Other Porous,p36,Furniture; other manufactured goods n.e.c. (36),1.0
960820,Ball Point Pens; Felt Tipped Or Other Porous,p36,Furniture; other manufactured goods n.e.c. (36),1.0
960831,Ball Point Pens; Felt Tipped Or Other Porous,p36,Furniture; other manufactured goods n.e.c. (36),1.0
960839,Ball Point Pens; Felt Tipped Or Other Porous,p36,Furniture; other manufactured goods n.e.c. (36),1.0
960840,Ball Point Pens; Felt Tipped Or Other Porous,p36,Furniture; other manufactured goods n.e.c. (36),1.0
960850,Ball Point Pens; Felt Tipped Or Other Porous,p36,Furniture; other manufactured goods n.e.c. (36),1.0
960860,Ball Point Pens; Felt Tipped Or Other Porous,p36,Furniture; other manufactured goods n.e.c. (36),1.0
960891,Pen Nibs And Nib Points,p36,Furniture; other manufactured goods n.e.c. (36),1.0
960899,Ball Point Pens; Felt Tipped Or Other Porous,p36,Furniture; other manufactured goods n.e.c. (36),1.0
960910,"Pencils, N.E.S., Crayons, Pencil Leads, Pastels, Drawing Charcoals, Writing Or Drawing Chalks And Tailors Chalks",p36,Furniture; other manufactured goods n.e.c. (36),1.0
960920,"Pencils, N.E.S., Crayons, Pencil Leads, Pastels, Drawing Charcoals, Writing Or Drawing Chalks And Tailors Chalks",p36,Furniture; other manufactured goods n.e.c. (36),1.0
960990,"Pencils, N.E.S., Crayons, Pencil Leads, Pastels, Drawing Charcoals, Writing Or Drawing Chalks And Tailors Chalks",p36,Furniture; other manufactured goods n.e.c. (36),1.0
961000,"Slates And Boards, With Writing Or Drawing Surfaces, Whether Or Not Framed",p36,Furniture; other manufactured goods n.e.c. (36),1.0
961100,"Date, Sealing Or Numbering Stamps And The Like (Including Devices For Printing Or Embossing Labels) Hand Operated; Hand Printing Sets, Etc.",p36,Furniture; other manufactured goods n.e.c. (36),1.0
961210,"Typewriter Or Similar Ribbons, Inked Or Otherwise Prepared, On Spools Etc. Or Not; Ink Pads, Whether Or Not Inked, With Or Without Boxes",p36,Furniture; other manufactured goods n.e.c. (36),1.0
961220,"Typewriter Or Similar Ribbons, Inked Or Otherwise Prepared, On Spools Etc. Or Not; Ink Pads, Whether Or Not Inked, With Or Without Boxes",p36,Furniture; other manufactured goods n.e.c. (36),1.0
961310,"Cigarette Lighters And Other Lighters, Whether Or Not Mechanical Or Electrical",p36,Furniture; other manufactured goods n.e.c. (36),1.0
961320,"Cigarette Lighters And Other Lighters, Whether Or Not Mechanical Or Electrical",p36,Furniture; other manufactured goods n.e.c. (36),1.0
961330,"Cigarette Lighters And Other Lighters, Whether Or Not Mechanical Or Electrical",p36,Furniture; other manufactured goods n.e.c. (36),1.0
961380,"Cigarette Lighters And Other Lighters, Whether Or Not Mechanical Or Electrical",p36,Furniture; other manufactured goods n.e.c. (36),1.0
961390,"Parts And Accessories Of Lighters, N.E.S., Other Than Flints Or Wicks",p36,Furniture; other manufactured goods n.e.c. (36),1.0
961420,"Smoking Pipes (Including Pipe Bowls) And Cigar Or Cigarette Holders, And P Arts Thereof (Excluding Roughly Shaped Blocks Of Wood Or Root As Parts)",p36,Furniture; other manufactured goods n.e.c. (36),1.0
961490,"Smoking Pipes (Including Pipe Bowls) And Cigar Or Cigarette Holders, And P Arts Thereof (Excluding Roughly Shaped Blocks Of Wood Or Root As Parts)",p36,Furniture; other manufactured goods n.e.c. (36),1.0
961511,"Combs, Hair",p36,Furniture; other manufactured goods n.e.c. (36),1.0
961519,"Combs, Hair",p36,Furniture; other manufactured goods n.e.c. (36),1.0
961590,"Combs, Hair",p36,Furniture; other manufactured goods n.e.c. (36),1.0
961610,"Scent Sprays And Similar Toilet Sprays, And Mounts And Heads Therefor",p36,Furniture; other manufactured goods n.e.c. (36),1.0
961620,Powder Puffs And Pads For The Application Of Cosmetics Or Toilet Preparations,p36,Furniture; other manufactured goods n.e.c. (36),1.0
961700,"Vacuum Flasks And Other Vacuum Vessels, Complete With Cases; Parts Thereof (Other Than Glass Inners",p36,Furniture; other manufactured goods n.e.c. (36),1.0
961800,Tailors Dummies And Other Lay Figures; Automatons And Other Animated Displays Used For Shop Window Dressing,p36,Furniture; other manufactured goods n.e.c. (36),1.0
970110,"Paintings, Drawings And Pastels, Executed Entirely By Hand As Works Of Art",p36,Furniture; other manufactured goods n.e.c. (36),1.0
970190,Collages And Similar Decorative Plaques,p36,Furniture; other manufactured goods n.e.c. (36),1.0
970200,"Original Engravings, Prints And Lithographs",p36,Furniture; other manufactured goods n.e.c. (36),1.0
970300,"Original Sculptures And Statuary, In Any Material",p36,Furniture; other manufactured goods n.e.c. (36),1.0
970400,"Postage Or Revenue Stamps, Stamp",p36,Furniture; other manufactured goods n.e.c. (36),1.0
970500,"Collections And Collectors Pieces Of Zoological, Botanical, Mineralogical, Anatomical, Historical, Archaeological, Numismatic, Etc. Interest",p36,Furniture; other manufactured goods n.e.c. (36),1.0
970600,Antiques Of An Age Exceeding 100 Years,p36,Furniture; other manufactured goods n.e.c. (36),1.0
310240,"Mineral Or Chemical Fertilizers, Nitrogenous, N.E.S. (Include Nitrogenous Mixtures, N.E.S.), (Imports Only",p24.b,N-fertiliser,1.0
310290,"Mineral Or Chemical Fertilizers, Nitrogenous, N.E.S. (Include Nitrogenous Mixtures, N.E.S.), (Imports Only",p24.b,N-fertiliser,1.0
