source_code,source_name,target_code,target_name,weight
11,"Agriculture, Forestry, Fishing and HuntingT",p01.a,Paddy rice,1.0
11,"Agriculture, Forestry, Fishing and HuntingT",p01.b,Wheat,1.0
11,"Agriculture, Forestry, Fishing and HuntingT",p01.c,Cereal grains nec,1.0
11,"Agriculture, Forestry, Fishing and HuntingT",p01.d,"Vegetables, fruit, nuts",1.0
11,"Agriculture, Forestry, Fishing and HuntingT",p01.e,Oil seeds,1.0
11,"Agriculture, Forestry, Fishing and HuntingT",p01.f,"Sugar cane, sugar beet",1.0
11,"Agriculture, Forestry, Fishing and HuntingT",p01.g,Plant-based fibers,1.0
11,"Agriculture, Forestry, Fishing and HuntingT",p01.h,Crops nec,1.0
11,"Agriculture, Forestry, Fishing and HuntingT",p01.i,Cattle,1.0
11,"Agriculture, Forestry, Fishing and HuntingT",p01.j,Pigs,1.0
11,"Agriculture, Forestry, Fishing and HuntingT",p01.k,Poultry,1.0
11,"Agriculture, Forestry, Fishing and HuntingT",p01.l,Meat animals nec,1.0
11,"Agriculture, Forestry, Fishing and HuntingT",p01.m,Animal products nec,1.0
11,"Agriculture, Forestry, Fishing and HuntingT",p01.n,Raw milk,1.0
11,"Agriculture, Forestry, Fishing and HuntingT",p01.o,"Wool, silk-worm cocoons",1.0
11,"Agriculture, Forestry, Fishing and HuntingT",p01.w.1,Manure (conventional treatment),1.0
11,"Agriculture, Forestry, Fishing and HuntingT",p01.w.2,Manure (biogas treatment),1.0
11,"Agriculture, Forestry, Fishing and HuntingT",p02,"Products of forestry, logging and related services (02)",1.0
11,"Agriculture, Forestry, Fishing and HuntingT",p05,Fish and other fishing products; services incidental of fishing (05),1.0
111,Crop ProductionT,p01.a,Paddy rice,1.0
111,Crop ProductionT,p01.b,Wheat,1.0
111,Crop ProductionT,p01.c,Cereal grains nec,1.0
111,Crop ProductionT,p01.d,"Vegetables, fruit, nuts",1.0
111,Crop ProductionT,p01.e,Oil seeds,1.0
111,Crop ProductionT,p01.f,"Sugar cane, sugar beet",1.0
111,Crop ProductionT,p01.g,Plant-based fibers,1.0
111,Crop ProductionT,p01.h,Crops nec,1.0
1111,Oilseed and Grain FarmingT,p01.a,Paddy rice,1.0
1111,Oilseed and Grain FarmingT,p01.b,Wheat,1.0
1111,Oilseed and Grain FarmingT,p01.c,Cereal grains nec,1.0
1111,Oilseed and Grain FarmingT,p01.d,"Vegetables, fruit, nuts",1.0
1111,Oilseed and Grain FarmingT,p01.e,Oil seeds,1.0
11111,Soybean FarmingT,p01.e,Oil seeds,1.0
111110,Soybean Farming,p01.e,Oil seeds,1.0
11112,Oilseed (except Soybean) FarmingT,p01.e,Oil seeds,1.0
111120,Oilseed (except Soybean) Farming,p01.e,Oil seeds,1.0
11113,Dry Pea and Bean FarmingT,p01.d,"Vegetables, fruit, nuts",1.0
111130,Dry Pea and Bean Farming,p01.d,"Vegetables, fruit, nuts",1.0
11114,Wheat FarmingT,p01.b,Wheat,1.0
111140,Wheat Farming,p01.b,Wheat,1.0
11115,Corn FarmingT,p01.c,Cereal grains nec,1.0
111150,Corn Farming,p01.c,Cereal grains nec,1.0
11116,Rice FarmingT,p01.a,Paddy rice,1.0
111160,Rice Farming,p01.a,Paddy rice,1.0
11119,Other Grain FarmingT,p01.b,Wheat,1.0
11119,Other Grain FarmingT,p01.c,Cereal grains nec,1.0
11119,Other Grain FarmingT,p01.e,Oil seeds,1.0
111191,Oilseed and Grain Combination Farming,p01.b,Wheat,1.0
111191,Oilseed and Grain Combination Farming,p01.c,Cereal grains nec,1.0
111191,Oilseed and Grain Combination Farming,p01.e,Oil seeds,1.0
111199,All Other Grain Farming,p01.c,Cereal grains nec,1.0
1112,Vegetable and Melon FarmingT,p01.d,"Vegetables, fruit, nuts",1.0
11121,Vegetable and Melon FarmingT,p01.d,"Vegetables, fruit, nuts",1.0
111211,Potato Farming,p01.d,"Vegetables, fruit, nuts",1.0
111219,Other Vegetable (except Potato) and Melon Farming,p01.d,"Vegetables, fruit, nuts",1.0
1113,Fruit and Tree Nut FarmingT,p01.d,"Vegetables, fruit, nuts",1.0
11131,Orange GrovesT,p01.d,"Vegetables, fruit, nuts",1.0
111310,Orange Groves,p01.d,"Vegetables, fruit, nuts",1.0
11132,Citrus (except Orange) GrovesT,p01.d,"Vegetables, fruit, nuts",1.0
111320,Citrus (except Orange) Groves,p01.d,"Vegetables, fruit, nuts",1.0
11133,Noncitrus Fruit and Tree Nut FarmingT,p01.d,"Vegetables, fruit, nuts",1.0
111331,Apple Orchards,p01.d,"Vegetables, fruit, nuts",1.0
111332,Grape Vineyards,p01.d,"Vegetables, fruit, nuts",1.0
111333,Strawberry Farming,p01.d,"Vegetables, fruit, nuts",1.0
111334,Berry (except Strawberry) Farming,p01.d,"Vegetables, fruit, nuts",1.0
111335,Tree Nut Farming,p01.d,"Vegetables, fruit, nuts",1.0
111336,Fruit and Tree Nut Combination Farming,p01.d,"Vegetables, fruit, nuts",1.0
111339,Other Noncitrus Fruit Farming,p01.d,"Vegetables, fruit, nuts",1.0
1114,"Greenhouse, Nursery, and Floriculture ProductionT",p01.d,"Vegetables, fruit, nuts",1.0
1114,"Greenhouse, Nursery, and Floriculture ProductionT",p01.h,Crops nec,1.0
11141,Food Crops Grown Under CoverT,p01.d,"Vegetables, fruit, nuts",1.0
11141,Food Crops Grown Under CoverT,p01.h,Crops nec,1.0
111411,Mushroom Production,p01.d,"Vegetables, fruit, nuts",1.0
111419,Other Food Crops Grown Under Cover,p01.d,"Vegetables, fruit, nuts",1.0
111419,Other Food Crops Grown Under Cover,p01.h,Crops nec,1.0
11142,Nursery and Floriculture ProductionT,p01.h,Crops nec,1.0
111421,Nursery and Tree Production,p01.h,Crops nec,1.0
111422,Floriculture Production,p01.h,Crops nec,1.0
1119,Other Crop FarmingT,p01.d,"Vegetables, fruit, nuts",1.0
1119,Other Crop FarmingT,p01.f,"Sugar cane, sugar beet",1.0
1119,Other Crop FarmingT,p01.g,Plant-based fibers,1.0
1119,Other Crop FarmingT,p01.h,Crops nec,1.0
11191,Tobacco FarmingT,p01.h,Crops nec,1.0
111910,Tobacco Farming,p01.h,Crops nec,1.0
11192,Cotton FarmingT,p01.g,Plant-based fibers,1.0
111920,Cotton Farming,p01.g,Plant-based fibers,1.0
11193,Sugarcane FarmingT,p01.f,"Sugar cane, sugar beet",1.0
111930,Sugarcane Farming,p01.f,"Sugar cane, sugar beet",1.0
11194,Hay FarmingT,p01.h,Crops nec,1.0
111940,Hay Farming,p01.h,Crops nec,1.0
11199,All Other Crop FarmingT,p01.d,"Vegetables, fruit, nuts",1.0
11199,All Other Crop FarmingT,p01.f,"Sugar cane, sugar beet",1.0
11199,All Other Crop FarmingT,p01.h,Crops nec,1.0
111991,Sugar Beet Farming,p01.f,"Sugar cane, sugar beet",1.0
111992,Peanut Farming,p01.d,"Vegetables, fruit, nuts",1.0
111998,All Other Miscellaneous Crop Farming,p01.h,Crops nec,1.0
112,Animal Production and AquacultureT,p01.i,Cattle,1.0
112,Animal Production and AquacultureT,p01.j,Pigs,1.0
112,Animal Production and AquacultureT,p01.k,Poultry,1.0
112,Animal Production and AquacultureT,p01.l,Meat animals nec,1.0
112,Animal Production and AquacultureT,p01.m,Animal products nec,1.0
112,Animal Production and AquacultureT,p01.n,Raw milk,1.0
112,Animal Production and AquacultureT,p01.o,"Wool, silk-worm cocoons",1.0
112,Animal Production and AquacultureT,p05,Fish and other fishing products; services incidental of fishing (05),1.0
1121,Cattle Ranching and FarmingT,p01.i,Cattle,1.0
1121,Cattle Ranching and FarmingT,p01.n,Raw milk,1.0
11211,"Beef Cattle Ranching and Farming, including FeedlotsT",p01.i,Cattle,1.0
112111,Beef Cattle Ranching and Farming,p01.i,Cattle,1.0
112112,Cattle Feedlots,p01.i,Cattle,1.0
11212,Dairy Cattle and Milk ProductionT,p01.n,Raw milk,1.0
112120,Dairy Cattle and Milk Production,p01.n,Raw milk,1.0
11213,Dual-Purpose Cattle Ranching and FarmingT,p01.i,Cattle,1.0
11213,Dual-Purpose Cattle Ranching and FarmingT,p01.n,Raw milk,1.0
112130,Dual-Purpose Cattle Ranching and Farming,p01.n,Raw milk,1.0
112130,Dual-Purpose Cattle Ranching and Farming,p01.i,Cattle,1.0
1122,Hog and Pig FarmingT,p01.j,Pigs,1.0
11221,Hog and Pig FarmingT,p01.j,Pigs,1.0
112210,Hog and Pig Farming,p01.j,Pigs,1.0
1123,Poultry and Egg ProductionT,p01.k,Poultry,1.0
11231,Chicken Egg ProductionT,p01.k,Poultry,1.0
112310,Chicken Egg Production,p01.k,Poultry,1.0
11232,Broilers and Other Meat Type Chicken ProductionT,p01.k,Poultry,1.0
112320,Broilers and Other Meat Type Chicken Production,p01.k,Poultry,1.0
11233,Turkey ProductionT,p01.k,Poultry,1.0
112330,Turkey Production,p01.k,Poultry,1.0
11234,Poultry HatcheriesT,p01.k,Poultry,1.0
112340,Poultry Hatcheries,p01.k,Poultry,1.0
11239,Other Poultry ProductionT,p01.k,Poultry,1.0
112390,Other Poultry Production,p01.k,Poultry,1.0
1124,Sheep and Goat FarmingT,p01.l,Meat animals nec,1.0
1124,Sheep and Goat FarmingT,p01.o,"Wool, silk-worm cocoons",1.0
11241,Sheep FarmingT,p01.l,Meat animals nec,1.0
11241,Sheep FarmingT,p01.o,"Wool, silk-worm cocoons",1.0
112410,Sheep Farming,p01.l,Meat animals nec,1.0
112410,Sheep Farming,p01.o,"Wool, silk-worm cocoons",1.0
11242,Goat FarmingT,p01.l,Meat animals nec,1.0
112420,Goat Farming,p01.l,Meat animals nec,1.0
1125,AquacultureT,p05,Fish and other fishing products; services incidental of fishing (05),1.0
11251,AquacultureT,p05,Fish and other fishing products; services incidental of fishing (05),1.0
112511,Finfish Farming and Fish Hatcheries,p05,Fish and other fishing products; services incidental of fishing (05),1.0
112512,Shellfish Farming,p05,Fish and other fishing products; services incidental of fishing (05),1.0
112519,Other Aquaculture,p05,Fish and other fishing products; services incidental of fishing (05),1.0
1129,Other Animal ProductionT,p01.l,Meat animals nec,1.0
1129,Other Animal ProductionT,p01.m,Animal products nec,1.0
11291,ApicultureT,p01.m,Animal products nec,1.0
112910,Apiculture,p01.m,Animal products nec,1.0
11292,Horses and Other Equine ProductionT,p01.l,Meat animals nec,1.0
112920,Horses and Other Equine Production,p01.l,Meat animals nec,1.0
11293,Fur-Bearing Animal and Rabbit ProductionT,p01.l,Meat animals nec,1.0
11293,Fur-Bearing Animal and Rabbit ProductionT,p01.m,Animal products nec,1.0
112930,Fur-Bearing Animal and Rabbit Production,p01.l,Meat animals nec,1.0
112930,Fur-Bearing Animal and Rabbit Production,p01.m,Animal products nec,1.0
11299,All Other Animal ProductionT,p01.l,Meat animals nec,1.0
11299,All Other Animal ProductionT,p01.m,Animal products nec,1.0
112990,All Other Animal Production,p01.l,Meat animals nec,1.0
112990,All Other Animal Production,p01.m,Animal products nec,1.0
113,Forestry and LoggingT,p02,"Products of forestry, logging and related services (02)",1.0
1131,Timber Tract OperationsT,p02,"Products of forestry, logging and related services (02)",1.0
11311,Timber Tract OperationsT,p02,"Products of forestry, logging and related services (02)",1.0
113110,Timber Tract Operations,p02,"Products of forestry, logging and related services (02)",1.0
1132,Forest Nurseries and Gathering of Forest ProductsT,p02,"Products of forestry, logging and related services (02)",1.0
11321,Forest Nurseries and Gathering of Forest ProductsT,p02,"Products of forestry, logging and related services (02)",1.0
113210,Forest Nurseries and Gathering of Forest Products,p02,"Products of forestry, logging and related services (02)",1.0
1133,LoggingT,p02,"Products of forestry, logging and related services (02)",1.0
11331,LoggingT,p02,"Products of forestry, logging and related services (02)",1.0
113310,Logging,p02,"Products of forestry, logging and related services (02)",1.0
114,"Fishing, Hunting and TrappingT",p01.l,Meat animals nec,1.0
114,"Fishing, Hunting and TrappingT",p01.m,Animal products nec,1.0
114,"Fishing, Hunting and TrappingT",p05,Fish and other fishing products; services incidental of fishing (05),1.0
1141,FishingT,p05,Fish and other fishing products; services incidental of fishing (05),1.0
11411,FishingT,p05,Fish and other fishing products; services incidental of fishing (05),1.0
114111,Finfish Fishing,p05,Fish and other fishing products; services incidental of fishing (05),1.0
114112,Shellfish Fishing,p05,Fish and other fishing products; services incidental of fishing (05),1.0
114119,Other Marine Fishing,p05,Fish and other fishing products; services incidental of fishing (05),1.0
1142,Hunting and TrappingT,p01.l,Meat animals nec,1.0
1142,Hunting and TrappingT,p01.m,Animal products nec,1.0
11421,Hunting and TrappingT,p01.l,Meat animals nec,1.0
11421,Hunting and TrappingT,p01.m,Animal products nec,1.0
114210,Hunting and Trapping,p01.l,Meat animals nec,1.0
114210,Hunting and Trapping,p01.m,Animal products nec,1.0
115,Support Activities for Agriculture and ForestryT,p01.a,Paddy rice,1.0
115,Support Activities for Agriculture and ForestryT,p01.b,Wheat,1.0
115,Support Activities for Agriculture and ForestryT,p01.c,Cereal grains nec,1.0
115,Support Activities for Agriculture and ForestryT,p01.d,"Vegetables, fruit, nuts",1.0
115,Support Activities for Agriculture and ForestryT,p01.e,Oil seeds,1.0
115,Support Activities for Agriculture and ForestryT,p01.f,"Sugar cane, sugar beet",1.0
115,Support Activities for Agriculture and ForestryT,p01.g,Plant-based fibers,1.0
115,Support Activities for Agriculture and ForestryT,p01.h,Crops nec,1.0
115,Support Activities for Agriculture and ForestryT,p01.i,Cattle,1.0
115,Support Activities for Agriculture and ForestryT,p01.j,Pigs,1.0
115,Support Activities for Agriculture and ForestryT,p01.k,Poultry,1.0
115,Support Activities for Agriculture and ForestryT,p01.l,Meat animals nec,1.0
115,Support Activities for Agriculture and ForestryT,p01.m,Animal products nec,1.0
115,Support Activities for Agriculture and ForestryT,p01.n,Raw milk,1.0
115,Support Activities for Agriculture and ForestryT,p01.o,"Wool, silk-worm cocoons",1.0
115,Support Activities for Agriculture and ForestryT,p01.w.1,Manure (conventional treatment),1.0
115,Support Activities for Agriculture and ForestryT,p01.w.2,Manure (biogas treatment),1.0
115,Support Activities for Agriculture and ForestryT,p02,"Products of forestry, logging and related services (02)",1.0
1151,Support Activities for Crop ProductionT,p01.a,Paddy rice,1.0
1151,Support Activities for Crop ProductionT,p01.b,Wheat,1.0
1151,Support Activities for Crop ProductionT,p01.c,Cereal grains nec,1.0
1151,Support Activities for Crop ProductionT,p01.d,"Vegetables, fruit, nuts",1.0
1151,Support Activities for Crop ProductionT,p01.e,Oil seeds,1.0
1151,Support Activities for Crop ProductionT,p01.f,"Sugar cane, sugar beet",1.0
1151,Support Activities for Crop ProductionT,p01.g,Plant-based fibers,1.0
1151,Support Activities for Crop ProductionT,p01.h,Crops nec,1.0
1151,Support Activities for Crop ProductionT,p01.i,Cattle,1.0
1151,Support Activities for Crop ProductionT,p01.j,Pigs,1.0
1151,Support Activities for Crop ProductionT,p01.k,Poultry,1.0
1151,Support Activities for Crop ProductionT,p01.l,Meat animals nec,1.0
1151,Support Activities for Crop ProductionT,p01.m,Animal products nec,1.0
1151,Support Activities for Crop ProductionT,p01.n,Raw milk,1.0
1151,Support Activities for Crop ProductionT,p01.o,"Wool, silk-worm cocoons",1.0
1151,Support Activities for Crop ProductionT,p01.w.1,Manure (conventional treatment),1.0
1151,Support Activities for Crop ProductionT,p01.w.2,Manure (biogas treatment),1.0
11511,Support Activities for Crop ProductionT,p01.a,Paddy rice,1.0
11511,Support Activities for Crop ProductionT,p01.b,Wheat,1.0
11511,Support Activities for Crop ProductionT,p01.c,Cereal grains nec,1.0
11511,Support Activities for Crop ProductionT,p01.d,"Vegetables, fruit, nuts",1.0
11511,Support Activities for Crop ProductionT,p01.e,Oil seeds,1.0
11511,Support Activities for Crop ProductionT,p01.f,"Sugar cane, sugar beet",1.0
11511,Support Activities for Crop ProductionT,p01.g,Plant-based fibers,1.0
11511,Support Activities for Crop ProductionT,p01.h,Crops nec,1.0
11511,Support Activities for Crop ProductionT,p01.i,Cattle,1.0
11511,Support Activities for Crop ProductionT,p01.j,Pigs,1.0
11511,Support Activities for Crop ProductionT,p01.k,Poultry,1.0
11511,Support Activities for Crop ProductionT,p01.l,Meat animals nec,1.0
11511,Support Activities for Crop ProductionT,p01.m,Animal products nec,1.0
11511,Support Activities for Crop ProductionT,p01.n,Raw milk,1.0
11511,Support Activities for Crop ProductionT,p01.o,"Wool, silk-worm cocoons",1.0
11511,Support Activities for Crop ProductionT,p01.w.1,Manure (conventional treatment),1.0
11511,Support Activities for Crop ProductionT,p01.w.2,Manure (biogas treatment),1.0
115111,Cotton Ginning,p01.g,Plant-based fibers,1.0
115112,"Soil Preparation, Planting, and Cultivating",p01.a,Paddy rice,1.0
115112,"Soil Preparation, Planting, and Cultivating",p01.b,Wheat,1.0
115112,"Soil Preparation, Planting, and Cultivating",p01.c,Cereal grains nec,1.0
115112,"Soil Preparation, Planting, and Cultivating",p01.d,"Vegetables, fruit, nuts",1.0
115112,"Soil Preparation, Planting, and Cultivating",p01.e,Oil seeds,1.0
115112,"Soil Preparation, Planting, and Cultivating",p01.f,"Sugar cane, sugar beet",1.0
115112,"Soil Preparation, Planting, and Cultivating",p01.g,Plant-based fibers,1.0
115112,"Soil Preparation, Planting, and Cultivating",p01.h,Crops nec,1.0
115113,"Crop Harvesting, Primarily by Machine",p01.a,Paddy rice,1.0
115113,"Crop Harvesting, Primarily by Machine",p01.b,Wheat,1.0
115113,"Crop Harvesting, Primarily by Machine",p01.c,Cereal grains nec,1.0
115113,"Crop Harvesting, Primarily by Machine",p01.d,"Vegetables, fruit, nuts",1.0
115113,"Crop Harvesting, Primarily by Machine",p01.e,Oil seeds,1.0
115113,"Crop Harvesting, Primarily by Machine",p01.f,"Sugar cane, sugar beet",1.0
115113,"Crop Harvesting, Primarily by Machine",p01.g,Plant-based fibers,1.0
115113,"Crop Harvesting, Primarily by Machine",p01.h,Crops nec,1.0
115114,Postharvest Crop Activities (except Cotton Ginning),p01.a,Paddy rice,1.0
115114,Postharvest Crop Activities (except Cotton Ginning),p01.b,Wheat,1.0
115114,Postharvest Crop Activities (except Cotton Ginning),p01.c,Cereal grains nec,1.0
115114,Postharvest Crop Activities (except Cotton Ginning),p01.d,"Vegetables, fruit, nuts",1.0
115114,Postharvest Crop Activities (except Cotton Ginning),p01.e,Oil seeds,1.0
115114,Postharvest Crop Activities (except Cotton Ginning),p01.f,"Sugar cane, sugar beet",1.0
115114,Postharvest Crop Activities (except Cotton Ginning),p01.g,Plant-based fibers,1.0
115114,Postharvest Crop Activities (except Cotton Ginning),p01.h,Crops nec,1.0
115115,Farm Labor Contractors and Crew Leaders,p01.a,Paddy rice,1.0
115115,Farm Labor Contractors and Crew Leaders,p01.b,Wheat,1.0
115115,Farm Labor Contractors and Crew Leaders,p01.c,Cereal grains nec,1.0
115115,Farm Labor Contractors and Crew Leaders,p01.d,"Vegetables, fruit, nuts",1.0
115115,Farm Labor Contractors and Crew Leaders,p01.e,Oil seeds,1.0
115115,Farm Labor Contractors and Crew Leaders,p01.f,"Sugar cane, sugar beet",1.0
115115,Farm Labor Contractors and Crew Leaders,p01.g,Plant-based fibers,1.0
115115,Farm Labor Contractors and Crew Leaders,p01.h,Crops nec,1.0
115116,Farm Management Services,p01.a,Paddy rice,1.0
115116,Farm Management Services,p01.b,Wheat,1.0
115116,Farm Management Services,p01.c,Cereal grains nec,1.0
115116,Farm Management Services,p01.d,"Vegetables, fruit, nuts",1.0
115116,Farm Management Services,p01.e,Oil seeds,1.0
115116,Farm Management Services,p01.f,"Sugar cane, sugar beet",1.0
115116,Farm Management Services,p01.g,Plant-based fibers,1.0
115116,Farm Management Services,p01.h,Crops nec,1.0
115116,Farm Management Services,p01.i,Cattle,1.0
115116,Farm Management Services,p01.j,Pigs,1.0
115116,Farm Management Services,p01.k,Poultry,1.0
115116,Farm Management Services,p01.l,Meat animals nec,1.0
115116,Farm Management Services,p01.m,Animal products nec,1.0
115116,Farm Management Services,p01.n,Raw milk,1.0
115116,Farm Management Services,p01.o,"Wool, silk-worm cocoons",1.0
115116,Farm Management Services,p01.w.1,Manure (conventional treatment),1.0
115116,Farm Management Services,p01.w.2,Manure (biogas treatment),1.0
1152,Support Activities for Animal ProductionT,p01.i,Cattle,1.0
1152,Support Activities for Animal ProductionT,p01.j,Pigs,1.0
1152,Support Activities for Animal ProductionT,p01.k,Poultry,1.0
1152,Support Activities for Animal ProductionT,p01.l,Meat animals nec,1.0
1152,Support Activities for Animal ProductionT,p01.m,Animal products nec,1.0
1152,Support Activities for Animal ProductionT,p01.n,Raw milk,1.0
1152,Support Activities for Animal ProductionT,p01.o,"Wool, silk-worm cocoons",1.0
1152,Support Activities for Animal ProductionT,p01.w.1,Manure (conventional treatment),1.0
1152,Support Activities for Animal ProductionT,p01.w.2,Manure (biogas treatment),1.0
11521,Support Activities for Animal ProductionT,p01.i,Cattle,1.0
11521,Support Activities for Animal ProductionT,p01.j,Pigs,1.0
11521,Support Activities for Animal ProductionT,p01.k,Poultry,1.0
11521,Support Activities for Animal ProductionT,p01.l,Meat animals nec,1.0
11521,Support Activities for Animal ProductionT,p01.m,Animal products nec,1.0
11521,Support Activities for Animal ProductionT,p01.n,Raw milk,1.0
11521,Support Activities for Animal ProductionT,p01.o,"Wool, silk-worm cocoons",1.0
11521,Support Activities for Animal ProductionT,p01.w.1,Manure (conventional treatment),1.0
11521,Support Activities for Animal ProductionT,p01.w.2,Manure (biogas treatment),1.0
115210,Support Activities for Animal Production,p01.i,Cattle,1.0
115210,Support Activities for Animal Production,p01.j,Pigs,1.0
115210,Support Activities for Animal Production,p01.k,Poultry,1.0
115210,Support Activities for Animal Production,p01.l,Meat animals nec,1.0
115210,Support Activities for Animal Production,p01.m,Animal products nec,1.0
115210,Support Activities for Animal Production,p01.n,Raw milk,1.0
115210,Support Activities for Animal Production,p01.o,"Wool, silk-worm cocoons",1.0
115210,Support Activities for Animal Production,p01.w.1,Manure (conventional treatment),1.0
115210,Support Activities for Animal Production,p01.w.2,Manure (biogas treatment),1.0
1153,Support Activities for ForestryT,p02,"Products of forestry, logging and related services (02)",1.0
11531,Support Activities for ForestryT,p02,"Products of forestry, logging and related services (02)",1.0
115310,Support Activities for Forestry,p02,"Products of forestry, logging and related services (02)",1.0
21,"Mining, Quarrying, and Oil and Gas ExtractionT",p10.a,Anthracite,1.0
21,"Mining, Quarrying, and Oil and Gas ExtractionT",p10.b,Coking Coal,1.0
21,"Mining, Quarrying, and Oil and Gas ExtractionT",p10.c,Other Bituminous Coal,1.0
21,"Mining, Quarrying, and Oil and Gas ExtractionT",p10.d,Sub-Bituminous Coal,1.0
21,"Mining, Quarrying, and Oil and Gas ExtractionT",p10.e,Patent Fuel,1.0
21,"Mining, Quarrying, and Oil and Gas ExtractionT",p10.f,Lignite/Brown Coal,1.0
21,"Mining, Quarrying, and Oil and Gas ExtractionT",p10.h,Peat,1.0
21,"Mining, Quarrying, and Oil and Gas ExtractionT",p11.a,"Crude petroleum and services related to crude oil extraction, excluding surveying",1.0
21,"Mining, Quarrying, and Oil and Gas ExtractionT",p11.b,"Natural gas and services related to natural gas extraction, excluding surveying",1.0
21,"Mining, Quarrying, and Oil and Gas ExtractionT",p11.b.1,Natural Gas Liquids,1.0
21,"Mining, Quarrying, and Oil and Gas ExtractionT",p11.c,Other Hydrocarbons,1.0
21,"Mining, Quarrying, and Oil and Gas ExtractionT",p12,Uranium and thorium ores (12),1.0
21,"Mining, Quarrying, and Oil and Gas ExtractionT",p13.1,Iron ores,1.0
21,"Mining, Quarrying, and Oil and Gas ExtractionT",p13.20.11,Copper ores and concentrates,1.0
21,"Mining, Quarrying, and Oil and Gas ExtractionT",p13.20.12,Nickel ores and concentrates,1.0
21,"Mining, Quarrying, and Oil and Gas ExtractionT",p13.20.13,Aluminium ores and concentrates,1.0
21,"Mining, Quarrying, and Oil and Gas ExtractionT",p13.20.14,Precious metal ores and concentrates,1.0
21,"Mining, Quarrying, and Oil and Gas ExtractionT",p13.20.15,"Lead, zinc and tin ores and concentrates",1.0
21,"Mining, Quarrying, and Oil and Gas ExtractionT",p13.20.16,Other non-ferrous metal ores and concentrates,1.0
21,"Mining, Quarrying, and Oil and Gas ExtractionT",p14.1,Stone,1.0
21,"Mining, Quarrying, and Oil and Gas ExtractionT",p14.2,Sand and clay,1.0
21,"Mining, Quarrying, and Oil and Gas ExtractionT",p14.3,"Chemical and fertilizer minerals, salt and other mining and quarrying products n.e.c.",1.0
211,Oil and Gas ExtractionT,p11.a,"Crude petroleum and services related to crude oil extraction, excluding surveying",1.0
211,Oil and Gas ExtractionT,p11.b,"Natural gas and services related to natural gas extraction, excluding surveying",1.0
211,Oil and Gas ExtractionT,p11.b.1,Natural Gas Liquids,1.0
211,Oil and Gas ExtractionT,p11.c,Other Hydrocarbons,1.0
2111,Oil and Gas ExtractionT,p11.a,"Crude petroleum and services related to crude oil extraction, excluding surveying",1.0
2111,Oil and Gas ExtractionT,p11.b,"Natural gas and services related to natural gas extraction, excluding surveying",1.0
2111,Oil and Gas ExtractionT,p11.b.1,Natural Gas Liquids,1.0
2111,Oil and Gas ExtractionT,p11.c,Other Hydrocarbons,1.0
21112,Crude Petroleum Extraction,p11.a,"Crude petroleum and services related to crude oil extraction, excluding surveying",1.0
211120,Crude Petroleum Extraction,p11.a,"Crude petroleum and services related to crude oil extraction, excluding surveying",1.0
21113,Natural Gas Extraction,p11.b,"Natural gas and services related to natural gas extraction, excluding surveying",1.0
21113,Natural Gas Extraction,p11.b.1,Natural Gas Liquids,1.0
21113,Natural Gas Extraction,p11.c,Other Hydrocarbons,1.0
211130,Natural Gas Extraction,p11.b,"Natural gas and services related to natural gas extraction, excluding surveying",1.0
211130,Natural Gas Extraction,p11.b.1,Natural Gas Liquids,1.0
211130,Natural Gas Extraction,p11.c,Other Hydrocarbons,1.0
212,Mining (except Oil and Gas)T,p10.a,Anthracite,1.0
212,Mining (except Oil and Gas)T,p10.b,Coking Coal,1.0
212,Mining (except Oil and Gas)T,p10.c,Other Bituminous Coal,1.0
212,Mining (except Oil and Gas)T,p10.d,Sub-Bituminous Coal,1.0
212,Mining (except Oil and Gas)T,p10.e,Patent Fuel,1.0
212,Mining (except Oil and Gas)T,p10.f,Lignite/Brown Coal,1.0
212,Mining (except Oil and Gas)T,p10.h,Peat,1.0
212,Mining (except Oil and Gas)T,p12,Uranium and thorium ores (12),1.0
212,Mining (except Oil and Gas)T,p13.1,Iron ores,1.0
212,Mining (except Oil and Gas)T,p13.20.11,Copper ores and concentrates,1.0
212,Mining (except Oil and Gas)T,p13.20.12,Nickel ores and concentrates,1.0
212,Mining (except Oil and Gas)T,p13.20.13,Aluminium ores and concentrates,1.0
212,Mining (except Oil and Gas)T,p13.20.14,Precious metal ores and concentrates,1.0
212,Mining (except Oil and Gas)T,p13.20.15,"Lead, zinc and tin ores and concentrates",1.0
212,Mining (except Oil and Gas)T,p13.20.16,Other non-ferrous metal ores and concentrates,1.0
212,Mining (except Oil and Gas)T,p14.1,Stone,1.0
212,Mining (except Oil and Gas)T,p14.2,Sand and clay,1.0
212,Mining (except Oil and Gas)T,p14.3,"Chemical and fertilizer minerals, salt and other mining and quarrying products n.e.c.",1.0
2121,Coal MiningT,p10.a,Anthracite,1.0
2121,Coal MiningT,p10.b,Coking Coal,1.0
2121,Coal MiningT,p10.c,Other Bituminous Coal,1.0
2121,Coal MiningT,p10.d,Sub-Bituminous Coal,1.0
2121,Coal MiningT,p10.e,Patent Fuel,1.0
2121,Coal MiningT,p10.f,Lignite/Brown Coal,1.0
21211,Coal MiningT,p10.a,Anthracite,1.0
21211,Coal MiningT,p10.b,Coking Coal,1.0
21211,Coal MiningT,p10.c,Other Bituminous Coal,1.0
21211,Coal MiningT,p10.d,Sub-Bituminous Coal,1.0
21211,Coal MiningT,p10.e,Patent Fuel,1.0
21211,Coal MiningT,p10.f,Lignite/Brown Coal,1.0
212111,Bituminous Coal and Lignite Surface Mining,p10.f,Lignite/Brown Coal,1.0
212112,Bituminous Coal Underground Mining,p10.f,Lignite/Brown Coal,1.0
212113,Anthracite Mining,p10.a,Anthracite,1.0
212113,Anthracite Mining,p10.b,Coking Coal,1.0
212113,Anthracite Mining,p10.c,Other Bituminous Coal,1.0
212113,Anthracite Mining,p10.d,Sub-Bituminous Coal,1.0
212113,Anthracite Mining,p10.e,Patent Fuel,1.0
2122,Metal Ore MiningT,p12,Uranium and thorium ores (12),1.0
2122,Metal Ore MiningT,p13.1,Iron ores,1.0
2122,Metal Ore MiningT,p13.20.11,Copper ores and concentrates,1.0
2122,Metal Ore MiningT,p13.20.12,Nickel ores and concentrates,1.0
2122,Metal Ore MiningT,p13.20.13,Aluminium ores and concentrates,1.0
2122,Metal Ore MiningT,p13.20.14,Precious metal ores and concentrates,1.0
2122,Metal Ore MiningT,p13.20.15,"Lead, zinc and tin ores and concentrates",1.0
2122,Metal Ore MiningT,p13.20.16,Other non-ferrous metal ores and concentrates,1.0
21221,Iron Ore MiningT,p13.1,Iron ores,1.0
212210,Iron Ore Mining,p13.1,Iron ores,1.0
21222,Gold Ore and Silver Ore MiningT,p13.20.14,Precious metal ores and concentrates,1.0
212221,Gold Ore Mining,p13.20.14,Precious metal ores and concentrates,1.0
212222,Silver Ore Mining,p13.20.14,Precious metal ores and concentrates,1.0
21223,"Copper, Nickel, Lead, and Zinc MiningT",p13.20.11,Copper ores and concentrates,1.0
21223,"Copper, Nickel, Lead, and Zinc MiningT",p13.20.12,Nickel ores and concentrates,1.0
21223,"Copper, Nickel, Lead, and Zinc MiningT",p13.20.15,"Lead, zinc and tin ores and concentrates",1.0
212230,"Copper, Nickel, Lead, and Zinc Mining",p13.20.11,Copper ores and concentrates,1.0
212230,"Copper, Nickel, Lead, and Zinc Mining",p13.20.12,Nickel ores and concentrates,1.0
212230,"Copper, Nickel, Lead, and Zinc Mining",p13.20.15,"Lead, zinc and tin ores and concentrates",1.0
21229,Other Metal Ore MiningT,p12,Uranium and thorium ores (12),1.0
21229,Other Metal Ore MiningT,p13.20.13,Aluminium ores and concentrates,1.0
21229,Other Metal Ore MiningT,p13.20.14,Precious metal ores and concentrates,1.0
21229,Other Metal Ore MiningT,p13.20.15,"Lead, zinc and tin ores and concentrates",1.0
21229,Other Metal Ore MiningT,p13.20.16,Other non-ferrous metal ores and concentrates,1.0
212291,Uranium-Radium-Vanadium Ore Mining,p12,Uranium and thorium ores (12),1.0
212299,All Other Metal Ore Mining,p13.20.13,Aluminium ores and concentrates,1.0
212299,All Other Metal Ore Mining,p13.20.14,Precious metal ores and concentrates,1.0
212299,All Other Metal Ore Mining,p13.20.15,"Lead, zinc and tin ores and concentrates",1.0
212299,All Other Metal Ore Mining,p13.20.16,Other non-ferrous metal ores and concentrates,1.0
2123,Nonmetallic Mineral Mining and QuarryingT,p10.h,Peat,1.0
2123,Nonmetallic Mineral Mining and QuarryingT,p14.1,Stone,1.0
2123,Nonmetallic Mineral Mining and QuarryingT,p14.2,Sand and clay,1.0
2123,Nonmetallic Mineral Mining and QuarryingT,p14.3,"Chemical and fertilizer minerals, salt and other mining and quarrying products n.e.c.",1.0
21231,Stone Mining and QuarryingT,p14.1,Stone,1.0
21231,Stone Mining and QuarryingT,p14.3,"Chemical and fertilizer minerals, salt and other mining and quarrying products n.e.c.",1.0
212311,Dimension Stone Mining and Quarrying,p14.1,Stone,1.0
212312,Crushed and Broken Limestone Mining and Quarrying,p14.1,Stone,1.0
212312,Crushed and Broken Limestone Mining and Quarrying,p14.3,"Chemical and fertilizer minerals, salt and other mining and quarrying products n.e.c.",1.0
212313,Crushed and Broken Granite Mining and Quarrying,p14.1,Stone,1.0
212319,Other Crushed and Broken Stone Mining and Quarrying,p14.1,Stone,1.0
21232,"Sand, Gravel, Clay, and Ceramic and Refractory Minerals Mining and QuarryingT",p14.2,Sand and clay,1.0
21232,"Sand, Gravel, Clay, and Ceramic and Refractory Minerals Mining and QuarryingT",p14.3,"Chemical and fertilizer minerals, salt and other mining and quarrying products n.e.c.",1.0
212321,Construction Sand and Gravel Mining,p14.2,Sand and clay,1.0
212322,Industrial Sand Mining,p14.2,Sand and clay,1.0
212324,Kaolin and Ball Clay Mining,p14.2,Sand and clay,1.0
212325,Clay and Ceramic and Refractory Minerals Mining,p14.2,Sand and clay,1.0
212325,Clay and Ceramic and Refractory Minerals Mining,p14.3,"Chemical and fertilizer minerals, salt and other mining and quarrying products n.e.c.",1.0
21239,Other Nonmetallic Mineral Mining and QuarryingT,p10.h,Peat,1.0
21239,Other Nonmetallic Mineral Mining and QuarryingT,p14.1,Stone,1.0
21239,Other Nonmetallic Mineral Mining and QuarryingT,p14.3,"Chemical and fertilizer minerals, salt and other mining and quarrying products n.e.c.",1.0
212391,"Potash, Soda, and Borate Mineral Mining",p14.3,"Chemical and fertilizer minerals, salt and other mining and quarrying products n.e.c.",1.0
212392,Phosphate Rock Mining,p14.3,"Chemical and fertilizer minerals, salt and other mining and quarrying products n.e.c.",1.0
212393,Other Chemical and Fertilizer Mineral Mining,p14.3,"Chemical and fertilizer minerals, salt and other mining and quarrying products n.e.c.",1.0
212399,All Other Nonmetallic Mineral Mining,p14.1,Stone,1.0
212399,All Other Nonmetallic Mineral Mining,p10.h,Peat,1.0
212399,All Other Nonmetallic Mineral Mining,p14.3,"Chemical and fertilizer minerals, salt and other mining and quarrying products n.e.c.",1.0
213,Support Activities for MiningT,p10.a,Anthracite,1.0
213,Support Activities for MiningT,p10.b,Coking Coal,1.0
213,Support Activities for MiningT,p10.c,Other Bituminous Coal,1.0
213,Support Activities for MiningT,p10.d,Sub-Bituminous Coal,1.0
213,Support Activities for MiningT,p10.e,Patent Fuel,1.0
213,Support Activities for MiningT,p10.f,Lignite/Brown Coal,1.0
213,Support Activities for MiningT,p10.h,Peat,1.0
213,Support Activities for MiningT,p11.a,"Crude petroleum and services related to crude oil extraction, excluding surveying",1.0
213,Support Activities for MiningT,p11.b,"Natural gas and services related to natural gas extraction, excluding surveying",1.0
213,Support Activities for MiningT,p11.b.1,Natural Gas Liquids,1.0
213,Support Activities for MiningT,p11.c,Other Hydrocarbons,1.0
213,Support Activities for MiningT,p12,Uranium and thorium ores (12),1.0
213,Support Activities for MiningT,p13.1,Iron ores,1.0
213,Support Activities for MiningT,p13.20.11,Copper ores and concentrates,1.0
213,Support Activities for MiningT,p13.20.12,Nickel ores and concentrates,1.0
213,Support Activities for MiningT,p13.20.13,Aluminium ores and concentrates,1.0
213,Support Activities for MiningT,p13.20.14,Precious metal ores and concentrates,1.0
213,Support Activities for MiningT,p13.20.15,"Lead, zinc and tin ores and concentrates",1.0
213,Support Activities for MiningT,p13.20.16,Other non-ferrous metal ores and concentrates,1.0
213,Support Activities for MiningT,p14.1,Stone,1.0
213,Support Activities for MiningT,p14.2,Sand and clay,1.0
213,Support Activities for MiningT,p14.3,"Chemical and fertilizer minerals, salt and other mining and quarrying products n.e.c.",1.0
2131,Support Activities for MiningT,p10.a,Anthracite,1.0
2131,Support Activities for MiningT,p10.b,Coking Coal,1.0
2131,Support Activities for MiningT,p10.c,Other Bituminous Coal,1.0
2131,Support Activities for MiningT,p10.d,Sub-Bituminous Coal,1.0
2131,Support Activities for MiningT,p10.e,Patent Fuel,1.0
2131,Support Activities for MiningT,p10.f,Lignite/Brown Coal,1.0
2131,Support Activities for MiningT,p10.h,Peat,1.0
2131,Support Activities for MiningT,p11.a,"Crude petroleum and services related to crude oil extraction, excluding surveying",1.0
2131,Support Activities for MiningT,p11.b,"Natural gas and services related to natural gas extraction, excluding surveying",1.0
2131,Support Activities for MiningT,p11.b.1,Natural Gas Liquids,1.0
2131,Support Activities for MiningT,p11.c,Other Hydrocarbons,1.0
2131,Support Activities for MiningT,p12,Uranium and thorium ores (12),1.0
2131,Support Activities for MiningT,p13.1,Iron ores,1.0
2131,Support Activities for MiningT,p13.20.11,Copper ores and concentrates,1.0
2131,Support Activities for MiningT,p13.20.12,Nickel ores and concentrates,1.0
2131,Support Activities for MiningT,p13.20.13,Aluminium ores and concentrates,1.0
2131,Support Activities for MiningT,p13.20.14,Precious metal ores and concentrates,1.0
2131,Support Activities for MiningT,p13.20.15,"Lead, zinc and tin ores and concentrates",1.0
2131,Support Activities for MiningT,p13.20.16,Other non-ferrous metal ores and concentrates,1.0
2131,Support Activities for MiningT,p14.1,Stone,1.0
2131,Support Activities for MiningT,p14.2,Sand and clay,1.0
2131,Support Activities for MiningT,p14.3,"Chemical and fertilizer minerals, salt and other mining and quarrying products n.e.c.",1.0
21311,Support Activities for MiningT,p10.a,Anthracite,1.0
21311,Support Activities for MiningT,p10.b,Coking Coal,1.0
21311,Support Activities for MiningT,p10.c,Other Bituminous Coal,1.0
21311,Support Activities for MiningT,p10.d,Sub-Bituminous Coal,1.0
21311,Support Activities for MiningT,p10.e,Patent Fuel,1.0
21311,Support Activities for MiningT,p10.f,Lignite/Brown Coal,1.0
21311,Support Activities for MiningT,p10.h,Peat,1.0
21311,Support Activities for MiningT,p11.a,"Crude petroleum and services related to crude oil extraction, excluding surveying",1.0
21311,Support Activities for MiningT,p11.b,"Natural gas and services related to natural gas extraction, excluding surveying",1.0
21311,Support Activities for MiningT,p11.b.1,Natural Gas Liquids,1.0
21311,Support Activities for MiningT,p11.c,Other Hydrocarbons,1.0
21311,Support Activities for MiningT,p12,Uranium and thorium ores (12),1.0
21311,Support Activities for MiningT,p13.1,Iron ores,1.0
21311,Support Activities for MiningT,p13.20.11,Copper ores and concentrates,1.0
21311,Support Activities for MiningT,p13.20.12,Nickel ores and concentrates,1.0
21311,Support Activities for MiningT,p13.20.13,Aluminium ores and concentrates,1.0
21311,Support Activities for MiningT,p13.20.14,Precious metal ores and concentrates,1.0
21311,Support Activities for MiningT,p13.20.15,"Lead, zinc and tin ores and concentrates",1.0
21311,Support Activities for MiningT,p13.20.16,Other non-ferrous metal ores and concentrates,1.0
21311,Support Activities for MiningT,p14.1,Stone,1.0
21311,Support Activities for MiningT,p14.2,Sand and clay,1.0
21311,Support Activities for MiningT,p14.3,"Chemical and fertilizer minerals, salt and other mining and quarrying products n.e.c.",1.0
213111,Drilling Oil and Gas Wells,p11.a,"Crude petroleum and services related to crude oil extraction, excluding surveying",1.0
213111,Drilling Oil and Gas Wells,p11.b,"Natural gas and services related to natural gas extraction, excluding surveying",1.0
213111,Drilling Oil and Gas Wells,p11.b.1,Natural Gas Liquids,1.0
213111,Drilling Oil and Gas Wells,p11.c,Other Hydrocarbons,1.0
213112,Support Activities for Oil and Gas Operations,p11.a,"Crude petroleum and services related to crude oil extraction, excluding surveying",1.0
213112,Support Activities for Oil and Gas Operations,p11.b,"Natural gas and services related to natural gas extraction, excluding surveying",1.0
213112,Support Activities for Oil and Gas Operations,p11.b.1,Natural Gas Liquids,1.0
213112,Support Activities for Oil and Gas Operations,p11.c,Other Hydrocarbons,1.0
213113,Support Activities for Coal Mining,p10.a,Anthracite,1.0
213113,Support Activities for Coal Mining,p10.b,Coking Coal,1.0
213113,Support Activities for Coal Mining,p10.c,Other Bituminous Coal,1.0
213113,Support Activities for Coal Mining,p10.d,Sub-Bituminous Coal,1.0
213113,Support Activities for Coal Mining,p10.e,Patent Fuel,1.0
213113,Support Activities for Coal Mining,p10.f,Lignite/Brown Coal,1.0
213113,Support Activities for Coal Mining,p10.h,Peat,1.0
213114,Support Activities for Metal Mining,p12,Uranium and thorium ores (12),1.0
213114,Support Activities for Metal Mining,p13.1,Iron ores,1.0
213114,Support Activities for Metal Mining,p13.20.11,Copper ores and concentrates,1.0
213114,Support Activities for Metal Mining,p13.20.12,Nickel ores and concentrates,1.0
213114,Support Activities for Metal Mining,p13.20.13,Aluminium ores and concentrates,1.0
213114,Support Activities for Metal Mining,p13.20.14,Precious metal ores and concentrates,1.0
213114,Support Activities for Metal Mining,p13.20.15,"Lead, zinc and tin ores and concentrates",1.0
213114,Support Activities for Metal Mining,p13.20.16,Other non-ferrous metal ores and concentrates,1.0
213115,Support Activities for Nonmetallic Minerals (except Fuels) Mining,p14.3,"Chemical and fertilizer minerals, salt and other mining and quarrying products n.e.c.",1.0
213115,Support Activities for Nonmetallic Minerals (except Fuels) Mining,p14.1,Stone,1.0
213115,Support Activities for Nonmetallic Minerals (except Fuels) Mining,p14.2,Sand and clay,1.0
22,UtilitiesT,p40.11.a,Electricity by coal,1.0
22,UtilitiesT,p40.11.b,Electricity by gas,1.0
22,UtilitiesT,p40.11.c,Electricity by nuclear,1.0
22,UtilitiesT,p40.11.d,Electricity by hydro,1.0
22,UtilitiesT,p40.11.e,Electricity by wind,1.0
22,UtilitiesT,p40.11.f,Electricity by petroleum and other oil derivatives,1.0
22,UtilitiesT,p40.11.g,Electricity by biomass and waste,1.0
22,UtilitiesT,p40.11.h,Electricity by solar photovoltaic,1.0
22,UtilitiesT,p40.11.i,Electricity by solar thermal,1.0
22,UtilitiesT,p40.11.j,"Electricity by tide, wave, ocean",1.0
22,UtilitiesT,p40.11.k,Electricity by Geothermal,1.0
22,UtilitiesT,p40.11.l,Electricity nec,1.0
22,UtilitiesT,p40.12,Transmission services of electricity,1.0
22,UtilitiesT,p40.13,Distribution and trade services of electricity,1.0
22,UtilitiesT,p40.2.1,Distribution services of gaseous fuels through mains,1.0
22,UtilitiesT,p40.3,Steam and hot water supply services,1.0
22,UtilitiesT,p41,"Collected and purified water, distribution services of water (41)",1.0
22,UtilitiesT,p90.4.a,Food waste for treatment: waste water treatment,1.0
22,UtilitiesT,p90.4.b,Other waste for treatment: waste water treatment,1.0
221,UtilitiesT,p40.11.a,Electricity by coal,1.0
221,UtilitiesT,p40.11.b,Electricity by gas,1.0
221,UtilitiesT,p40.11.c,Electricity by nuclear,1.0
221,UtilitiesT,p40.11.d,Electricity by hydro,1.0
221,UtilitiesT,p40.11.e,Electricity by wind,1.0
221,UtilitiesT,p40.11.f,Electricity by petroleum and other oil derivatives,1.0
221,UtilitiesT,p40.11.g,Electricity by biomass and waste,1.0
221,UtilitiesT,p40.11.h,Electricity by solar photovoltaic,1.0
221,UtilitiesT,p40.11.i,Electricity by solar thermal,1.0
221,UtilitiesT,p40.11.j,"Electricity by tide, wave, ocean",1.0
221,UtilitiesT,p40.11.k,Electricity by Geothermal,1.0
221,UtilitiesT,p40.11.l,Electricity nec,1.0
221,UtilitiesT,p40.12,Transmission services of electricity,1.0
221,UtilitiesT,p40.13,Distribution and trade services of electricity,1.0
221,UtilitiesT,p40.2.1,Distribution services of gaseous fuels through mains,1.0
221,UtilitiesT,p40.3,Steam and hot water supply services,1.0
221,UtilitiesT,p41,"Collected and purified water, distribution services of water (41)",1.0
221,UtilitiesT,p90.4.a,Food waste for treatment: waste water treatment,1.0
221,UtilitiesT,p90.4.b,Other waste for treatment: waste water treatment,1.0
2211,"Electric Power Generation, Transmission and DistributionT",p40.11.a,Electricity by coal,1.0
2211,"Electric Power Generation, Transmission and DistributionT",p40.11.b,Electricity by gas,1.0
2211,"Electric Power Generation, Transmission and DistributionT",p40.11.c,Electricity by nuclear,1.0
2211,"Electric Power Generation, Transmission and DistributionT",p40.11.d,Electricity by hydro,1.0
2211,"Electric Power Generation, Transmission and DistributionT",p40.11.e,Electricity by wind,1.0
2211,"Electric Power Generation, Transmission and DistributionT",p40.11.f,Electricity by petroleum and other oil derivatives,1.0
2211,"Electric Power Generation, Transmission and DistributionT",p40.11.g,Electricity by biomass and waste,1.0
2211,"Electric Power Generation, Transmission and DistributionT",p40.11.h,Electricity by solar photovoltaic,1.0
2211,"Electric Power Generation, Transmission and DistributionT",p40.11.i,Electricity by solar thermal,1.0
2211,"Electric Power Generation, Transmission and DistributionT",p40.11.j,"Electricity by tide, wave, ocean",1.0
2211,"Electric Power Generation, Transmission and DistributionT",p40.11.k,Electricity by Geothermal,1.0
2211,"Electric Power Generation, Transmission and DistributionT",p40.11.l,Electricity nec,1.0
2211,"Electric Power Generation, Transmission and DistributionT",p40.12,Transmission services of electricity,1.0
2211,"Electric Power Generation, Transmission and DistributionT",p40.13,Distribution and trade services of electricity,1.0
22111,Electric Power GenerationT,p40.11.a,Electricity by coal,1.0
22111,Electric Power GenerationT,p40.11.b,Electricity by gas,1.0
22111,Electric Power GenerationT,p40.11.c,Electricity by nuclear,1.0
22111,Electric Power GenerationT,p40.11.d,Electricity by hydro,1.0
22111,Electric Power GenerationT,p40.11.e,Electricity by wind,1.0
22111,Electric Power GenerationT,p40.11.f,Electricity by petroleum and other oil derivatives,1.0
22111,Electric Power GenerationT,p40.11.g,Electricity by biomass and waste,1.0
22111,Electric Power GenerationT,p40.11.h,Electricity by solar photovoltaic,1.0
22111,Electric Power GenerationT,p40.11.i,Electricity by solar thermal,1.0
22111,Electric Power GenerationT,p40.11.j,"Electricity by tide, wave, ocean",1.0
22111,Electric Power GenerationT,p40.11.k,Electricity by Geothermal,1.0
22111,Electric Power GenerationT,p40.11.l,Electricity nec,1.0
221111,Hydroelectric Power Generation,p40.11.d,Electricity by hydro,1.0
221112,Fossil Fuel Electric Power Generation,p40.11.a,Electricity by coal,1.0
221112,Fossil Fuel Electric Power Generation,p40.11.b,Electricity by gas,1.0
221112,Fossil Fuel Electric Power Generation,p40.11.f,Electricity by petroleum and other oil derivatives,1.0
221112,Fossil Fuel Electric Power Generation,p40.11.l,Electricity nec,1.0
221113,Nuclear Electric Power Generation,p40.11.c,Electricity by nuclear,1.0
221114,Solar Electric Power Generation,p40.11.h,Electricity by solar photovoltaic,1.0
221114,Solar Electric Power Generation,p40.11.i,Electricity by solar thermal,1.0
221115,Wind Electric Power Generation,p40.11.e,Electricity by wind,1.0
221116,Geothermal Electric Power Generation,p40.11.k,Electricity by Geothermal,1.0
221117,Biomass Electric Power Generation,p40.11.g,Electricity by biomass and waste,1.0
221118,Other Electric Power Generation,p40.11.j,"Electricity by tide, wave, ocean",1.0
221118,Other Electric Power Generation,p40.11.l,Electricity nec,1.0
22112,"Electric Power Transmission, Control, and DistributionT",p40.12,Transmission services of electricity,1.0
22112,"Electric Power Transmission, Control, and DistributionT",p40.13,Distribution and trade services of electricity,1.0
221121,Electric Bulk Power Transmission and Control,p40.12,Transmission services of electricity,1.0
221122,Electric Power Distribution,p40.13,Distribution and trade services of electricity,1.0
2212,Natural Gas DistributionT,p40.2.1,Distribution services of gaseous fuels through mains,1.0
22121,Natural Gas DistributionT,p40.2.1,Distribution services of gaseous fuels through mains,1.0
221210,Natural Gas Distribution,p40.2.1,Distribution services of gaseous fuels through mains,1.0
2213,"Water, Sewage and Other SystemsT",p40.3,Steam and hot water supply services,1.0
2213,"Water, Sewage and Other SystemsT",p41,"Collected and purified water, distribution services of water (41)",1.0
2213,"Water, Sewage and Other SystemsT",p90.4.a,Food waste for treatment: waste water treatment,1.0
2213,"Water, Sewage and Other SystemsT",p90.4.b,Other waste for treatment: waste water treatment,1.0
22131,Water Supply and Irrigation Systems,p41,"Collected and purified water, distribution services of water (41)",1.0
221310,Water Supply and Irrigation Systems,p41,"Collected and purified water, distribution services of water (41)",1.0
22132,Sewage Treatment Facilities,p90.4.a,Food waste for treatment: waste water treatment,1.0
22132,Sewage Treatment Facilities,p90.4.b,Other waste for treatment: waste water treatment,1.0
221320,Sewage Treatment Facilities,p90.4.a,Food waste for treatment: waste water treatment,1.0
221320,Sewage Treatment Facilities,p90.4.b,Other waste for treatment: waste water treatment,1.0
22133,Steam and Air-Conditioning Supply,p40.3,Steam and hot water supply services,1.0
221330,Steam and Air-Conditioning Supply,p40.3,Steam and hot water supply services,1.0
23,ConstructionT,p45,Construction work (45),1.0
23,ConstructionT,p45.w,"Secondary construction material for treatment, Re-processing of secondary construction material into aggregates",1.0
236,Construction of BuildingsT,p45,Construction work (45),1.0
236,Construction of BuildingsT,p45.w,"Secondary construction material for treatment, Re-processing of secondary construction material into aggregates",1.0
2361,Residential Building ConstructionT,p45,Construction work (45),1.0
23611,Residential Building ConstructionT,p45,Construction work (45),1.0
236115,New Single-Family Housing Construction (except For-Sale Builders),p45,Construction work (45),1.0
236116,New Multifamily Housing Construction (except For-Sale Builders),p45,Construction work (45),1.0
236117,New Housing For-Sale Builders,p45,Construction work (45),1.0
236118,Residential Remodelers,p45,Construction work (45),1.0
2362,Nonresidential Building ConstructionT,p45,Construction work (45),1.0
2362,Nonresidential Building ConstructionT,p45.w,"Secondary construction material for treatment, Re-processing of secondary construction material into aggregates",1.0
23621,Industrial Building ConstructionT,p45,Construction work (45),1.0
23621,Industrial Building ConstructionT,p45.w,"Secondary construction material for treatment, Re-processing of secondary construction material into aggregates",1.0
236210,Industrial Building Construction,p45,Construction work (45),1.0
236210,Industrial Building Construction,p45.w,"Secondary construction material for treatment, Re-processing of secondary construction material into aggregates",1.0
23622,Commercial and Institutional Building ConstructionT,p45,Construction work (45),1.0
236220,Commercial and Institutional Building Construction,p45,Construction work (45),1.0
237,Heavy and Civil Engineering ConstructionT,p45,Construction work (45),1.0
2371,Utility System ConstructionT,p45,Construction work (45),1.0
23711,Water and Sewer Line and Related Structures ConstructionT,p45,Construction work (45),1.0
237110,Water and Sewer Line and Related Structures Construction,p45,Construction work (45),1.0
23712,Oil and Gas Pipeline and Related Structures ConstructionT,p45,Construction work (45),1.0
237120,Oil and Gas Pipeline and Related Structures Construction,p45,Construction work (45),1.0
23713,Power and Communication Line and Related Structures ConstructionT,p45,Construction work (45),1.0
237130,Power and Communication Line and Related Structures Construction,p45,Construction work (45),1.0
2372,Land SubdivisionT,p45,Construction work (45),1.0
23721,Land SubdivisionT,p45,Construction work (45),1.0
237210,Land Subdivision,p45,Construction work (45),1.0
2373,"Highway, Street, and Bridge ConstructionT",p45,Construction work (45),1.0
23731,"Highway, Street, and Bridge ConstructionT",p45,Construction work (45),1.0
237310,"Highway, Street, and Bridge Construction",p45,Construction work (45),1.0
2379,Other Heavy and Civil Engineering ConstructionT,p45,Construction work (45),1.0
23799,Other Heavy and Civil Engineering ConstructionT,p45,Construction work (45),1.0
237990,Other Heavy and Civil Engineering Construction,p45,Construction work (45),1.0
238,Specialty Trade ContractorsT,p45,Construction work (45),1.0
2381,"Foundation, Structure, and Building Exterior ContractorsT",p45,Construction work (45),1.0
23811,Poured Concrete Foundation and Structure Contractors,p45,Construction work (45),1.0
238110,Poured Concrete Foundation and Structure Contractors,p45,Construction work (45),1.0
23812,Structural Steel and Precast Concrete Contractors,p45,Construction work (45),1.0
238120,Structural Steel and Precast Concrete Contractors,p45,Construction work (45),1.0
23813,Framing Contractors,p45,Construction work (45),1.0
238130,Framing Contractors,p45,Construction work (45),1.0
23814,Masonry Contractors,p45,Construction work (45),1.0
238140,Masonry Contractors,p45,Construction work (45),1.0
23815,Glass and Glazing Contractors,p45,Construction work (45),1.0
238150,Glass and Glazing Contractors,p45,Construction work (45),1.0
23816,Roofing Contractors,p45,Construction work (45),1.0
238160,Roofing Contractors,p45,Construction work (45),1.0
23817,Siding Contractors,p45,Construction work (45),1.0
238170,Siding Contractors,p45,Construction work (45),1.0
23819,"Other Foundation, Structure, and Building Exterior Contractors",p45,Construction work (45),1.0
238190,"Other Foundation, Structure, and Building Exterior Contractors",p45,Construction work (45),1.0
2382,Building Equipment ContractorsT,p45,Construction work (45),1.0
23821,Electrical Contractors and Other Wiring Installation ContractorsT,p45,Construction work (45),1.0
238210,Electrical Contractors and Other Wiring Installation Contractors,p45,Construction work (45),1.0
23822,"Plumbing, Heating, and Air-Conditioning ContractorsT",p45,Construction work (45),1.0
238220,"Plumbing, Heating, and Air-Conditioning Contractors",p45,Construction work (45),1.0
23829,Other Building Equipment ContractorsT,p45,Construction work (45),1.0
238290,Other Building Equipment Contractors,p45,Construction work (45),1.0
2383,Building Finishing ContractorsT,p45,Construction work (45),1.0
23831,Drywall and Insulation ContractorsT,p45,Construction work (45),1.0
238310,Drywall and Insulation Contractors,p45,Construction work (45),1.0
23832,Painting and Wall Covering ContractorsT,p45,Construction work (45),1.0
238320,Painting and Wall Covering Contractors,p45,Construction work (45),1.0
23833,Flooring ContractorsT,p45,Construction work (45),1.0
238330,Flooring Contractors,p45,Construction work (45),1.0
23834,Tile and Terrazzo ContractorsT,p45,Construction work (45),1.0
238340,Tile and Terrazzo Contractors,p45,Construction work (45),1.0
23835,Finish Carpentry ContractorsT,p45,Construction work (45),1.0
238350,Finish Carpentry Contractors,p45,Construction work (45),1.0
23839,Other Building Finishing ContractorsT,p45,Construction work (45),1.0
238390,Other Building Finishing Contractors,p45,Construction work (45),1.0
2389,Other Specialty Trade ContractorsT,p45,Construction work (45),1.0
23891,Site Preparation ContractorsT,p45,Construction work (45),1.0
238910,Site Preparation Contractors,p45,Construction work (45),1.0
23899,All Other Specialty Trade ContractorsT,p45,Construction work (45),1.0
238990,All Other Specialty Trade Contractors,p45,Construction work (45),1.0
311,Food ManufacturingT,p15.a,Products of meat cattle,1.0
311,Food ManufacturingT,p15.b,Products of meat pigs,1.0
311,Food ManufacturingT,p15.c,Products of meat poultry,1.0
311,Food ManufacturingT,p15.d,Meat products nec,1.0
311,Food ManufacturingT,p15.e,products of Vegetable oils and fats,1.0
311,Food ManufacturingT,p15.f,Dairy products,1.0
311,Food ManufacturingT,p15.g,Processed rice,1.0
311,Food ManufacturingT,p15.h,Sugar,1.0
311,Food ManufacturingT,p15.i,Food products nec,1.0
311,Food ManufacturingT,p15.j,Beverages,1.0
311,Food ManufacturingT,p15.k,Fish products,1.0
3111,Animal Food ManufacturingT,p15.i,Food products nec,1.0
31111,Animal Food ManufacturingT,p15.i,Food products nec,1.0
311111,Dog and Cat Food Manufacturing,p15.i,Food products nec,1.0
311119,Other Animal Food Manufacturing,p15.i,Food products nec,1.0
3112,Grain and Oilseed MillingT,p15.e,products of Vegetable oils and fats,1.0
3112,Grain and Oilseed MillingT,p15.g,Processed rice,1.0
3112,Grain and Oilseed MillingT,p15.i,Food products nec,1.0
3112,Grain and Oilseed MillingT,p15.j,Beverages,1.0
31121,Flour Milling and Malt ManufacturingT,p15.g,Processed rice,1.0
31121,Flour Milling and Malt ManufacturingT,p15.i,Food products nec,1.0
31121,Flour Milling and Malt ManufacturingT,p15.j,Beverages,1.0
311211,Flour Milling,p15.i,Food products nec,1.0
311212,Rice Milling,p15.g,Processed rice,1.0
311213,Malt Manufacturing,p15.j,Beverages,1.0
31122,Starch and Vegetable Fats and Oils ManufacturingT,p15.e,products of Vegetable oils and fats,1.0
31122,Starch and Vegetable Fats and Oils ManufacturingT,p15.i,Food products nec,1.0
311221,Wet Corn Milling,p15.i,Food products nec,1.0
311224,Soybean and Other Oilseed Processing,p15.e,products of Vegetable oils and fats,1.0
311225,Fats and Oils Refining and Blending,p15.e,products of Vegetable oils and fats,1.0
31123,Breakfast Cereal ManufacturingT,p15.i,Food products nec,1.0
311230,Breakfast Cereal Manufacturing,p15.i,Food products nec,1.0
3113,Sugar and Confectionery Product ManufacturingT,p15.h,Sugar,1.0
3113,Sugar and Confectionery Product ManufacturingT,p15.i,Food products nec,1.0
31131,Sugar ManufacturingT,p15.h,Sugar,1.0
311313,Beet Sugar Manufacturing,p15.h,Sugar,1.0
311314,Cane Sugar Manufacturing,p15.h,Sugar,1.0
31134,Nonchocolate Confectionery ManufacturingT,p15.i,Food products nec,1.0
311340,Nonchocolate Confectionery Manufacturing,p15.i,Food products nec,1.0
31135,Chocolate and Confectionery ManufacturingT,p15.i,Food products nec,1.0
311351,Chocolate and Confectionery Manufacturing from Cacao Beans,p15.i,Food products nec,1.0
311352,Confectionery Manufacturing from Purchased Chocolate,p15.i,Food products nec,1.0
3114,Fruit and Vegetable Preserving and Specialty Food ManufacturingT,p15.i,Food products nec,1.0
31141,Frozen Food ManufacturingT,p15.i,Food products nec,1.0
311411,"Frozen Fruit, Juice, and Vegetable Manufacturing",p15.i,Food products nec,1.0
311412,Frozen Specialty Food Manufacturing,p15.i,Food products nec,1.0
31142,"Fruit and Vegetable Canning, Pickling, and DryingT",p15.i,Food products nec,1.0
311421,Fruit and Vegetable Canning,p15.i,Food products nec,1.0
311422,Specialty Canning,p15.i,Food products nec,1.0
311423,Dried and Dehydrated Food Manufacturing,p15.i,Food products nec,1.0
3115,Dairy Product ManufacturingT,p15.f,Dairy products,1.0
31151,Dairy Product (except Frozen) ManufacturingT,p15.f,Dairy products,1.0
311511,Fluid Milk Manufacturing,p15.f,Dairy products,1.0
311512,Creamery Butter Manufacturing,p15.f,Dairy products,1.0
311513,Cheese Manufacturing,p15.f,Dairy products,1.0
311514,"Dry, Condensed, and Evaporated Dairy Product Manufacturing",p15.f,Dairy products,1.0
31152,Ice Cream and Frozen Dessert ManufacturingT,p15.f,Dairy products,1.0
311520,Ice Cream and Frozen Dessert Manufacturing,p15.f,Dairy products,1.0
3116,Animal Slaughtering and ProcessingT,p15.a,Products of meat cattle,1.0
3116,Animal Slaughtering and ProcessingT,p15.b,Products of meat pigs,1.0
3116,Animal Slaughtering and ProcessingT,p15.c,Products of meat poultry,1.0
3116,Animal Slaughtering and ProcessingT,p15.d,Meat products nec,1.0
31161,Animal Slaughtering and ProcessingT,p15.a,Products of meat cattle,1.0
31161,Animal Slaughtering and ProcessingT,p15.b,Products of meat pigs,1.0
31161,Animal Slaughtering and ProcessingT,p15.c,Products of meat poultry,1.0
31161,Animal Slaughtering and ProcessingT,p15.d,Meat products nec,1.0
311611,Animal (except Poultry) Slaughtering,p15.a,Products of meat cattle,1.0
311611,Animal (except Poultry) Slaughtering,p15.b,Products of meat pigs,1.0
311611,Animal (except Poultry) Slaughtering,p15.d,Meat products nec,1.0
311612,Meat Processed from Carcasses,p15.a,Products of meat cattle,1.0
311612,Meat Processed from Carcasses,p15.b,Products of meat pigs,1.0
311612,Meat Processed from Carcasses,p15.d,Meat products nec,1.0
311613,Rendering and Meat Byproduct Processing,p15.a,Products of meat cattle,1.0
311613,Rendering and Meat Byproduct Processing,p15.b,Products of meat pigs,1.0
311613,Rendering and Meat Byproduct Processing,p15.d,Meat products nec,1.0
311615,Poultry Processing,p15.c,Products of meat poultry,1.0
3117,Seafood Product Preparation and PackagingT,p15.k,Fish products,1.0
31171,Seafood Product Preparation and PackagingT,p15.k,Fish products,1.0
311710,Seafood Product Preparation and Packaging,p15.k,Fish products,1.0
3118,Bakeries and Tortilla ManufacturingT,p15.i,Food products nec,1.0
31181,Bread and Bakery Product ManufacturingT,p15.i,Food products nec,1.0
311811,Retail Bakeries,p15.i,Food products nec,1.0
311812,Commercial Bakeries,p15.i,Food products nec,1.0
311813,"Frozen Cakes, Pies, and Other Pastries Manufacturing",p15.i,Food products nec,1.0
31182,"Cookie, Cracker, and Pasta ManufacturingT",p15.i,Food products nec,1.0
311821,Cookie and Cracker Manufacturing,p15.i,Food products nec,1.0
311824,"Dry Pasta, Dough, and Flour Mixes Manufacturing from Purchased Flour",p15.i,Food products nec,1.0
31183,Tortilla ManufacturingT,p15.i,Food products nec,1.0
311830,Tortilla Manufacturing,p15.i,Food products nec,1.0
3119,Other Food ManufacturingT,p15.i,Food products nec,1.0
31191,Snack Food ManufacturingT,p15.i,Food products nec,1.0
311911,Roasted Nuts and Peanut Butter Manufacturing,p15.i,Food products nec,1.0
311919,Other Snack Food Manufacturing,p15.i,Food products nec,1.0
31192,Coffee and Tea ManufacturingT,p15.i,Food products nec,1.0
311920,Coffee and Tea Manufacturing,p15.i,Food products nec,1.0
31193,Flavoring Syrup and Concentrate ManufacturingT,p15.i,Food products nec,1.0
311930,Flavoring Syrup and Concentrate Manufacturing,p15.i,Food products nec,1.0
31194,Seasoning and Dressing ManufacturingT,p15.i,Food products nec,1.0
311941,"Mayonnaise, Dressing, and Other Prepared Sauce Manufacturing",p15.i,Food products nec,1.0
311942,Spice and Extract Manufacturing,p15.i,Food products nec,1.0
31199,All Other Food ManufacturingT,p15.i,Food products nec,1.0
311991,Perishable Prepared Food Manufacturing,p15.i,Food products nec,1.0
311999,All Other Miscellaneous Food Manufacturing,p15.i,Food products nec,1.0
312,Beverage and Tobacco Product ManufacturingT,p15.j,Beverages,1.0
312,Beverage and Tobacco Product ManufacturingT,p16,Tobacco products (16),1.0
3121,Beverage ManufacturingT,p15.j,Beverages,1.0
31211,Soft Drink and Ice ManufacturingT,p15.j,Beverages,1.0
312111,Soft Drink Manufacturing,p15.j,Beverages,1.0
312112,Bottled Water Manufacturing,p15.j,Beverages,1.0
312113,Ice Manufacturing,p15.j,Beverages,1.0
31212,BreweriesT,p15.j,Beverages,1.0
312120,Breweries,p15.j,Beverages,1.0
31213,WineriesT,p15.j,Beverages,1.0
312130,Wineries,p15.j,Beverages,1.0
31214,DistilleriesT,p15.j,Beverages,1.0
312140,Distilleries,p15.j,Beverages,1.0
3122,Tobacco ManufacturingT,p16,Tobacco products (16),1.0
31223,Tobacco Manufacturing,p16,Tobacco products (16),1.0
312230,Tobacco Manufacturing,p16,Tobacco products (16),1.0
313,Textile MillsT,p17,Textiles (17),1.0
3131,"Fiber, Yarn, and Thread MillsT",p17,Textiles (17),1.0
31311,"Fiber, Yarn, and Thread MillsT",p17,Textiles (17),1.0
313110,"Fiber, Yarn, and Thread Mills",p17,Textiles (17),1.0
3132,Fabric MillsT,p17,Textiles (17),1.0
31321,Broadwoven Fabric MillsT,p17,Textiles (17),1.0
313210,Broadwoven Fabric Mills,p17,Textiles (17),1.0
31322,Narrow Fabric Mills and Schiffli Machine EmbroideryT,p17,Textiles (17),1.0
313220,Narrow Fabric Mills and Schiffli Machine Embroidery,p17,Textiles (17),1.0
31323,Nonwoven Fabric MillsT,p17,Textiles (17),1.0
313230,Nonwoven Fabric Mills,p17,Textiles (17),1.0
31324,Knit Fabric MillsT,p17,Textiles (17),1.0
313240,Knit Fabric Mills,p17,Textiles (17),1.0
3133,Textile and Fabric Finishing and Fabric Coating MillsT,p17,Textiles (17),1.0
31331,Textile and Fabric Finishing MillsT,p17,Textiles (17),1.0
313310,Textile and Fabric Finishing Mills,p17,Textiles (17),1.0
31332,Fabric Coating MillsT,p17,Textiles (17),1.0
313320,Fabric Coating Mills,p17,Textiles (17),1.0
314,Textile Product MillsT,p17,Textiles (17),1.0
3141,Textile Furnishings MillsT,p17,Textiles (17),1.0
31411,Carpet and Rug MillsT,p17,Textiles (17),1.0
314110,Carpet and Rug Mills,p17,Textiles (17),1.0
31412,Curtain and Linen MillsT,p17,Textiles (17),1.0
314120,Curtain and Linen Mills,p17,Textiles (17),1.0
3149,Other Textile Product MillsT,p17,Textiles (17),1.0
31491,Textile Bag and Canvas MillsT,p17,Textiles (17),1.0
314910,Textile Bag and Canvas Mills,p17,Textiles (17),1.0
31499,All Other Textile Product MillsT,p17,Textiles (17),1.0
314994,"Rope, Cordage, Twine, Tire Cord, and Tire Fabric Mills",p17,Textiles (17),1.0
314999,All Other Miscellaneous Textile Product Mills,p17,Textiles (17),1.0
315,Apparel ManufacturingT,p17,Textiles (17),1.0
315,Apparel ManufacturingT,p18,Wearing apparel; furs (18),1.0
3151,Apparel Knitting MillsT,p17,Textiles (17),1.0
31511,Hosiery and Sock MillsT,p17,Textiles (17),1.0
315110,Hosiery and Sock Mills,p17,Textiles (17),1.0
31519,Other Apparel Knitting MillsT,p17,Textiles (17),1.0
315190,Other Apparel Knitting Mills,p17,Textiles (17),1.0
3152,Cut and Sew Apparel ManufacturingT,p18,Wearing apparel; furs (18),1.0
31521,Cut and Sew Apparel Contractors,p18,Wearing apparel; furs (18),1.0
315210,Cut and Sew Apparel Contractors,p18,Wearing apparel; furs (18),1.0
31522,Men’s and Boys’ Cut and Sew Apparel Manufacturing,p18,Wearing apparel; furs (18),1.0
315220,Men’s and Boys’ Cut and Sew Apparel Manufacturing,p18,Wearing apparel; furs (18),1.0
31524,"Women’s, Girls’, and Infants’ Cut and Sew Apparel Manufacturing",p18,Wearing apparel; furs (18),1.0
315240,"Women’s, Girls’, and Infants’ Cut and Sew Apparel Manufacturing",p18,Wearing apparel; furs (18),1.0
31528,Other Cut and Sew Apparel Manufacturing,p18,Wearing apparel; furs (18),1.0
315280,Other Cut and Sew Apparel Manufacturing,p18,Wearing apparel; furs (18),1.0
3159,Apparel Accessories and Other Apparel ManufacturingT,p18,Wearing apparel; furs (18),1.0
31599,Apparel Accessories and Other Apparel ManufacturingT,p18,Wearing apparel; furs (18),1.0
315990,Apparel Accessories and Other Apparel Manufacturing,p18,Wearing apparel; furs (18),1.0
316,Leather and Allied Product ManufacturingT,p19,Leather and leather products (19),1.0
3161,Leather and Hide Tanning and FinishingT,p19,Leather and leather products (19),1.0
31611,Leather and Hide Tanning and FinishingT,p19,Leather and leather products (19),1.0
316110,Leather and Hide Tanning and Finishing,p19,Leather and leather products (19),1.0
3162,Footwear ManufacturingT,p19,Leather and leather products (19),1.0
31621,Footwear ManufacturingT,p19,Leather and leather products (19),1.0
316210,Footwear Manufacturing,p19,Leather and leather products (19),1.0
3169,Other Leather and Allied Product ManufacturingT,p19,Leather and leather products (19),1.0
31699,Other Leather and Allied Product ManufacturingT,p19,Leather and leather products (19),1.0
316992,Women's Handbag and Purse Manufacturing,p19,Leather and leather products (19),1.0
316998,All Other Leather Good and Allied Product Manufacturing,p19,Leather and leather products (19),1.0
321,Wood Product ManufacturingT,p20,Wood and products of wood and cork (except furniture); articles of straw and plaiting materials (20),1.0
321,Wood Product ManufacturingT,p20.w,"Wood material for treatment, Re-processing of secondary wood material into new wood material",1.0
3211,Sawmills and Wood PreservationT,p20,Wood and products of wood and cork (except furniture); articles of straw and plaiting materials (20),1.0
3211,Sawmills and Wood PreservationT,p20.w,"Wood material for treatment, Re-processing of secondary wood material into new wood material",1.0
32111,Sawmills and Wood PreservationT,p20,Wood and products of wood and cork (except furniture); articles of straw and plaiting materials (20),1.0
32111,Sawmills and Wood PreservationT,p20.w,"Wood material for treatment, Re-processing of secondary wood material into new wood material",1.0
321113,Sawmills,p20,Wood and products of wood and cork (except furniture); articles of straw and plaiting materials (20),1.0
321113,Sawmills,p20.w,"Wood material for treatment, Re-processing of secondary wood material into new wood material",1.0
321114,Wood Preservation,p20,Wood and products of wood and cork (except furniture); articles of straw and plaiting materials (20),1.0
321114,Wood Preservation,p20.w,"Wood material for treatment, Re-processing of secondary wood material into new wood material",1.0
3212,"Veneer, Plywood, and Engineered Wood Product ManufacturingT",p20,Wood and products of wood and cork (except furniture); articles of straw and plaiting materials (20),1.0
3212,"Veneer, Plywood, and Engineered Wood Product ManufacturingT",p20.w,"Wood material for treatment, Re-processing of secondary wood material into new wood material",1.0
32121,"Veneer, Plywood, and Engineered Wood Product ManufacturingT",p20,Wood and products of wood and cork (except furniture); articles of straw and plaiting materials (20),1.0
32121,"Veneer, Plywood, and Engineered Wood Product ManufacturingT",p20.w,"Wood material for treatment, Re-processing of secondary wood material into new wood material",1.0
321211,Hardwood Veneer and Plywood Manufacturing,p20,Wood and products of wood and cork (except furniture); articles of straw and plaiting materials (20),1.0
321211,Hardwood Veneer and Plywood Manufacturing,p20.w,"Wood material for treatment, Re-processing of secondary wood material into new wood material",1.0
321212,Softwood Veneer and Plywood Manufacturing,p20,Wood and products of wood and cork (except furniture); articles of straw and plaiting materials (20),1.0
321212,Softwood Veneer and Plywood Manufacturing,p20.w,"Wood material for treatment, Re-processing of secondary wood material into new wood material",1.0
321213,Engineered Wood Member (except Truss) Manufacturing,p20,Wood and products of wood and cork (except furniture); articles of straw and plaiting materials (20),1.0
321213,Engineered Wood Member (except Truss) Manufacturing,p20.w,"Wood material for treatment, Re-processing of secondary wood material into new wood material",1.0
321214,Truss Manufacturing,p20,Wood and products of wood and cork (except furniture); articles of straw and plaiting materials (20),1.0
321214,Truss Manufacturing,p20.w,"Wood material for treatment, Re-processing of secondary wood material into new wood material",1.0
321219,Reconstituted Wood Product Manufacturing,p20,Wood and products of wood and cork (except furniture); articles of straw and plaiting materials (20),1.0
321219,Reconstituted Wood Product Manufacturing,p20.w,"Wood material for treatment, Re-processing of secondary wood material into new wood material",1.0
3219,Other Wood Product ManufacturingT,p20,Wood and products of wood and cork (except furniture); articles of straw and plaiting materials (20),1.0
3219,Other Wood Product ManufacturingT,p20.w,"Wood material for treatment, Re-processing of secondary wood material into new wood material",1.0
32191,MillworkT,p20,Wood and products of wood and cork (except furniture); articles of straw and plaiting materials (20),1.0
32191,MillworkT,p20.w,"Wood material for treatment, Re-processing of secondary wood material into new wood material",1.0
321911,Wood Window and Door Manufacturing,p20,Wood and products of wood and cork (except furniture); articles of straw and plaiting materials (20),1.0
321911,Wood Window and Door Manufacturing,p20.w,"Wood material for treatment, Re-processing of secondary wood material into new wood material",1.0
321912,"Cut Stock, Resawing Lumber, and Planing",p20,Wood and products of wood and cork (except furniture); articles of straw and plaiting materials (20),1.0
321912,"Cut Stock, Resawing Lumber, and Planing",p20.w,"Wood material for treatment, Re-processing of secondary wood material into new wood material",1.0
321918,Other Millwork (including Flooring),p20,Wood and products of wood and cork (except furniture); articles of straw and plaiting materials (20),1.0
321918,Other Millwork (including Flooring),p20.w,"Wood material for treatment, Re-processing of secondary wood material into new wood material",1.0
32192,Wood Container and Pallet ManufacturingT,p20,Wood and products of wood and cork (except furniture); articles of straw and plaiting materials (20),1.0
32192,Wood Container and Pallet ManufacturingT,p20.w,"Wood material for treatment, Re-processing of secondary wood material into new wood material",1.0
321920,Wood Container and Pallet Manufacturing,p20,Wood and products of wood and cork (except furniture); articles of straw and plaiting materials (20),1.0
321920,Wood Container and Pallet Manufacturing,p20.w,"Wood material for treatment, Re-processing of secondary wood material into new wood material",1.0
32199,All Other Wood Product ManufacturingT,p20,Wood and products of wood and cork (except furniture); articles of straw and plaiting materials (20),1.0
32199,All Other Wood Product ManufacturingT,p20.w,"Wood material for treatment, Re-processing of secondary wood material into new wood material",1.0
321991,Manufactured Home (Mobile Home) Manufacturing,p20,Wood and products of wood and cork (except furniture); articles of straw and plaiting materials (20),1.0
321991,Manufactured Home (Mobile Home) Manufacturing,p20.w,"Wood material for treatment, Re-processing of secondary wood material into new wood material",1.0
321992,Prefabricated Wood Building Manufacturing,p20,Wood and products of wood and cork (except furniture); articles of straw and plaiting materials (20),1.0
321992,Prefabricated Wood Building Manufacturing,p20.w,"Wood material for treatment, Re-processing of secondary wood material into new wood material",1.0
321999,All Other Miscellaneous Wood Product Manufacturing,p20,Wood and products of wood and cork (except furniture); articles of straw and plaiting materials (20),1.0
321999,All Other Miscellaneous Wood Product Manufacturing,p20.w,"Wood material for treatment, Re-processing of secondary wood material into new wood material",1.0
322,Paper ManufacturingT,p21.1,Pulp,1.0
322,Paper ManufacturingT,p21.w.1,"Secondary paper for treatment, Re-processing of secondary paper into new pulp",1.0
322,Paper ManufacturingT,p21.2,Paper and paper products,1.0
3221,"Pulp, Paper, and Paperboard MillsT",p21.1,Pulp,1.0
3221,"Pulp, Paper, and Paperboard MillsT",p21.w.1,"Secondary paper for treatment, Re-processing of secondary paper into new pulp",1.0
3221,"Pulp, Paper, and Paperboard MillsT",p21.2,Paper and paper products,1.0
32211,Pulp MillsT,p21.1,Pulp,1.0
32211,Pulp MillsT,p21.w.1,"Secondary paper for treatment, Re-processing of secondary paper into new pulp",1.0
322110,Pulp Mills,p21.1,Pulp,1.0
322110,Pulp Mills,p21.w.1,"Secondary paper for treatment, Re-processing of secondary paper into new pulp",1.0
32212,Paper MillsT,p21.2,Paper and paper products,1.0
322121,Paper (except Newsprint) Mills,p21.2,Paper and paper products,1.0
322122,Newsprint Mills,p21.2,Paper and paper products,1.0
32213,Paperboard MillsT,p21.2,Paper and paper products,1.0
322130,Paperboard Mills,p21.2,Paper and paper products,1.0
3222,Converted Paper Product ManufacturingT,p21.2,Paper and paper products,1.0
32221,Paperboard Container ManufacturingT,p21.2,Paper and paper products,1.0
322211,Corrugated and Solid Fiber Box Manufacturing,p21.2,Paper and paper products,1.0
322212,Folding Paperboard Box Manufacturing,p21.2,Paper and paper products,1.0
322219,Other Paperboard Container Manufacturing,p21.2,Paper and paper products,1.0
32222,Paper Bag and Coated and Treated Paper ManufacturingT,p21.2,Paper and paper products,1.0
322220,Paper Bag and Coated and Treated Paper Manufacturing,p21.2,Paper and paper products,1.0
32223,Stationery Product ManufacturingT,p21.2,Paper and paper products,1.0
322230,Stationery Product Manufacturing,p21.2,Paper and paper products,1.0
32229,Other Converted Paper Product ManufacturingT,p21.2,Paper and paper products,1.0
322291,Sanitary Paper Product Manufacturing,p21.2,Paper and paper products,1.0
322299,All Other Converted Paper Product Manufacturing,p21.2,Paper and paper products,1.0
323,Printing and Related Support ActivitiesT,p22,Printed matter and recorded media (22),1.0
3231,Printing and Related Support ActivitiesT,p22,Printed matter and recorded media (22),1.0
32311,PrintingT,p22,Printed matter and recorded media (22),1.0
323111,Commercial Printing (except Screen and Books),p22,Printed matter and recorded media (22),1.0
323113,Commercial Screen Printing,p22,Printed matter and recorded media (22),1.0
323117,Books Printing,p22,Printed matter and recorded media (22),1.0
32312,Support Activities for PrintingT,p22,Printed matter and recorded media (22),1.0
323120,Support Activities for Printing,p22,Printed matter and recorded media (22),1.0
324,Petroleum and Coal Products ManufacturingT,p23.1.a,Coke Oven Coke,1.0
324,Petroleum and Coal Products ManufacturingT,p23.1.b,Gas Coke,1.0
324,Petroleum and Coal Products ManufacturingT,p23.1.c,Coal Tar,1.0
324,Petroleum and Coal Products ManufacturingT,p23.20.a,Motor Gasoline,1.0
324,Petroleum and Coal Products ManufacturingT,p23.20.b,Aviation Gasoline,1.0
324,Petroleum and Coal Products ManufacturingT,p23.20.c,Gasoline Type Jet Fuel,1.0
324,Petroleum and Coal Products ManufacturingT,p23.20.d,Kerosene Type Jet Fuel,1.0
324,Petroleum and Coal Products ManufacturingT,p23.20.e,Kerosene,1.0
324,Petroleum and Coal Products ManufacturingT,p23.20.f,Gas/Diesel Oil,1.0
324,Petroleum and Coal Products ManufacturingT,p23.20.g,Heavy Fuel Oil,1.0
324,Petroleum and Coal Products ManufacturingT,p23.20.h,Refinery Gas,1.0
324,Petroleum and Coal Products ManufacturingT,p23.20.i,Liquefied Petroleum Gases (LPG),1.0
324,Petroleum and Coal Products ManufacturingT,p23.20.j,Refinery Feedstocks,1.0
324,Petroleum and Coal Products ManufacturingT,p23.20.k,Ethane,1.0
324,Petroleum and Coal Products ManufacturingT,p23.20.l,Naphtha,1.0
324,Petroleum and Coal Products ManufacturingT,p23.20.m,White Spirit & SBP,1.0
324,Petroleum and Coal Products ManufacturingT,p23.20.n,Lubricants,1.0
324,Petroleum and Coal Products ManufacturingT,p23.20.o,Bitumen,1.0
324,Petroleum and Coal Products ManufacturingT,p23.20.p,Paraffin Waxes,1.0
324,Petroleum and Coal Products ManufacturingT,p23.20.q,Petroleum Coke,1.0
324,Petroleum and Coal Products ManufacturingT,p23.20.r,Non-specified Petroleum Products,1.0
324,Petroleum and Coal Products ManufacturingT,p26.e,Other non-metallic mineral products,1.0
3241,Petroleum and Coal Products ManufacturingT,p23.1.a,Coke Oven Coke,1.0
3241,Petroleum and Coal Products ManufacturingT,p23.1.b,Gas Coke,1.0
3241,Petroleum and Coal Products ManufacturingT,p23.1.c,Coal Tar,1.0
3241,Petroleum and Coal Products ManufacturingT,p23.20.a,Motor Gasoline,1.0
3241,Petroleum and Coal Products ManufacturingT,p23.20.b,Aviation Gasoline,1.0
3241,Petroleum and Coal Products ManufacturingT,p23.20.c,Gasoline Type Jet Fuel,1.0
3241,Petroleum and Coal Products ManufacturingT,p23.20.d,Kerosene Type Jet Fuel,1.0
3241,Petroleum and Coal Products ManufacturingT,p23.20.e,Kerosene,1.0
3241,Petroleum and Coal Products ManufacturingT,p23.20.f,Gas/Diesel Oil,1.0
3241,Petroleum and Coal Products ManufacturingT,p23.20.g,Heavy Fuel Oil,1.0
3241,Petroleum and Coal Products ManufacturingT,p23.20.h,Refinery Gas,1.0
3241,Petroleum and Coal Products ManufacturingT,p23.20.i,Liquefied Petroleum Gases (LPG),1.0
3241,Petroleum and Coal Products ManufacturingT,p23.20.j,Refinery Feedstocks,1.0
3241,Petroleum and Coal Products ManufacturingT,p23.20.k,Ethane,1.0
3241,Petroleum and Coal Products ManufacturingT,p23.20.l,Naphtha,1.0
3241,Petroleum and Coal Products ManufacturingT,p23.20.m,White Spirit & SBP,1.0
3241,Petroleum and Coal Products ManufacturingT,p23.20.n,Lubricants,1.0
3241,Petroleum and Coal Products ManufacturingT,p23.20.o,Bitumen,1.0
3241,Petroleum and Coal Products ManufacturingT,p23.20.p,Paraffin Waxes,1.0
3241,Petroleum and Coal Products ManufacturingT,p23.20.q,Petroleum Coke,1.0
3241,Petroleum and Coal Products ManufacturingT,p23.20.r,Non-specified Petroleum Products,1.0
3241,Petroleum and Coal Products ManufacturingT,p26.e,Other non-metallic mineral products,1.0
32411,Petroleum RefineriesT,p23.20.a,Motor Gasoline,1.0
32411,Petroleum RefineriesT,p23.20.b,Aviation Gasoline,1.0
32411,Petroleum RefineriesT,p23.20.c,Gasoline Type Jet Fuel,1.0
32411,Petroleum RefineriesT,p23.20.d,Kerosene Type Jet Fuel,1.0
32411,Petroleum RefineriesT,p23.20.e,Kerosene,1.0
32411,Petroleum RefineriesT,p23.20.f,Gas/Diesel Oil,1.0
32411,Petroleum RefineriesT,p23.20.g,Heavy Fuel Oil,1.0
32411,Petroleum RefineriesT,p23.20.h,Refinery Gas,1.0
32411,Petroleum RefineriesT,p23.20.i,Liquefied Petroleum Gases (LPG),1.0
32411,Petroleum RefineriesT,p23.20.j,Refinery Feedstocks,1.0
32411,Petroleum RefineriesT,p23.20.r,Non-specified Petroleum Products,1.0
324110,Petroleum Refineries,p23.20.a,Motor Gasoline,1.0
324110,Petroleum Refineries,p23.20.b,Aviation Gasoline,1.0
324110,Petroleum Refineries,p23.20.c,Gasoline Type Jet Fuel,1.0
324110,Petroleum Refineries,p23.20.d,Kerosene Type Jet Fuel,1.0
324110,Petroleum Refineries,p23.20.e,Kerosene,1.0
324110,Petroleum Refineries,p23.20.f,Gas/Diesel Oil,1.0
324110,Petroleum Refineries,p23.20.g,Heavy Fuel Oil,1.0
324110,Petroleum Refineries,p23.20.h,Refinery Gas,1.0
324110,Petroleum Refineries,p23.20.i,Liquefied Petroleum Gases (LPG),1.0
324110,Petroleum Refineries,p23.20.j,Refinery Feedstocks,1.0
324110,Petroleum Refineries,p23.20.r,Non-specified Petroleum Products,1.0
32412,"Asphalt Paving, Roofing, and Saturated Materials ManufacturingT",p23.1.c,Coal Tar,1.0
32412,"Asphalt Paving, Roofing, and Saturated Materials ManufacturingT",p23.20.o,Bitumen,1.0
32412,"Asphalt Paving, Roofing, and Saturated Materials ManufacturingT",p26.e,Other non-metallic mineral products,1.0
324121,Asphalt Paving Mixture and Block Manufacturing,p26.e,Other non-metallic mineral products,1.0
324121,Asphalt Paving Mixture and Block Manufacturing,p23.20.o,Bitumen,1.0
324121,Asphalt Paving Mixture and Block Manufacturing,p23.1.c,Coal Tar,1.0
324122,Asphalt Shingle and Coating Materials Manufacturing,p26.e,Other non-metallic mineral products,1.0
324122,Asphalt Shingle and Coating Materials Manufacturing,p23.20.o,Bitumen,1.0
324122,Asphalt Shingle and Coating Materials Manufacturing,p23.1.c,Coal Tar,1.0
32419,Other Petroleum and Coal Products ManufacturingT,p23.1.a,Coke Oven Coke,1.0
32419,Other Petroleum and Coal Products ManufacturingT,p23.1.b,Gas Coke,1.0
32419,Other Petroleum and Coal Products ManufacturingT,p23.20.k,Ethane,1.0
32419,Other Petroleum and Coal Products ManufacturingT,p23.20.l,Naphtha,1.0
32419,Other Petroleum and Coal Products ManufacturingT,p23.20.m,White Spirit & SBP,1.0
32419,Other Petroleum and Coal Products ManufacturingT,p23.20.n,Lubricants,1.0
32419,Other Petroleum and Coal Products ManufacturingT,p23.20.p,Paraffin Waxes,1.0
32419,Other Petroleum and Coal Products ManufacturingT,p23.20.q,Petroleum Coke,1.0
32419,Other Petroleum and Coal Products ManufacturingT,p23.20.r,Non-specified Petroleum Products,1.0
324191,Petroleum Lubricating Oil and Grease Manufacturing,p23.20.n,Lubricants,1.0
324199,All Other Petroleum and Coal Products Manufacturing,p23.1.a,Coke Oven Coke,1.0
324199,All Other Petroleum and Coal Products Manufacturing,p23.1.b,Gas Coke,1.0
324199,All Other Petroleum and Coal Products Manufacturing,p23.20.k,Ethane,1.0
324199,All Other Petroleum and Coal Products Manufacturing,p23.20.l,Naphtha,1.0
324199,All Other Petroleum and Coal Products Manufacturing,p23.20.m,White Spirit & SBP,1.0
324199,All Other Petroleum and Coal Products Manufacturing,p23.20.p,Paraffin Waxes,1.0
324199,All Other Petroleum and Coal Products Manufacturing,p23.20.q,Petroleum Coke,1.0
324199,All Other Petroleum and Coal Products Manufacturing,p23.20.r,Non-specified Petroleum Products,1.0
325,Chemical ManufacturingT,p10.g,BKB/Peat Briquettes,1.0
325,Chemical ManufacturingT,p24.a,"Plastics, basic",1.0
325,Chemical ManufacturingT,p24.a.w,"Secondary plastic for treatment, Re-processing of secondary plastic into new plastic",1.0
325,Chemical ManufacturingT,p24.b,N-fertiliser,1.0
325,Chemical ManufacturingT,p24.c,P- and other fertiliser,1.0
325,Chemical ManufacturingT,p24.d,Chemicals nec,1.0
325,Chemical ManufacturingT,p24.e,Charcoal,1.0
325,Chemical ManufacturingT,p24.f,Additives/Blending Components,1.0
325,Chemical ManufacturingT,p24.g,Biogasoline,1.0
325,Chemical ManufacturingT,p24.h,Biodiesels,1.0
325,Chemical ManufacturingT,p24.i,Other Liquid Biofuels,1.0
325,Chemical ManufacturingT,p25,Rubber and plastic products (25),1.0
325,Chemical ManufacturingT,p40.2.a,Coke oven gas,1.0
325,Chemical ManufacturingT,p40.2.b,Blast Furnace Gas,1.0
325,Chemical ManufacturingT,p40.2.c,Oxygen Steel Furnace Gas,1.0
325,Chemical ManufacturingT,p40.2.d,Gas Works Gas,1.0
325,Chemical ManufacturingT,p40.2.e,Biogas,1.0
3251,Basic Chemical ManufacturingT,p10.g,BKB/Peat Briquettes,1.0
3251,Basic Chemical ManufacturingT,p24.d,Chemicals nec,1.0
3251,Basic Chemical ManufacturingT,p24.e,Charcoal,1.0
3251,Basic Chemical ManufacturingT,p24.f,Additives/Blending Components,1.0
3251,Basic Chemical ManufacturingT,p24.g,Biogasoline,1.0
3251,Basic Chemical ManufacturingT,p24.h,Biodiesels,1.0
3251,Basic Chemical ManufacturingT,p24.i,Other Liquid Biofuels,1.0
3251,Basic Chemical ManufacturingT,p40.2.a,Coke oven gas,1.0
3251,Basic Chemical ManufacturingT,p40.2.b,Blast Furnace Gas,1.0
3251,Basic Chemical ManufacturingT,p40.2.c,Oxygen Steel Furnace Gas,1.0
3251,Basic Chemical ManufacturingT,p40.2.d,Gas Works Gas,1.0
3251,Basic Chemical ManufacturingT,p40.2.e,Biogas,1.0
32511,Petrochemical ManufacturingT,p24.d,Chemicals nec,1.0
32511,Petrochemical ManufacturingT,p24.e,Charcoal,1.0
32511,Petrochemical ManufacturingT,p24.f,Additives/Blending Components,1.0
32511,Petrochemical ManufacturingT,p24.g,Biogasoline,1.0
32511,Petrochemical ManufacturingT,p24.h,Biodiesels,1.0
32511,Petrochemical ManufacturingT,p24.i,Other Liquid Biofuels,1.0
325110,Petrochemical Manufacturing,p24.d,Chemicals nec,1.0
325110,Petrochemical Manufacturing,p24.e,Charcoal,1.0
325110,Petrochemical Manufacturing,p24.f,Additives/Blending Components,1.0
325110,Petrochemical Manufacturing,p24.g,Biogasoline,1.0
325110,Petrochemical Manufacturing,p24.h,Biodiesels,1.0
325110,Petrochemical Manufacturing,p24.i,Other Liquid Biofuels,1.0
32512,Industrial Gas ManufacturingT,p24.d,Chemicals nec,1.0
32512,Industrial Gas ManufacturingT,p40.2.a,Coke oven gas,1.0
32512,Industrial Gas ManufacturingT,p40.2.b,Blast Furnace Gas,1.0
32512,Industrial Gas ManufacturingT,p40.2.c,Oxygen Steel Furnace Gas,1.0
32512,Industrial Gas ManufacturingT,p40.2.d,Gas Works Gas,1.0
32512,Industrial Gas ManufacturingT,p40.2.e,Biogas,1.0
325120,Industrial Gas Manufacturing,p24.d,Chemicals nec,1.0
325120,Industrial Gas Manufacturing,p40.2.a,Coke oven gas,1.0
325120,Industrial Gas Manufacturing,p40.2.b,Blast Furnace Gas,1.0
325120,Industrial Gas Manufacturing,p40.2.c,Oxygen Steel Furnace Gas,1.0
325120,Industrial Gas Manufacturing,p40.2.d,Gas Works Gas,1.0
325120,Industrial Gas Manufacturing,p40.2.e,Biogas,1.0
32513,Synthetic Dye and Pigment ManufacturingT,p24.d,Chemicals nec,1.0
325130,Synthetic Dye and Pigment Manufacturing,p24.d,Chemicals nec,1.0
32518,Other Basic Inorganic Chemical ManufacturingT,p24.d,Chemicals nec,1.0
325180,Other Basic Inorganic Chemical Manufacturing,p24.d,Chemicals nec,1.0
32519,Other Basic Organic Chemical ManufacturingT,p10.g,BKB/Peat Briquettes,1.0
32519,Other Basic Organic Chemical ManufacturingT,p24.d,Chemicals nec,1.0
32519,Other Basic Organic Chemical ManufacturingT,p24.f,Additives/Blending Components,1.0
32519,Other Basic Organic Chemical ManufacturingT,p24.g,Biogasoline,1.0
32519,Other Basic Organic Chemical ManufacturingT,p24.h,Biodiesels,1.0
32519,Other Basic Organic Chemical ManufacturingT,p24.i,Other Liquid Biofuels,1.0
325193,Ethyl Alcohol Manufacturing,p24.d,Chemicals nec,1.0
325193,Ethyl Alcohol Manufacturing,p24.g,Biogasoline,1.0
325193,Ethyl Alcohol Manufacturing,p24.i,Other Liquid Biofuels,1.0
325194,"Cyclic Crude, Intermediate, and Gum and Wood Chemical Manufacturing",p10.g,BKB/Peat Briquettes,1.0
325194,"Cyclic Crude, Intermediate, and Gum and Wood Chemical Manufacturing",p24.d,Chemicals nec,1.0
325199,All Other Basic Organic Chemical Manufacturing,p24.d,Chemicals nec,1.0
325199,All Other Basic Organic Chemical Manufacturing,p24.h,Biodiesels,1.0
325199,All Other Basic Organic Chemical Manufacturing,p24.i,Other Liquid Biofuels,1.0
325199,All Other Basic Organic Chemical Manufacturing,p24.f,Additives/Blending Components,1.0
3252,"Resin, Synthetic Rubber, and Artificial and Synthetic Fibers and Filaments ManufacturingT",p24.a,"Plastics, basic",1.0
3252,"Resin, Synthetic Rubber, and Artificial and Synthetic Fibers and Filaments ManufacturingT",p24.a.w,"Secondary plastic for treatment, Re-processing of secondary plastic into new plastic",1.0
3252,"Resin, Synthetic Rubber, and Artificial and Synthetic Fibers and Filaments ManufacturingT",p24.d,Chemicals nec,1.0
3252,"Resin, Synthetic Rubber, and Artificial and Synthetic Fibers and Filaments ManufacturingT",p25,Rubber and plastic products (25),1.0
32521,Resin and Synthetic Rubber ManufacturingT,p24.a,"Plastics, basic",1.0
32521,Resin and Synthetic Rubber ManufacturingT,p24.a.w,"Secondary plastic for treatment, Re-processing of secondary plastic into new plastic",1.0
325211,Plastics Material and Resin Manufacturing,p24.a,"Plastics, basic",1.0
325211,Plastics Material and Resin Manufacturing,p24.a.w,"Secondary plastic for treatment, Re-processing of secondary plastic into new plastic",1.0
325212,Synthetic Rubber Manufacturing,p24.a,"Plastics, basic",1.0
325212,Synthetic Rubber Manufacturing,p24.a.w,"Secondary plastic for treatment, Re-processing of secondary plastic into new plastic",1.0
32522,Artificial and Synthetic Fibers and Filaments ManufacturingT,p24.d,Chemicals nec,1.0
32522,Artificial and Synthetic Fibers and Filaments ManufacturingT,p25,Rubber and plastic products (25),1.0
325220,Artificial and Synthetic Fibers and Filaments Manufacturing,p24.d,Chemicals nec,1.0
325220,Artificial and Synthetic Fibers and Filaments Manufacturing,p25,Rubber and plastic products (25),1.0
3253,"Pesticide, Fertilizer, and Other Agricultural Chemical ManufacturingT",p24.b,N-fertiliser,1.0
3253,"Pesticide, Fertilizer, and Other Agricultural Chemical ManufacturingT",p24.c,P- and other fertiliser,1.0
3253,"Pesticide, Fertilizer, and Other Agricultural Chemical ManufacturingT",p24.d,Chemicals nec,1.0
32531,Fertilizer ManufacturingT,p24.b,N-fertiliser,1.0
32531,Fertilizer ManufacturingT,p24.c,P- and other fertiliser,1.0
325311,Nitrogenous Fertilizer Manufacturing,p24.b,N-fertiliser,1.0
325312,Phosphatic Fertilizer Manufacturing,p24.c,P- and other fertiliser,1.0
325314,Fertilizer (Mixing Only) Manufacturing,p24.c,P- and other fertiliser,1.0
32532,Pesticide and Other Agricultural Chemical ManufacturingT,p24.d,Chemicals nec,1.0
325320,Pesticide and Other Agricultural Chemical Manufacturing,p24.d,Chemicals nec,1.0
3254,Pharmaceutical and Medicine ManufacturingT,p24.d,Chemicals nec,1.0
32541,Pharmaceutical and Medicine ManufacturingT,p24.d,Chemicals nec,1.0
325411,Medicinal and Botanical Manufacturing,p24.d,Chemicals nec,1.0
325412,Pharmaceutical Preparation Manufacturing,p24.d,Chemicals nec,1.0
325413,In-Vitro Diagnostic Substance Manufacturing,p24.d,Chemicals nec,1.0
325414,Biological Product (except Diagnostic) Manufacturing,p24.d,Chemicals nec,1.0
3255,"Paint, Coating, and Adhesive ManufacturingT",p24.d,Chemicals nec,1.0
32551,Paint and Coating ManufacturingT,p24.d,Chemicals nec,1.0
325510,Paint and Coating Manufacturing,p24.d,Chemicals nec,1.0
32552,Adhesive ManufacturingT,p24.d,Chemicals nec,1.0
325520,Adhesive Manufacturing,p24.d,Chemicals nec,1.0
3256,"Soap, Cleaning Compound, and Toilet Preparation ManufacturingT",p24.d,Chemicals nec,1.0
32561,Soap and Cleaning Compound ManufacturingT,p24.d,Chemicals nec,1.0
325611,Soap and Other Detergent Manufacturing,p24.d,Chemicals nec,1.0
325612,Polish and Other Sanitation Good Manufacturing,p24.d,Chemicals nec,1.0
325613,Surface Active Agent Manufacturing,p24.d,Chemicals nec,1.0
32562,Toilet Preparation ManufacturingT,p24.d,Chemicals nec,1.0
325620,Toilet Preparation Manufacturing,p24.d,Chemicals nec,1.0
3259,Other Chemical Product and Preparation ManufacturingT,p24.a,"Plastics, basic",1.0
3259,Other Chemical Product and Preparation ManufacturingT,p24.a.w,"Secondary plastic for treatment, Re-processing of secondary plastic into new plastic",1.0
3259,Other Chemical Product and Preparation ManufacturingT,p24.d,Chemicals nec,1.0
32591,Printing Ink ManufacturingT,p24.d,Chemicals nec,1.0
325910,Printing Ink Manufacturing,p24.d,Chemicals nec,1.0
32592,Explosives ManufacturingT,p24.d,Chemicals nec,1.0
325920,Explosives Manufacturing,p24.d,Chemicals nec,1.0
32599,All Other Chemical Product and Preparation ManufacturingT,p24.a,"Plastics, basic",1.0
32599,All Other Chemical Product and Preparation ManufacturingT,p24.a.w,"Secondary plastic for treatment, Re-processing of secondary plastic into new plastic",1.0
32599,All Other Chemical Product and Preparation ManufacturingT,p24.d,Chemicals nec,1.0
325991,Custom Compounding of Purchased Resins,p24.a,"Plastics, basic",1.0
325991,Custom Compounding of Purchased Resins,p24.a.w,"Secondary plastic for treatment, Re-processing of secondary plastic into new plastic",1.0
325992,"Photographic Film, Paper, Plate, and Chemical Manufacturing",p24.d,Chemicals nec,1.0
325998,All Other Miscellaneous Chemical Product and Preparation Manufacturing,p24.d,Chemicals nec,1.0
326,Plastics and Rubber Products ManufacturingT,p25,Rubber and plastic products (25),1.0
3261,Plastics Product ManufacturingT,p25,Rubber and plastic products (25),1.0
32611,Plastics Packaging Materials and Unlaminated Film and Sheet ManufacturingT,p25,Rubber and plastic products (25),1.0
326111,Plastics Bag and Pouch Manufacturing,p25,Rubber and plastic products (25),1.0
326112,Plastics Packaging Film and Sheet (including Laminated) Manufacturing,p25,Rubber and plastic products (25),1.0
326113,Unlaminated Plastics Film and Sheet (except Packaging) Manufacturing,p25,Rubber and plastic products (25),1.0
32612,"Plastics Pipe, Pipe Fitting, and Unlaminated Profile Shape ManufacturingT",p25,Rubber and plastic products (25),1.0
326121,Unlaminated Plastics Profile Shape Manufacturing,p25,Rubber and plastic products (25),1.0
326122,Plastics Pipe and Pipe Fitting Manufacturing,p25,Rubber and plastic products (25),1.0
32613,"Laminated Plastics Plate, Sheet (except Packaging), and Shape ManufacturingT",p25,Rubber and plastic products (25),1.0
326130,"Laminated Plastics Plate, Sheet (except Packaging), and Shape Manufacturing",p25,Rubber and plastic products (25),1.0
32614,Polystyrene Foam Product ManufacturingT,p25,Rubber and plastic products (25),1.0
326140,Polystyrene Foam Product Manufacturing,p25,Rubber and plastic products (25),1.0
32615,Urethane and Other Foam Product (except Polystyrene) ManufacturingT,p25,Rubber and plastic products (25),1.0
326150,Urethane and Other Foam Product (except Polystyrene) Manufacturing,p25,Rubber and plastic products (25),1.0
32616,Plastics Bottle ManufacturingT,p25,Rubber and plastic products (25),1.0
326160,Plastics Bottle Manufacturing,p25,Rubber and plastic products (25),1.0
32619,Other Plastics Product ManufacturingT,p25,Rubber and plastic products (25),1.0
326191,Plastics Plumbing Fixture Manufacturing,p25,Rubber and plastic products (25),1.0
326199,All Other Plastics Product Manufacturing,p25,Rubber and plastic products (25),1.0
3262,Rubber Product ManufacturingT,p25,Rubber and plastic products (25),1.0
32621,Tire ManufacturingT,p25,Rubber and plastic products (25),1.0
326211,Tire Manufacturing (except Retreading),p25,Rubber and plastic products (25),1.0
326212,Tire Retreading,p25,Rubber and plastic products (25),1.0
32622,Rubber and Plastics Hoses and Belting ManufacturingT,p25,Rubber and plastic products (25),1.0
326220,Rubber and Plastics Hoses and Belting Manufacturing,p25,Rubber and plastic products (25),1.0
32629,Other Rubber Product ManufacturingT,p25,Rubber and plastic products (25),1.0
326291,Rubber Product Manufacturing for Mechanical Use,p25,Rubber and plastic products (25),1.0
326299,All Other Rubber Product Manufacturing,p25,Rubber and plastic products (25),1.0
327,Nonmetallic Mineral Product ManufacturingT,p26.a,Glass and glass products,1.0
327,Nonmetallic Mineral Product ManufacturingT,p26.a.w,"Secondary glass for treatment, Re-processing of secondary glass into new glass",1.0
327,Nonmetallic Mineral Product ManufacturingT,p26.b,Ceramic goods,1.0
327,Nonmetallic Mineral Product ManufacturingT,p26.c,"Bricks, tiles and construction products, in baked clay",1.0
327,Nonmetallic Mineral Product ManufacturingT,p26.d,"Cement, lime and plaster",1.0
327,Nonmetallic Mineral Product ManufacturingT,p26.d.w,"Ash for treatment, Re-processing of ash into clinker",1.0
327,Nonmetallic Mineral Product ManufacturingT,p26.e,Other non-metallic mineral products,1.0
3271,Clay Product and Refractory ManufacturingT,p26.b,Ceramic goods,1.0
3271,Clay Product and Refractory ManufacturingT,p26.c,"Bricks, tiles and construction products, in baked clay",1.0
32711,"Pottery, Ceramics, and Plumbing Fixture ManufacturingT",p26.b,Ceramic goods,1.0
327110,"Pottery, Ceramics, and Plumbing Fixture Manufacturing",p26.b,Ceramic goods,1.0
32712,Clay Building Material and Refractories ManufacturingT,p26.c,"Bricks, tiles and construction products, in baked clay",1.0
327120,Clay Building Material and Refractories Manufacturing,p26.c,"Bricks, tiles and construction products, in baked clay",1.0
3272,Glass and Glass Product ManufacturingT,p26.a,Glass and glass products,1.0
3272,Glass and Glass Product ManufacturingT,p26.a.w,"Secondary glass for treatment, Re-processing of secondary glass into new glass",1.0
32721,Glass and Glass Product ManufacturingT,p26.a,Glass and glass products,1.0
32721,Glass and Glass Product ManufacturingT,p26.a.w,"Secondary glass for treatment, Re-processing of secondary glass into new glass",1.0
327211,Flat Glass Manufacturing,p26.a,Glass and glass products,1.0
327211,Flat Glass Manufacturing,p26.a.w,"Secondary glass for treatment, Re-processing of secondary glass into new glass",1.0
327212,Other Pressed and Blown Glass and Glassware Manufacturing,p26.a,Glass and glass products,1.0
327212,Other Pressed and Blown Glass and Glassware Manufacturing,p26.a.w,"Secondary glass for treatment, Re-processing of secondary glass into new glass",1.0
327213,Glass Container Manufacturing,p26.a,Glass and glass products,1.0
327213,Glass Container Manufacturing,p26.a.w,"Secondary glass for treatment, Re-processing of secondary glass into new glass",1.0
327215,Glass Product Manufacturing Made of Purchased Glass,p26.a,Glass and glass products,1.0
327215,Glass Product Manufacturing Made of Purchased Glass,p26.a.w,"Secondary glass for treatment, Re-processing of secondary glass into new glass",1.0
3273,Cement and Concrete Product ManufacturingT,p26.d,"Cement, lime and plaster",1.0
3273,Cement and Concrete Product ManufacturingT,p26.d.w,"Ash for treatment, Re-processing of ash into clinker",1.0
3273,Cement and Concrete Product ManufacturingT,p26.e,Other non-metallic mineral products,1.0
32731,Cement ManufacturingT,p26.d,"Cement, lime and plaster",1.0
32731,Cement ManufacturingT,p26.d.w,"Ash for treatment, Re-processing of ash into clinker",1.0
327310,Cement Manufacturing,p26.d,"Cement, lime and plaster",1.0
327310,Cement Manufacturing,p26.d.w,"Ash for treatment, Re-processing of ash into clinker",1.0
32732,Ready-Mix Concrete ManufacturingT,p26.e,Other non-metallic mineral products,1.0
327320,Ready-Mix Concrete Manufacturing,p26.e,Other non-metallic mineral products,1.0
32733,"Concrete Pipe, Brick, and Block ManufacturingT",p26.e,Other non-metallic mineral products,1.0
327331,Concrete Block and Brick Manufacturing,p26.e,Other non-metallic mineral products,1.0
327332,Concrete Pipe Manufacturing,p26.e,Other non-metallic mineral products,1.0
32739,Other Concrete Product ManufacturingT,p26.e,Other non-metallic mineral products,1.0
327390,Other Concrete Product Manufacturing,p26.e,Other non-metallic mineral products,1.0
3274,Lime and Gypsum Product ManufacturingT,p26.d,"Cement, lime and plaster",1.0
32741,Lime ManufacturingT,p26.d,"Cement, lime and plaster",1.0
327410,Lime Manufacturing,p26.d,"Cement, lime and plaster",1.0
32742,Gypsum Product ManufacturingT,p26.d,"Cement, lime and plaster",1.0
327420,Gypsum Product Manufacturing,p26.d,"Cement, lime and plaster",1.0
3279,Other Nonmetallic Mineral Product ManufacturingT,p26.e,Other non-metallic mineral products,1.0
32791,Abrasive Product ManufacturingT,p26.e,Other non-metallic mineral products,1.0
327910,Abrasive Product Manufacturing,p26.e,Other non-metallic mineral products,1.0
32799,All Other Nonmetallic Mineral Product ManufacturingT,p26.e,Other non-metallic mineral products,1.0
327991,Cut Stone and Stone Product Manufacturing,p26.e,Other non-metallic mineral products,1.0
327992,Ground or Treated Mineral and Earth Manufacturing,p26.e,Other non-metallic mineral products,1.0
327993,Mineral Wool Manufacturing,p26.e,Other non-metallic mineral products,1.0
327999,All Other Miscellaneous Nonmetallic Mineral Product Manufacturing,p26.e,Other non-metallic mineral products,1.0
331,Primary Metal ManufacturingT,p27.a,Basic iron and steel and of ferro-alloys and first products thereof,1.0
331,Primary Metal ManufacturingT,p27.a.w,"Secondary steel for treatment, Re-processing of secondary steel into new steel",1.0
331,Primary Metal ManufacturingT,p27.41,Precious metals,1.0
331,Primary Metal ManufacturingT,p27.41.w,"Secondary preciuos metals for treatment, Re-processing of secondary preciuos metals into new preciuos metals",1.0
331,Primary Metal ManufacturingT,p27.42,Aluminium and aluminium products,1.0
331,Primary Metal ManufacturingT,p27.42.w,"Secondary aluminium for treatment, Re-processing of secondary aluminium into new aluminium",1.0
331,Primary Metal ManufacturingT,p27.43,"Lead, zinc and tin and products thereof",1.0
331,Primary Metal ManufacturingT,p27.43.w,"Secondary lead for treatment, Re-processing of secondary lead into new lead",1.0
331,Primary Metal ManufacturingT,p27.44,Copper products,1.0
331,Primary Metal ManufacturingT,p27.44.w,"Secondary copper for treatment, Re-processing of secondary copper into new copper",1.0
331,Primary Metal ManufacturingT,p27.45,Other non-ferrous metal products,1.0
331,Primary Metal ManufacturingT,p27.45.w,"Secondary other non-ferrous metals for treatment, Re-processing of secondary other non-ferrous metals into new other non-ferrous metals",1.0
331,Primary Metal ManufacturingT,p27.5,Foundry work services,1.0
331,Primary Metal ManufacturingT,p28,"Fabricated metal products, except machinery and equipment (28)",1.0
3311,Iron and Steel Mills and Ferroalloy ManufacturingT,p27.a,Basic iron and steel and of ferro-alloys and first products thereof,1.0
3311,Iron and Steel Mills and Ferroalloy ManufacturingT,p27.a.w,"Secondary steel for treatment, Re-processing of secondary steel into new steel",1.0
33111,Iron and Steel Mills and Ferroalloy ManufacturingT,p27.a,Basic iron and steel and of ferro-alloys and first products thereof,1.0
33111,Iron and Steel Mills and Ferroalloy ManufacturingT,p27.a.w,"Secondary steel for treatment, Re-processing of secondary steel into new steel",1.0
331110,Iron and Steel Mills and Ferroalloy Manufacturing,p27.a,Basic iron and steel and of ferro-alloys and first products thereof,1.0
331110,Iron and Steel Mills and Ferroalloy Manufacturing,p27.a.w,"Secondary steel for treatment, Re-processing of secondary steel into new steel",1.0
3312,Steel Product Manufacturing from Purchased SteelT,p27.a,Basic iron and steel and of ferro-alloys and first products thereof,1.0
3312,Steel Product Manufacturing from Purchased SteelT,p27.a.w,"Secondary steel for treatment, Re-processing of secondary steel into new steel",1.0
3312,Steel Product Manufacturing from Purchased SteelT,p28,"Fabricated metal products, except machinery and equipment (28)",1.0
33121,Iron and Steel Pipe and Tube Manufacturing from Purchased SteelT,p27.a,Basic iron and steel and of ferro-alloys and first products thereof,1.0
331210,Iron and Steel Pipe and Tube Manufacturing from Purchased Steel,p27.a,Basic iron and steel and of ferro-alloys and first products thereof,1.0
33122,Rolling and Drawing of Purchased SteelT,p27.a,Basic iron and steel and of ferro-alloys and first products thereof,1.0
33122,Rolling and Drawing of Purchased SteelT,p27.a.w,"Secondary steel for treatment, Re-processing of secondary steel into new steel",1.0
33122,Rolling and Drawing of Purchased SteelT,p28,"Fabricated metal products, except machinery and equipment (28)",1.0
331221,Rolled Steel Shape Manufacturing,p27.a,Basic iron and steel and of ferro-alloys and first products thereof,1.0
331221,Rolled Steel Shape Manufacturing,p27.a.w,"Secondary steel for treatment, Re-processing of secondary steel into new steel",1.0
331222,Steel Wire Drawing,p27.a,Basic iron and steel and of ferro-alloys and first products thereof,1.0
331222,Steel Wire Drawing,p27.a.w,"Secondary steel for treatment, Re-processing of secondary steel into new steel",1.0
331222,Steel Wire Drawing,p28,"Fabricated metal products, except machinery and equipment (28)",1.0
3313,Alumina and Aluminum Production and ProcessingT,p27.42,Aluminium and aluminium products,1.0
3313,Alumina and Aluminum Production and ProcessingT,p27.42.w,"Secondary aluminium for treatment, Re-processing of secondary aluminium into new aluminium",1.0
33131,Alumina and Aluminum Production and ProcessingT,p27.42,Aluminium and aluminium products,1.0
33131,Alumina and Aluminum Production and ProcessingT,p27.42.w,"Secondary aluminium for treatment, Re-processing of secondary aluminium into new aluminium",1.0
331313,Alumina Refining and Primary Aluminum Production,p27.42,Aluminium and aluminium products,1.0
331313,Alumina Refining and Primary Aluminum Production,p27.42.w,"Secondary aluminium for treatment, Re-processing of secondary aluminium into new aluminium",1.0
331314,Secondary Smelting and Alloying of Aluminum,p27.42,Aluminium and aluminium products,1.0
331314,Secondary Smelting and Alloying of Aluminum,p27.42.w,"Secondary aluminium for treatment, Re-processing of secondary aluminium into new aluminium",1.0
331315,"Aluminum Sheet, Plate, and Foil Manufacturing",p27.42,Aluminium and aluminium products,1.0
331315,"Aluminum Sheet, Plate, and Foil Manufacturing",p27.42.w,"Secondary aluminium for treatment, Re-processing of secondary aluminium into new aluminium",1.0
331318,"Other Aluminum Rolling, Drawing, and Extruding",p27.42,Aluminium and aluminium products,1.0
331318,"Other Aluminum Rolling, Drawing, and Extruding",p27.42.w,"Secondary aluminium for treatment, Re-processing of secondary aluminium into new aluminium",1.0
3314,Nonferrous Metal (except Aluminum) Production and ProcessingT,p27.41,Precious metals,1.0
3314,Nonferrous Metal (except Aluminum) Production and ProcessingT,p27.41.w,"Secondary preciuos metals for treatment, Re-processing of secondary preciuos metals into new preciuos metals",1.0
3314,Nonferrous Metal (except Aluminum) Production and ProcessingT,p27.43,"Lead, zinc and tin and products thereof",1.0
3314,Nonferrous Metal (except Aluminum) Production and ProcessingT,p27.43.w,"Secondary lead for treatment, Re-processing of secondary lead into new lead",1.0
3314,Nonferrous Metal (except Aluminum) Production and ProcessingT,p27.44,Copper products,1.0
3314,Nonferrous Metal (except Aluminum) Production and ProcessingT,p27.44.w,"Secondary copper for treatment, Re-processing of secondary copper into new copper",1.0
3314,Nonferrous Metal (except Aluminum) Production and ProcessingT,p27.45,Other non-ferrous metal products,1.0
3314,Nonferrous Metal (except Aluminum) Production and ProcessingT,p27.45.w,"Secondary other non-ferrous metals for treatment, Re-processing of secondary other non-ferrous metals into new other non-ferrous metals",1.0
33141,Nonferrous Metal (except Aluminum) Smelting and RefiningT,p27.41,Precious metals,1.0
33141,Nonferrous Metal (except Aluminum) Smelting and RefiningT,p27.41.w,"Secondary preciuos metals for treatment, Re-processing of secondary preciuos metals into new preciuos metals",1.0
33141,Nonferrous Metal (except Aluminum) Smelting and RefiningT,p27.43,"Lead, zinc and tin and products thereof",1.0
33141,Nonferrous Metal (except Aluminum) Smelting and RefiningT,p27.43.w,"Secondary lead for treatment, Re-processing of secondary lead into new lead",1.0
33141,Nonferrous Metal (except Aluminum) Smelting and RefiningT,p27.44,Copper products,1.0
33141,Nonferrous Metal (except Aluminum) Smelting and RefiningT,p27.44.w,"Secondary copper for treatment, Re-processing of secondary copper into new copper",1.0
33141,Nonferrous Metal (except Aluminum) Smelting and RefiningT,p27.45,Other non-ferrous metal products,1.0
33141,Nonferrous Metal (except Aluminum) Smelting and RefiningT,p27.45.w,"Secondary other non-ferrous metals for treatment, Re-processing of secondary other non-ferrous metals into new other non-ferrous metals",1.0
331410,Nonferrous Metal (except Aluminum) Smelting and Refining,p27.41,Precious metals,1.0
331410,Nonferrous Metal (except Aluminum) Smelting and Refining,p27.41.w,"Secondary preciuos metals for treatment, Re-processing of secondary preciuos metals into new preciuos metals",1.0
331410,Nonferrous Metal (except Aluminum) Smelting and Refining,p27.43,"Lead, zinc and tin and products thereof",1.0
331410,Nonferrous Metal (except Aluminum) Smelting and Refining,p27.43.w,"Secondary lead for treatment, Re-processing of secondary lead into new lead",1.0
331410,Nonferrous Metal (except Aluminum) Smelting and Refining,p27.44,Copper products,1.0
331410,Nonferrous Metal (except Aluminum) Smelting and Refining,p27.44.w,"Secondary copper for treatment, Re-processing of secondary copper into new copper",1.0
331410,Nonferrous Metal (except Aluminum) Smelting and Refining,p27.45,Other non-ferrous metal products,1.0
331410,Nonferrous Metal (except Aluminum) Smelting and Refining,p27.45.w,"Secondary other non-ferrous metals for treatment, Re-processing of secondary other non-ferrous metals into new other non-ferrous metals",1.0
33142,"Copper Rolling, Drawing, Extruding, and AlloyingT",p27.44,Copper products,1.0
33142,"Copper Rolling, Drawing, Extruding, and AlloyingT",p27.44.w,"Secondary copper for treatment, Re-processing of secondary copper into new copper",1.0
331420,"Copper Rolling, Drawing, Extruding, and Alloying",p27.44,Copper products,1.0
331420,"Copper Rolling, Drawing, Extruding, and Alloying",p27.44.w,"Secondary copper for treatment, Re-processing of secondary copper into new copper",1.0
33149,"Nonferrous Metal (except Copper and Aluminum) Rolling, Drawing, Extruding, and AlloyingT",p27.41,Precious metals,1.0
33149,"Nonferrous Metal (except Copper and Aluminum) Rolling, Drawing, Extruding, and AlloyingT",p27.41.w,"Secondary preciuos metals for treatment, Re-processing of secondary preciuos metals into new preciuos metals",1.0
33149,"Nonferrous Metal (except Copper and Aluminum) Rolling, Drawing, Extruding, and AlloyingT",p27.43,"Lead, zinc and tin and products thereof",1.0
33149,"Nonferrous Metal (except Copper and Aluminum) Rolling, Drawing, Extruding, and AlloyingT",p27.43.w,"Secondary lead for treatment, Re-processing of secondary lead into new lead",1.0
33149,"Nonferrous Metal (except Copper and Aluminum) Rolling, Drawing, Extruding, and AlloyingT",p27.45,Other non-ferrous metal products,1.0
33149,"Nonferrous Metal (except Copper and Aluminum) Rolling, Drawing, Extruding, and AlloyingT",p27.45.w,"Secondary other non-ferrous metals for treatment, Re-processing of secondary other non-ferrous metals into new other non-ferrous metals",1.0
331491,"Nonferrous Metal (except Copper and Aluminum) Rolling, Drawing, and Extruding",p27.41,Precious metals,1.0
331491,"Nonferrous Metal (except Copper and Aluminum) Rolling, Drawing, and Extruding",p27.41.w,"Secondary preciuos metals for treatment, Re-processing of secondary preciuos metals into new preciuos metals",1.0
331491,"Nonferrous Metal (except Copper and Aluminum) Rolling, Drawing, and Extruding",p27.43,"Lead, zinc and tin and products thereof",1.0
331491,"Nonferrous Metal (except Copper and Aluminum) Rolling, Drawing, and Extruding",p27.43.w,"Secondary lead for treatment, Re-processing of secondary lead into new lead",1.0
331491,"Nonferrous Metal (except Copper and Aluminum) Rolling, Drawing, and Extruding",p27.45,Other non-ferrous metal products,1.0
331491,"Nonferrous Metal (except Copper and Aluminum) Rolling, Drawing, and Extruding",p27.45.w,"Secondary other non-ferrous metals for treatment, Re-processing of secondary other non-ferrous metals into new other non-ferrous metals",1.0
331492,"Secondary Smelting, Refining, and Alloying of Nonferrous Metal (except Copper and Aluminum)",p27.41,Precious metals,1.0
331492,"Secondary Smelting, Refining, and Alloying of Nonferrous Metal (except Copper and Aluminum)",p27.41.w,"Secondary preciuos metals for treatment, Re-processing of secondary preciuos metals into new preciuos metals",1.0
331492,"Secondary Smelting, Refining, and Alloying of Nonferrous Metal (except Copper and Aluminum)",p27.43,"Lead, zinc and tin and products thereof",1.0
331492,"Secondary Smelting, Refining, and Alloying of Nonferrous Metal (except Copper and Aluminum)",p27.43.w,"Secondary lead for treatment, Re-processing of secondary lead into new lead",1.0
331492,"Secondary Smelting, Refining, and Alloying of Nonferrous Metal (except Copper and Aluminum)",p27.45,Other non-ferrous metal products,1.0
331492,"Secondary Smelting, Refining, and Alloying of Nonferrous Metal (except Copper and Aluminum)",p27.45.w,"Secondary other non-ferrous metals for treatment, Re-processing of secondary other non-ferrous metals into new other non-ferrous metals",1.0
3315,FoundriesT,p27.5,Foundry work services,1.0
33151,Ferrous Metal FoundriesT,p27.5,Foundry work services,1.0
331511,Iron Foundries,p27.5,Foundry work services,1.0
331512,Steel Investment Foundries,p27.5,Foundry work services,1.0
331513,Steel Foundries (except Investment),p27.5,Foundry work services,1.0
33152,Nonferrous Metal FoundriesT,p27.5,Foundry work services,1.0
331523,Nonferrous Metal Die-Casting Foundries,p27.5,Foundry work services,1.0
331524,Aluminum Foundries (except Die-Casting),p27.5,Foundry work services,1.0
331529,Other Nonferrous Metal Foundries (except Die-Casting),p27.5,Foundry work services,1.0
332,Fabricated Metal Product ManufacturingT,p27.a,Basic iron and steel and of ferro-alloys and first products thereof,1.0
332,Fabricated Metal Product ManufacturingT,p27.44,Copper products,1.0
332,Fabricated Metal Product ManufacturingT,p27.45,Other non-ferrous metal products,1.0
332,Fabricated Metal Product ManufacturingT,p27.45.w,"Secondary other non-ferrous metals for treatment, Re-processing of secondary other non-ferrous metals into new other non-ferrous metals",1.0
332,Fabricated Metal Product ManufacturingT,p28,"Fabricated metal products, except machinery and equipment (28)",1.0
332,Fabricated Metal Product ManufacturingT,p29,Machinery and equipment n.e.c. (29),1.0
332,Fabricated Metal Product ManufacturingT,p31,Electrical machinery and apparatus n.e.c. (31),1.0
332,Fabricated Metal Product ManufacturingT,p33,"Medical, precision and optical instruments, watches and clocks (33)",1.0
332,Fabricated Metal Product ManufacturingT,p36,Furniture; other manufactured goods n.e.c. (36),1.0
3321,Forging and StampingT,p28,"Fabricated metal products, except machinery and equipment (28)",1.0
33211,Forging and StampingT,p28,"Fabricated metal products, except machinery and equipment (28)",1.0
332111,Iron and Steel Forging,p28,"Fabricated metal products, except machinery and equipment (28)",1.0
332112,Nonferrous Forging,p28,"Fabricated metal products, except machinery and equipment (28)",1.0
332114,Custom Roll Forming,p28,"Fabricated metal products, except machinery and equipment (28)",1.0
332117,Powder Metallurgy Part Manufacturing,p28,"Fabricated metal products, except machinery and equipment (28)",1.0
332119,"Metal Crown, Closure, and Other Metal Stamping (except Automotive)",p28,"Fabricated metal products, except machinery and equipment (28)",1.0
3322,Cutlery and Handtool ManufacturingT,p28,"Fabricated metal products, except machinery and equipment (28)",1.0
3322,Cutlery and Handtool ManufacturingT,p29,Machinery and equipment n.e.c. (29),1.0
3322,Cutlery and Handtool ManufacturingT,p31,Electrical machinery and apparatus n.e.c. (31),1.0
3322,Cutlery and Handtool ManufacturingT,p36,Furniture; other manufactured goods n.e.c. (36),1.0
33221,Cutlery and Handtool ManufacturingT,p28,"Fabricated metal products, except machinery and equipment (28)",1.0
33221,Cutlery and Handtool ManufacturingT,p29,Machinery and equipment n.e.c. (29),1.0
33221,Cutlery and Handtool ManufacturingT,p31,Electrical machinery and apparatus n.e.c. (31),1.0
33221,Cutlery and Handtool ManufacturingT,p36,Furniture; other manufactured goods n.e.c. (36),1.0
332215,"Metal Kitchen Cookware, Utensil, Cutlery, and Flatware (except Precious) Manufacturing",p28,"Fabricated metal products, except machinery and equipment (28)",1.0
332215,"Metal Kitchen Cookware, Utensil, Cutlery, and Flatware (except Precious) Manufacturing",p36,Furniture; other manufactured goods n.e.c. (36),1.0
332216,Saw Blade and Handtool Manufacturing,p28,"Fabricated metal products, except machinery and equipment (28)",1.0
332216,Saw Blade and Handtool Manufacturing,p29,Machinery and equipment n.e.c. (29),1.0
332216,Saw Blade and Handtool Manufacturing,p31,Electrical machinery and apparatus n.e.c. (31),1.0
3323,Architectural and Structural Metals ManufacturingT,p28,"Fabricated metal products, except machinery and equipment (28)",1.0
33231,Plate Work and Fabricated Structural Product ManufacturingT,p28,"Fabricated metal products, except machinery and equipment (28)",1.0
332311,Prefabricated Metal Building and Component Manufacturing,p28,"Fabricated metal products, except machinery and equipment (28)",1.0
332312,Fabricated Structural Metal Manufacturing,p28,"Fabricated metal products, except machinery and equipment (28)",1.0
332313,Plate Work Manufacturing,p28,"Fabricated metal products, except machinery and equipment (28)",1.0
33232,Ornamental and Architectural Metal Products ManufacturingT,p28,"Fabricated metal products, except machinery and equipment (28)",1.0
332321,Metal Window and Door Manufacturing,p28,"Fabricated metal products, except machinery and equipment (28)",1.0
332322,Sheet Metal Work Manufacturing,p28,"Fabricated metal products, except machinery and equipment (28)",1.0
332323,Ornamental and Architectural Metal Work Manufacturing,p28,"Fabricated metal products, except machinery and equipment (28)",1.0
3324,"Boiler, Tank, and Shipping Container ManufacturingT",p28,"Fabricated metal products, except machinery and equipment (28)",1.0
33241,Power Boiler and Heat Exchanger ManufacturingT,p28,"Fabricated metal products, except machinery and equipment (28)",1.0
332410,Power Boiler and Heat Exchanger Manufacturing,p28,"Fabricated metal products, except machinery and equipment (28)",1.0
33242,Metal Tank (Heavy Gauge) ManufacturingT,p28,"Fabricated metal products, except machinery and equipment (28)",1.0
332420,Metal Tank (Heavy Gauge) Manufacturing,p28,"Fabricated metal products, except machinery and equipment (28)",1.0
33243,"Metal Can, Box, and Other Metal Container (Light Gauge) ManufacturingT",p28,"Fabricated metal products, except machinery and equipment (28)",1.0
332431,Metal Can Manufacturing,p28,"Fabricated metal products, except machinery and equipment (28)",1.0
332439,Other Metal Container Manufacturing,p28,"Fabricated metal products, except machinery and equipment (28)",1.0
3325,Hardware ManufacturingT,p28,"Fabricated metal products, except machinery and equipment (28)",1.0
33251,Hardware ManufacturingT,p28,"Fabricated metal products, except machinery and equipment (28)",1.0
332510,Hardware Manufacturing,p28,"Fabricated metal products, except machinery and equipment (28)",1.0
3326,Spring and Wire Product ManufacturingT,p28,"Fabricated metal products, except machinery and equipment (28)",1.0
33261,Spring and Wire Product ManufacturingT,p28,"Fabricated metal products, except machinery and equipment (28)",1.0
332613,Spring Manufacturing,p28,"Fabricated metal products, except machinery and equipment (28)",1.0
332618,Other Fabricated Wire Product Manufacturing,p28,"Fabricated metal products, except machinery and equipment (28)",1.0
3327,"Machine Shops; Turned Product; and Screw, Nut, and Bolt ManufacturingT",p28,"Fabricated metal products, except machinery and equipment (28)",1.0
33271,Machine ShopsT,p28,"Fabricated metal products, except machinery and equipment (28)",1.0
332710,Machine Shops,p28,"Fabricated metal products, except machinery and equipment (28)",1.0
33272,"Turned Product and Screw, Nut, and Bolt ManufacturingT",p28,"Fabricated metal products, except machinery and equipment (28)",1.0
332721,Precision Turned Product Manufacturing,p28,"Fabricated metal products, except machinery and equipment (28)",1.0
332722,"Bolt, Nut, Screw, Rivet, and Washer Manufacturing",p28,"Fabricated metal products, except machinery and equipment (28)",1.0
3328,"Coating, Engraving, Heat Treating, and Allied ActivitiesT",p28,"Fabricated metal products, except machinery and equipment (28)",1.0
33281,"Coating, Engraving, Heat Treating, and Allied ActivitiesT",p28,"Fabricated metal products, except machinery and equipment (28)",1.0
332811,Metal Heat Treating,p28,"Fabricated metal products, except machinery and equipment (28)",1.0
332812,"Metal Coating, Engraving (except Jewelry and Silverware), and Allied Services to Manufacturers",p28,"Fabricated metal products, except machinery and equipment (28)",1.0
332813,"Electroplating, Plating, Polishing, Anodizing, and Coloring",p28,"Fabricated metal products, except machinery and equipment (28)",1.0
3329,Other Fabricated Metal Product ManufacturingT,p27.a,Basic iron and steel and of ferro-alloys and first products thereof,1.0
3329,Other Fabricated Metal Product ManufacturingT,p27.44,Copper products,1.0
3329,Other Fabricated Metal Product ManufacturingT,p27.45,Other non-ferrous metal products,1.0
3329,Other Fabricated Metal Product ManufacturingT,p27.45.w,"Secondary other non-ferrous metals for treatment, Re-processing of secondary other non-ferrous metals into new other non-ferrous metals",1.0
3329,Other Fabricated Metal Product ManufacturingT,p28,"Fabricated metal products, except machinery and equipment (28)",1.0
3329,Other Fabricated Metal Product ManufacturingT,p29,Machinery and equipment n.e.c. (29),1.0
3329,Other Fabricated Metal Product ManufacturingT,p33,"Medical, precision and optical instruments, watches and clocks (33)",1.0
33291,Metal Valve ManufacturingT,p27.a,Basic iron and steel and of ferro-alloys and first products thereof,1.0
33291,Metal Valve ManufacturingT,p27.44,Copper products,1.0
33291,Metal Valve ManufacturingT,p27.45,Other non-ferrous metal products,1.0
33291,Metal Valve ManufacturingT,p29,Machinery and equipment n.e.c. (29),1.0
33291,Metal Valve ManufacturingT,p33,"Medical, precision and optical instruments, watches and clocks (33)",1.0
332911,Industrial Valve Manufacturing,p29,Machinery and equipment n.e.c. (29),1.0
332912,Fluid Power Valve and Hose Fitting Manufacturing,p27.a,Basic iron and steel and of ferro-alloys and first products thereof,1.0
332912,Fluid Power Valve and Hose Fitting Manufacturing,p27.45,Other non-ferrous metal products,1.0
332912,Fluid Power Valve and Hose Fitting Manufacturing,p29,Machinery and equipment n.e.c. (29),1.0
332913,Plumbing Fixture Fitting and Trim Manufacturing,p27.44,Copper products,1.0
332913,Plumbing Fixture Fitting and Trim Manufacturing,p29,Machinery and equipment n.e.c. (29),1.0
332919,Other Metal Valve and Pipe Fitting Manufacturing,p27.a,Basic iron and steel and of ferro-alloys and first products thereof,1.0
332919,Other Metal Valve and Pipe Fitting Manufacturing,p29,Machinery and equipment n.e.c. (29),1.0
332919,Other Metal Valve and Pipe Fitting Manufacturing,p33,"Medical, precision and optical instruments, watches and clocks (33)",1.0
33299,All Other Fabricated Metal Product ManufacturingT,p27.a,Basic iron and steel and of ferro-alloys and first products thereof,1.0
33299,All Other Fabricated Metal Product ManufacturingT,p27.45,Other non-ferrous metal products,1.0
33299,All Other Fabricated Metal Product ManufacturingT,p27.45.w,"Secondary other non-ferrous metals for treatment, Re-processing of secondary other non-ferrous metals into new other non-ferrous metals",1.0
33299,All Other Fabricated Metal Product ManufacturingT,p28,"Fabricated metal products, except machinery and equipment (28)",1.0
33299,All Other Fabricated Metal Product ManufacturingT,p29,Machinery and equipment n.e.c. (29),1.0
332991,Ball and Roller Bearing Manufacturing,p29,Machinery and equipment n.e.c. (29),1.0
332992,Small Arms Ammunition Manufacturing,p29,Machinery and equipment n.e.c. (29),1.0
332993,Ammunition (except Small Arms) Manufacturing,p29,Machinery and equipment n.e.c. (29),1.0
332994,"Small Arms, Ordnance, and Ordnance Accessories Manufacturing",p29,Machinery and equipment n.e.c. (29),1.0
332996,Fabricated Pipe and Pipe Fitting Manufacturing,p27.a,Basic iron and steel and of ferro-alloys and first products thereof,1.0
332996,Fabricated Pipe and Pipe Fitting Manufacturing,p27.45,Other non-ferrous metal products,1.0
332996,Fabricated Pipe and Pipe Fitting Manufacturing,p27.45.w,"Secondary other non-ferrous metals for treatment, Re-processing of secondary other non-ferrous metals into new other non-ferrous metals",1.0
332999,All Other Miscellaneous Fabricated Metal Product Manufacturing,p28,"Fabricated metal products, except machinery and equipment (28)",1.0
333,Machinery ManufacturingT,p28,"Fabricated metal products, except machinery and equipment (28)",1.0
333,Machinery ManufacturingT,p29,Machinery and equipment n.e.c. (29),1.0
333,Machinery ManufacturingT,p30,Office machinery and computers (30),1.0
333,Machinery ManufacturingT,p31,Electrical machinery and apparatus n.e.c. (31),1.0
333,Machinery ManufacturingT,p32,"Radio, television and communication equipment and apparatus (32)",1.0
333,Machinery ManufacturingT,p33,"Medical, precision and optical instruments, watches and clocks (33)",1.0
333,Machinery ManufacturingT,p35,Other transport equipment (35),1.0
3331,"Agriculture, Construction, and Mining Machinery ManufacturingT",p29,Machinery and equipment n.e.c. (29),1.0
33311,Agricultural Implement ManufacturingT,p29,Machinery and equipment n.e.c. (29),1.0
333111,Farm Machinery and Equipment Manufacturing,p29,Machinery and equipment n.e.c. (29),1.0
333112,Lawn and Garden Tractor and Home Lawn and Garden Equipment Manufacturing,p29,Machinery and equipment n.e.c. (29),1.0
33312,Construction Machinery ManufacturingT,p29,Machinery and equipment n.e.c. (29),1.0
333120,Construction Machinery Manufacturing,p29,Machinery and equipment n.e.c. (29),1.0
33313,Mining and Oil and Gas Field Machinery ManufacturingT,p29,Machinery and equipment n.e.c. (29),1.0
333131,Mining Machinery and Equipment Manufacturing,p29,Machinery and equipment n.e.c. (29),1.0
333132,Oil and Gas Field Machinery and Equipment Manufacturing,p29,Machinery and equipment n.e.c. (29),1.0
3332,Industrial Machinery ManufacturingT,p29,Machinery and equipment n.e.c. (29),1.0
3332,Industrial Machinery ManufacturingT,p31,Electrical machinery and apparatus n.e.c. (31),1.0
33324,Industrial Machinery ManufacturingT,p29,Machinery and equipment n.e.c. (29),1.0
33324,Industrial Machinery ManufacturingT,p31,Electrical machinery and apparatus n.e.c. (31),1.0
333241,Food Product Machinery Manufacturing,p29,Machinery and equipment n.e.c. (29),1.0
333242,Semiconductor Machinery Manufacturing,p29,Machinery and equipment n.e.c. (29),1.0
333242,Semiconductor Machinery Manufacturing,p31,Electrical machinery and apparatus n.e.c. (31),1.0
333243,"Sawmill, Woodworking, and Paper Machinery Manufacturing",p29,Machinery and equipment n.e.c. (29),1.0
333244,Printing Machinery and Equipment Manufacturing,p29,Machinery and equipment n.e.c. (29),1.0
333244,Printing Machinery and Equipment Manufacturing,p31,Electrical machinery and apparatus n.e.c. (31),1.0
333249,Other Industrial Machinery Manufacturing,p29,Machinery and equipment n.e.c. (29),1.0
333249,Other Industrial Machinery Manufacturing,p31,Electrical machinery and apparatus n.e.c. (31),1.0
3333,Commercial and Service Industry Machinery ManufacturingT,p29,Machinery and equipment n.e.c. (29),1.0
3333,Commercial and Service Industry Machinery ManufacturingT,p30,Office machinery and computers (30),1.0
3333,Commercial and Service Industry Machinery ManufacturingT,p32,"Radio, television and communication equipment and apparatus (32)",1.0
3333,Commercial and Service Industry Machinery ManufacturingT,p33,"Medical, precision and optical instruments, watches and clocks (33)",1.0
33331,Commercial and Service Industry Machinery ManufacturingT,p29,Machinery and equipment n.e.c. (29),1.0
33331,Commercial and Service Industry Machinery ManufacturingT,p30,Office machinery and computers (30),1.0
33331,Commercial and Service Industry Machinery ManufacturingT,p32,"Radio, television and communication equipment and apparatus (32)",1.0
33331,Commercial and Service Industry Machinery ManufacturingT,p33,"Medical, precision and optical instruments, watches and clocks (33)",1.0
333314,Optical Instrument and Lens Manufacturing,p33,"Medical, precision and optical instruments, watches and clocks (33)",1.0
333316,Photographic and Photocopying Equipment Manufacturing,p33,"Medical, precision and optical instruments, watches and clocks (33)",1.0
333316,Photographic and Photocopying Equipment Manufacturing,p30,Office machinery and computers (30),1.0
333316,Photographic and Photocopying Equipment Manufacturing,p32,"Radio, television and communication equipment and apparatus (32)",1.0
333318,Other Commercial and Service Industry Machinery Manufacturing,p30,Office machinery and computers (30),1.0
333318,Other Commercial and Service Industry Machinery Manufacturing,p29,Machinery and equipment n.e.c. (29),1.0
3334,"Ventilation, Heating, Air-Conditioning, and Commercial Refrigeration Equipment ManufacturingT",p28,"Fabricated metal products, except machinery and equipment (28)",1.0
3334,"Ventilation, Heating, Air-Conditioning, and Commercial Refrigeration Equipment ManufacturingT",p29,Machinery and equipment n.e.c. (29),1.0
33341,"Ventilation, Heating, Air-Conditioning, and Commercial Refrigeration Equipment ManufacturingT",p28,"Fabricated metal products, except machinery and equipment (28)",1.0
33341,"Ventilation, Heating, Air-Conditioning, and Commercial Refrigeration Equipment ManufacturingT",p29,Machinery and equipment n.e.c. (29),1.0
333413,Industrial and Commercial Fan and Blower and Air Purification Equipment Manufacturing,p29,Machinery and equipment n.e.c. (29),1.0
333414,Heating Equipment (except Warm Air Furnaces) Manufacturing,p28,"Fabricated metal products, except machinery and equipment (28)",1.0
333414,Heating Equipment (except Warm Air Furnaces) Manufacturing,p29,Machinery and equipment n.e.c. (29),1.0
333415,Air-Conditioning and Warm Air Heating Equipment and Commercial and Industrial Refrigeration Equipment Manufacturing,p29,Machinery and equipment n.e.c. (29),1.0
3335,Metalworking Machinery ManufacturingT,p28,"Fabricated metal products, except machinery and equipment (28)",1.0
3335,Metalworking Machinery ManufacturingT,p29,Machinery and equipment n.e.c. (29),1.0
33351,Metalworking Machinery ManufacturingT,p28,"Fabricated metal products, except machinery and equipment (28)",1.0
33351,Metalworking Machinery ManufacturingT,p29,Machinery and equipment n.e.c. (29),1.0
333511,Industrial Mold Manufacturing,p28,"Fabricated metal products, except machinery and equipment (28)",1.0
333511,Industrial Mold Manufacturing,p29,Machinery and equipment n.e.c. (29),1.0
333514,"Special Die and Tool, Die Set, Jig, and Fixture Manufacturing",p28,"Fabricated metal products, except machinery and equipment (28)",1.0
333514,"Special Die and Tool, Die Set, Jig, and Fixture Manufacturing",p29,Machinery and equipment n.e.c. (29),1.0
333515,Cutting Tool and Machine Tool Accessory Manufacturing,p28,"Fabricated metal products, except machinery and equipment (28)",1.0
333515,Cutting Tool and Machine Tool Accessory Manufacturing,p29,Machinery and equipment n.e.c. (29),1.0
333517,Machine Tool Manufacturing,p29,Machinery and equipment n.e.c. (29),1.0
333519,Rolling Mill and Other Metalworking Machinery Manufacturing,p29,Machinery and equipment n.e.c. (29),1.0
3336,"Engine, Turbine, and Power Transmission Equipment ManufacturingT",p29,Machinery and equipment n.e.c. (29),1.0
3336,"Engine, Turbine, and Power Transmission Equipment ManufacturingT",p31,Electrical machinery and apparatus n.e.c. (31),1.0
33361,"Engine, Turbine, and Power Transmission Equipment ManufacturingT",p29,Machinery and equipment n.e.c. (29),1.0
33361,"Engine, Turbine, and Power Transmission Equipment ManufacturingT",p31,Electrical machinery and apparatus n.e.c. (31),1.0
333611,Turbine and Turbine Generator Set Units Manufacturing,p29,Machinery and equipment n.e.c. (29),1.0
333612,"Speed Changer, Industrial High-Speed Drive, and Gear Manufacturing",p29,Machinery and equipment n.e.c. (29),1.0
333613,Mechanical Power Transmission Equipment Manufacturing,p29,Machinery and equipment n.e.c. (29),1.0
333618,Other Engine Equipment Manufacturing,p31,Electrical machinery and apparatus n.e.c. (31),1.0
333618,Other Engine Equipment Manufacturing,p29,Machinery and equipment n.e.c. (29),1.0
3339,Other General Purpose Machinery ManufacturingT,p29,Machinery and equipment n.e.c. (29),1.0
3339,Other General Purpose Machinery ManufacturingT,p31,Electrical machinery and apparatus n.e.c. (31),1.0
3339,Other General Purpose Machinery ManufacturingT,p33,"Medical, precision and optical instruments, watches and clocks (33)",1.0
3339,Other General Purpose Machinery ManufacturingT,p35,Other transport equipment (35),1.0
33391,Pump and Compressor ManufacturingT,p29,Machinery and equipment n.e.c. (29),1.0
33391,Pump and Compressor ManufacturingT,p33,"Medical, precision and optical instruments, watches and clocks (33)",1.0
333912,Air and Gas Compressor Manufacturing,p29,Machinery and equipment n.e.c. (29),1.0
333912,Air and Gas Compressor Manufacturing,p33,"Medical, precision and optical instruments, watches and clocks (33)",1.0
333914,"Measuring, Dispensing, and Other Pumping Equipment Manufacturing",p29,Machinery and equipment n.e.c. (29),1.0
33392,Material Handling Equipment ManufacturingT,p29,Machinery and equipment n.e.c. (29),1.0
33392,Material Handling Equipment ManufacturingT,p35,Other transport equipment (35),1.0
333921,Elevator and Moving Stairway Manufacturing,p29,Machinery and equipment n.e.c. (29),1.0
333921,Elevator and Moving Stairway Manufacturing,p35,Other transport equipment (35),1.0
333922,Conveyor and Conveying Equipment Manufacturing,p29,Machinery and equipment n.e.c. (29),1.0
333922,Conveyor and Conveying Equipment Manufacturing,p35,Other transport equipment (35),1.0
333923,"Overhead Traveling Crane, Hoist, and Monorail System Manufacturing",p29,Machinery and equipment n.e.c. (29),1.0
333923,"Overhead Traveling Crane, Hoist, and Monorail System Manufacturing",p35,Other transport equipment (35),1.0
333924,"Industrial Truck, Tractor, Trailer, and Stacker Machinery Manufacturing",p29,Machinery and equipment n.e.c. (29),1.0
333924,"Industrial Truck, Tractor, Trailer, and Stacker Machinery Manufacturing",p35,Other transport equipment (35),1.0
33399,All Other General Purpose Machinery ManufacturingT,p29,Machinery and equipment n.e.c. (29),1.0
33399,All Other General Purpose Machinery ManufacturingT,p31,Electrical machinery and apparatus n.e.c. (31),1.0
33399,All Other General Purpose Machinery ManufacturingT,p33,"Medical, precision and optical instruments, watches and clocks (33)",1.0
333991,Power-Driven Handtool Manufacturing,p29,Machinery and equipment n.e.c. (29),1.0
333992,Welding and Soldering Equipment Manufacturing,p31,Electrical machinery and apparatus n.e.c. (31),1.0
333992,Welding and Soldering Equipment Manufacturing,p29,Machinery and equipment n.e.c. (29),1.0
333993,Packaging Machinery Manufacturing,p29,Machinery and equipment n.e.c. (29),1.0
333994,Industrial Process Furnace and Oven Manufacturing,p29,Machinery and equipment n.e.c. (29),1.0
333995,Fluid Power Cylinder and Actuator Manufacturing,p29,Machinery and equipment n.e.c. (29),1.0
333996,Fluid Power Pump and Motor Manufacturing,p29,Machinery and equipment n.e.c. (29),1.0
333997,Scale and Balance Manufacturing,p33,"Medical, precision and optical instruments, watches and clocks (33)",1.0
333999,All Other Miscellaneous General Purpose Machinery Manufacturing,p29,Machinery and equipment n.e.c. (29),1.0
333999,All Other Miscellaneous General Purpose Machinery Manufacturing,p31,Electrical machinery and apparatus n.e.c. (31),1.0
334,Computer and Electronic Product ManufacturingT,p22,Printed matter and recorded media (22),1.0
334,Computer and Electronic Product ManufacturingT,p30,Office machinery and computers (30),1.0
334,Computer and Electronic Product ManufacturingT,p31,Electrical machinery and apparatus n.e.c. (31),1.0
334,Computer and Electronic Product ManufacturingT,p32,"Radio, television and communication equipment and apparatus (32)",1.0
334,Computer and Electronic Product ManufacturingT,p33,"Medical, precision and optical instruments, watches and clocks (33)",1.0
334,Computer and Electronic Product ManufacturingT,p36,Furniture; other manufactured goods n.e.c. (36),1.0
3341,Computer and Peripheral Equipment ManufacturingT,p30,Office machinery and computers (30),1.0
3341,Computer and Peripheral Equipment ManufacturingT,p32,"Radio, television and communication equipment and apparatus (32)",1.0
33411,Computer and Peripheral Equipment ManufacturingT,p30,Office machinery and computers (30),1.0
33411,Computer and Peripheral Equipment ManufacturingT,p32,"Radio, television and communication equipment and apparatus (32)",1.0
334111,Electronic Computer Manufacturing,p30,Office machinery and computers (30),1.0
334111,Electronic Computer Manufacturing,p32,"Radio, television and communication equipment and apparatus (32)",1.0
334112,Computer Storage Device Manufacturing,p30,Office machinery and computers (30),1.0
334112,Computer Storage Device Manufacturing,p32,"Radio, television and communication equipment and apparatus (32)",1.0
334118,Computer Terminal and Other Computer Peripheral Equipment Manufacturing,p30,Office machinery and computers (30),1.0
334118,Computer Terminal and Other Computer Peripheral Equipment Manufacturing,p32,"Radio, television and communication equipment and apparatus (32)",1.0
3342,Communications Equipment ManufacturingT,p31,Electrical machinery and apparatus n.e.c. (31),1.0
3342,Communications Equipment ManufacturingT,p32,"Radio, television and communication equipment and apparatus (32)",1.0
33421,Telephone Apparatus ManufacturingT,p31,Electrical machinery and apparatus n.e.c. (31),1.0
33421,Telephone Apparatus ManufacturingT,p32,"Radio, television and communication equipment and apparatus (32)",1.0
334210,Telephone Apparatus Manufacturing,p31,Electrical machinery and apparatus n.e.c. (31),1.0
334210,Telephone Apparatus Manufacturing,p32,"Radio, television and communication equipment and apparatus (32)",1.0
33422,Radio and Television Broadcasting and Wireless Communications Equipment ManufacturingT,p31,Electrical machinery and apparatus n.e.c. (31),1.0
33422,Radio and Television Broadcasting and Wireless Communications Equipment ManufacturingT,p32,"Radio, television and communication equipment and apparatus (32)",1.0
334220,Radio and Television Broadcasting and Wireless Communications Equipment Manufacturing,p31,Electrical machinery and apparatus n.e.c. (31),1.0
334220,Radio and Television Broadcasting and Wireless Communications Equipment Manufacturing,p32,"Radio, television and communication equipment and apparatus (32)",1.0
33429,Other Communications Equipment ManufacturingT,p31,Electrical machinery and apparatus n.e.c. (31),1.0
33429,Other Communications Equipment ManufacturingT,p32,"Radio, television and communication equipment and apparatus (32)",1.0
334290,Other Communications Equipment Manufacturing,p31,Electrical machinery and apparatus n.e.c. (31),1.0
334290,Other Communications Equipment Manufacturing,p32,"Radio, television and communication equipment and apparatus (32)",1.0
3343,Audio and Video Equipment ManufacturingT,p32,"Radio, television and communication equipment and apparatus (32)",1.0
3343,Audio and Video Equipment ManufacturingT,p36,Furniture; other manufactured goods n.e.c. (36),1.0
33431,Audio and Video Equipment ManufacturingT,p32,"Radio, television and communication equipment and apparatus (32)",1.0
33431,Audio and Video Equipment ManufacturingT,p36,Furniture; other manufactured goods n.e.c. (36),1.0
334310,Audio and Video Equipment Manufacturing,p32,"Radio, television and communication equipment and apparatus (32)",1.0
334310,Audio and Video Equipment Manufacturing,p36,Furniture; other manufactured goods n.e.c. (36),1.0
3344,Semiconductor and Other Electronic Component ManufacturingT,p31,Electrical machinery and apparatus n.e.c. (31),1.0
3344,Semiconductor and Other Electronic Component ManufacturingT,p32,"Radio, television and communication equipment and apparatus (32)",1.0
33441,Semiconductor and Other Electronic Component ManufacturingT,p31,Electrical machinery and apparatus n.e.c. (31),1.0
33441,Semiconductor and Other Electronic Component ManufacturingT,p32,"Radio, television and communication equipment and apparatus (32)",1.0
334412,Bare Printed Circuit Board Manufacturing,p31,Electrical machinery and apparatus n.e.c. (31),1.0
334412,Bare Printed Circuit Board Manufacturing,p32,"Radio, television and communication equipment and apparatus (32)",1.0
334413,Semiconductor and Related Device Manufacturing,p31,Electrical machinery and apparatus n.e.c. (31),1.0
334413,Semiconductor and Related Device Manufacturing,p32,"Radio, television and communication equipment and apparatus (32)",1.0
334416,"Capacitor, Resistor, Coil, Transformer, and Other Inductor Manufacturing",p31,Electrical machinery and apparatus n.e.c. (31),1.0
334416,"Capacitor, Resistor, Coil, Transformer, and Other Inductor Manufacturing",p32,"Radio, television and communication equipment and apparatus (32)",1.0
334417,Electronic Connector Manufacturing,p31,Electrical machinery and apparatus n.e.c. (31),1.0
334417,Electronic Connector Manufacturing,p32,"Radio, television and communication equipment and apparatus (32)",1.0
334418,Printed Circuit Assembly (Electronic Assembly) Manufacturing,p31,Electrical machinery and apparatus n.e.c. (31),1.0
334419,Other Electronic Component Manufacturing,p31,Electrical machinery and apparatus n.e.c. (31),1.0
3345,"Navigational, Measuring, Electromedical, and Control Instruments ManufacturingT",p33,"Medical, precision and optical instruments, watches and clocks (33)",1.0
33451,"Navigational, Measuring, Electromedical, and Control Instruments ManufacturingT",p33,"Medical, precision and optical instruments, watches and clocks (33)",1.0
334510,Electromedical and Electrotherapeutic Apparatus Manufacturing,p33,"Medical, precision and optical instruments, watches and clocks (33)",1.0
334511,"Search, Detection, Navigation, Guidance, Aeronautical, and Nautical System and Instrument Manufacturing",p33,"Medical, precision and optical instruments, watches and clocks (33)",1.0
334512,"Automatic Environmental Control Manufacturing for Residential, Commercial, and Appliance Use",p33,"Medical, precision and optical instruments, watches and clocks (33)",1.0
334513,"Instruments and Related Products Manufacturing for Measuring, Displaying, and Controlling Industrial Process Variables",p33,"Medical, precision and optical instruments, watches and clocks (33)",1.0
334514,Totalizing Fluid Meter and Counting Device Manufacturing,p33,"Medical, precision and optical instruments, watches and clocks (33)",1.0
334515,Instrument Manufacturing for Measuring and Testing Electricity and Electrical Signals,p33,"Medical, precision and optical instruments, watches and clocks (33)",1.0
334516,Analytical Laboratory Instrument Manufacturing,p33,"Medical, precision and optical instruments, watches and clocks (33)",1.0
334517,Irradiation Apparatus Manufacturing,p33,"Medical, precision and optical instruments, watches and clocks (33)",1.0
334519,Other Measuring and Controlling Device Manufacturing,p33,"Medical, precision and optical instruments, watches and clocks (33)",1.0
3346,Manufacturing and Reproducing Magnetic and Optical MediaT,p22,Printed matter and recorded media (22),1.0
3346,Manufacturing and Reproducing Magnetic and Optical MediaT,p33,"Medical, precision and optical instruments, watches and clocks (33)",1.0
33461,Manufacturing and Reproducing Magnetic and Optical MediaT,p22,Printed matter and recorded media (22),1.0
33461,Manufacturing and Reproducing Magnetic and Optical MediaT,p33,"Medical, precision and optical instruments, watches and clocks (33)",1.0
334613,Blank Magnetic and Optical Recording Media Manufacturing,p33,"Medical, precision and optical instruments, watches and clocks (33)",1.0
334614,"Software and Other Prerecorded Compact Disc, Tape, and Record Reproducing",p22,Printed matter and recorded media (22),1.0
335,"Electrical Equipment, Appliance, and Component ManufacturingT",p26.e,Other non-metallic mineral products,1.0
335,"Electrical Equipment, Appliance, and Component ManufacturingT",p29,Machinery and equipment n.e.c. (29),1.0
335,"Electrical Equipment, Appliance, and Component ManufacturingT",p31,Electrical machinery and apparatus n.e.c. (31),1.0
335,"Electrical Equipment, Appliance, and Component ManufacturingT",p32,"Radio, television and communication equipment and apparatus (32)",1.0
3351,Electric Lighting Equipment ManufacturingT,p31,Electrical machinery and apparatus n.e.c. (31),1.0
33511,Electric Lamp Bulb and Part ManufacturingT,p31,Electrical machinery and apparatus n.e.c. (31),1.0
335110,Electric Lamp Bulb and Part Manufacturing,p31,Electrical machinery and apparatus n.e.c. (31),1.0
33512,Lighting Fixture ManufacturingT,p31,Electrical machinery and apparatus n.e.c. (31),1.0
335121,Residential Electric Lighting Fixture Manufacturing,p31,Electrical machinery and apparatus n.e.c. (31),1.0
335122,"Commercial, Industrial, and Institutional Electric Lighting Fixture Manufacturing",p31,Electrical machinery and apparatus n.e.c. (31),1.0
335129,Other Lighting Equipment Manufacturing,p31,Electrical machinery and apparatus n.e.c. (31),1.0
3352,Household Appliance ManufacturingT,p29,Machinery and equipment n.e.c. (29),1.0
33521,Small Electrical Appliance ManufacturingT,p29,Machinery and equipment n.e.c. (29),1.0
335210,Small Electrical Appliance Manufacturing,p29,Machinery and equipment n.e.c. (29),1.0
33522,Major Household Appliance ManufacturingT,p29,Machinery and equipment n.e.c. (29),1.0
335220,Major Household Appliance Manufacturing,p29,Machinery and equipment n.e.c. (29),1.0
3353,Electrical Equipment ManufacturingT,p31,Electrical machinery and apparatus n.e.c. (31),1.0
33531,Electrical Equipment ManufacturingT,p31,Electrical machinery and apparatus n.e.c. (31),1.0
335311,"Power, Distribution, and Specialty Transformer Manufacturing",p31,Electrical machinery and apparatus n.e.c. (31),1.0
335312,Motor and Generator Manufacturing,p31,Electrical machinery and apparatus n.e.c. (31),1.0
335313,Switchgear and Switchboard Apparatus Manufacturing,p31,Electrical machinery and apparatus n.e.c. (31),1.0
335314,Relay and Industrial Control Manufacturing,p31,Electrical machinery and apparatus n.e.c. (31),1.0
3359,Other Electrical Equipment and Component ManufacturingT,p26.e,Other non-metallic mineral products,1.0
3359,Other Electrical Equipment and Component ManufacturingT,p31,Electrical machinery and apparatus n.e.c. (31),1.0
3359,Other Electrical Equipment and Component ManufacturingT,p32,"Radio, television and communication equipment and apparatus (32)",1.0
33591,Battery ManufacturingT,p31,Electrical machinery and apparatus n.e.c. (31),1.0
335911,Storage Battery Manufacturing,p31,Electrical machinery and apparatus n.e.c. (31),1.0
335912,Primary Battery Manufacturing,p31,Electrical machinery and apparatus n.e.c. (31),1.0
33592,Communication and Energy Wire and Cable ManufacturingT,p31,Electrical machinery and apparatus n.e.c. (31),1.0
335921,Fiber Optic Cable Manufacturing,p31,Electrical machinery and apparatus n.e.c. (31),1.0
335929,Other Communication and Energy Wire Manufacturing,p31,Electrical machinery and apparatus n.e.c. (31),1.0
33593,Wiring Device ManufacturingT,p31,Electrical machinery and apparatus n.e.c. (31),1.0
335931,Current-Carrying Wiring Device Manufacturing,p31,Electrical machinery and apparatus n.e.c. (31),1.0
335932,Noncurrent-Carrying Wiring Device Manufacturing,p31,Electrical machinery and apparatus n.e.c. (31),1.0
33599,All Other Electrical Equipment and Component ManufacturingT,p26.e,Other non-metallic mineral products,1.0
33599,All Other Electrical Equipment and Component ManufacturingT,p31,Electrical machinery and apparatus n.e.c. (31),1.0
33599,All Other Electrical Equipment and Component ManufacturingT,p32,"Radio, television and communication equipment and apparatus (32)",1.0
335991,Carbon and Graphite Product Manufacturing,p26.e,Other non-metallic mineral products,1.0
335991,Carbon and Graphite Product Manufacturing,p31,Electrical machinery and apparatus n.e.c. (31),1.0
335999,All Other Miscellaneous Electrical Equipment and Component Manufacturing,p31,Electrical machinery and apparatus n.e.c. (31),1.0
335999,All Other Miscellaneous Electrical Equipment and Component Manufacturing,p32,"Radio, television and communication equipment and apparatus (32)",1.0
336,Transportation Equipment ManufacturingT,p28,"Fabricated metal products, except machinery and equipment (28)",1.0
336,Transportation Equipment ManufacturingT,p34,"Motor vehicles, trailers and semi-trailers (34)",1.0
336,Transportation Equipment ManufacturingT,p35,Other transport equipment (35),1.0
3361,Motor Vehicle ManufacturingT,p34,"Motor vehicles, trailers and semi-trailers (34)",1.0
33611,Automobile and Light Duty Motor Vehicle ManufacturingT,p34,"Motor vehicles, trailers and semi-trailers (34)",1.0
336111,Automobile Manufacturing,p34,"Motor vehicles, trailers and semi-trailers (34)",1.0
336112,Light Truck and Utility Vehicle Manufacturing,p34,"Motor vehicles, trailers and semi-trailers (34)",1.0
33612,Heavy Duty Truck ManufacturingT,p34,"Motor vehicles, trailers and semi-trailers (34)",1.0
336120,Heavy Duty Truck Manufacturing,p34,"Motor vehicles, trailers and semi-trailers (34)",1.0
3362,Motor Vehicle Body and Trailer ManufacturingT,p34,"Motor vehicles, trailers and semi-trailers (34)",1.0
33621,Motor Vehicle Body and Trailer ManufacturingT,p34,"Motor vehicles, trailers and semi-trailers (34)",1.0
336211,Motor Vehicle Body Manufacturing,p34,"Motor vehicles, trailers and semi-trailers (34)",1.0
336212,Truck Trailer Manufacturing,p34,"Motor vehicles, trailers and semi-trailers (34)",1.0
336213,Motor Home Manufacturing,p34,"Motor vehicles, trailers and semi-trailers (34)",1.0
336214,Travel Trailer and Camper Manufacturing,p34,"Motor vehicles, trailers and semi-trailers (34)",1.0
3363,Motor Vehicle Parts ManufacturingT,p28,"Fabricated metal products, except machinery and equipment (28)",1.0
3363,Motor Vehicle Parts ManufacturingT,p34,"Motor vehicles, trailers and semi-trailers (34)",1.0
33631,Motor Vehicle Gasoline Engine and Engine Parts ManufacturingT,p34,"Motor vehicles, trailers and semi-trailers (34)",1.0
336310,Motor Vehicle Gasoline Engine and Engine Parts Manufacturing,p34,"Motor vehicles, trailers and semi-trailers (34)",1.0
33632,Motor Vehicle Electrical and Electronic Equipment ManufacturingT,p34,"Motor vehicles, trailers and semi-trailers (34)",1.0
336320,Motor Vehicle Electrical and Electronic Equipment Manufacturing,p34,"Motor vehicles, trailers and semi-trailers (34)",1.0
33633,Motor Vehicle Steering and Suspension Components (except Spring) ManufacturingT,p34,"Motor vehicles, trailers and semi-trailers (34)",1.0
336330,Motor Vehicle Steering and Suspension Components (except Spring) Manufacturing,p34,"Motor vehicles, trailers and semi-trailers (34)",1.0
33634,Motor Vehicle Brake System ManufacturingT,p34,"Motor vehicles, trailers and semi-trailers (34)",1.0
336340,Motor Vehicle Brake System Manufacturing,p34,"Motor vehicles, trailers and semi-trailers (34)",1.0
33635,Motor Vehicle Transmission and Power Train Parts ManufacturingT,p34,"Motor vehicles, trailers and semi-trailers (34)",1.0
336350,Motor Vehicle Transmission and Power Train Parts Manufacturing,p34,"Motor vehicles, trailers and semi-trailers (34)",1.0
33636,Motor Vehicle Seating and Interior Trim ManufacturingT,p34,"Motor vehicles, trailers and semi-trailers (34)",1.0
336360,Motor Vehicle Seating and Interior Trim Manufacturing,p34,"Motor vehicles, trailers and semi-trailers (34)",1.0
33637,Motor Vehicle Metal StampingT,p28,"Fabricated metal products, except machinery and equipment (28)",1.0
336370,Motor Vehicle Metal Stamping,p28,"Fabricated metal products, except machinery and equipment (28)",1.0
33639,Other Motor Vehicle Parts ManufacturingT,p34,"Motor vehicles, trailers and semi-trailers (34)",1.0
336390,Other Motor Vehicle Parts Manufacturing,p34,"Motor vehicles, trailers and semi-trailers (34)",1.0
3364,Aerospace Product and Parts ManufacturingT,p35,Other transport equipment (35),1.0
33641,Aerospace Product and Parts ManufacturingT,p35,Other transport equipment (35),1.0
336411,Aircraft Manufacturing,p35,Other transport equipment (35),1.0
336412,Aircraft Engine and Engine Parts Manufacturing,p35,Other transport equipment (35),1.0
336413,Other Aircraft Parts and Auxiliary Equipment Manufacturing,p35,Other transport equipment (35),1.0
336414,Guided Missile and Space Vehicle Manufacturing,p35,Other transport equipment (35),1.0
336415,Guided Missile and Space Vehicle Propulsion Unit and Propulsion Unit Parts Manufacturing,p35,Other transport equipment (35),1.0
336419,Other Guided Missile and Space Vehicle Parts and Auxiliary Equipment Manufacturing,p35,Other transport equipment (35),1.0
3365,Railroad Rolling Stock ManufacturingT,p35,Other transport equipment (35),1.0
33651,Railroad Rolling Stock ManufacturingT,p35,Other transport equipment (35),1.0
336510,Railroad Rolling Stock Manufacturing,p35,Other transport equipment (35),1.0
3366,Ship and Boat BuildingT,p35,Other transport equipment (35),1.0
33661,Ship and Boat BuildingT,p35,Other transport equipment (35),1.0
336611,Ship Building and Repairing,p35,Other transport equipment (35),1.0
336612,Boat Building,p35,Other transport equipment (35),1.0
3369,Other Transportation Equipment ManufacturingT,p34,"Motor vehicles, trailers and semi-trailers (34)",1.0
3369,Other Transportation Equipment ManufacturingT,p35,Other transport equipment (35),1.0
33699,Other Transportation Equipment ManufacturingT,p34,"Motor vehicles, trailers and semi-trailers (34)",1.0
33699,Other Transportation Equipment ManufacturingT,p35,Other transport equipment (35),1.0
336991,"Motorcycle, Bicycle, and Parts Manufacturing",p35,Other transport equipment (35),1.0
336992,"Military Armored Vehicle, Tank, and Tank Component Manufacturing",p35,Other transport equipment (35),1.0
336999,All Other Transportation Equipment Manufacturing,p34,"Motor vehicles, trailers and semi-trailers (34)",1.0
336999,All Other Transportation Equipment Manufacturing,p35,Other transport equipment (35),1.0
337,Furniture and Related Product ManufacturingT,p25,Rubber and plastic products (25),1.0
337,Furniture and Related Product ManufacturingT,p28,"Fabricated metal products, except machinery and equipment (28)",1.0
337,Furniture and Related Product ManufacturingT,p36,Furniture; other manufactured goods n.e.c. (36),1.0
3371,Household and Institutional Furniture and Kitchen Cabinet ManufacturingT,p36,Furniture; other manufactured goods n.e.c. (36),1.0
33711,Wood Kitchen Cabinet and Countertop ManufacturingT,p36,Furniture; other manufactured goods n.e.c. (36),1.0
337110,Wood Kitchen Cabinet and Countertop Manufacturing,p36,Furniture; other manufactured goods n.e.c. (36),1.0
33712,Household and Institutional Furniture ManufacturingT,p36,Furniture; other manufactured goods n.e.c. (36),1.0
337121,Upholstered Household Furniture Manufacturing,p36,Furniture; other manufactured goods n.e.c. (36),1.0
337122,Nonupholstered Wood Household Furniture Manufacturing,p36,Furniture; other manufactured goods n.e.c. (36),1.0
337124,Metal Household Furniture Manufacturing,p36,Furniture; other manufactured goods n.e.c. (36),1.0
337125,Household Furniture (except Wood and Metal) Manufacturing,p36,Furniture; other manufactured goods n.e.c. (36),1.0
337127,Institutional Furniture Manufacturing,p36,Furniture; other manufactured goods n.e.c. (36),1.0
3372,Office Furniture (including Fixtures) ManufacturingT,p36,Furniture; other manufactured goods n.e.c. (36),1.0
33721,Office Furniture (including Fixtures) ManufacturingT,p36,Furniture; other manufactured goods n.e.c. (36),1.0
337211,Wood Office Furniture Manufacturing,p36,Furniture; other manufactured goods n.e.c. (36),1.0
337212,Custom Architectural Woodwork and Millwork Manufacturing,p36,Furniture; other manufactured goods n.e.c. (36),1.0
337214,Office Furniture (except Wood) Manufacturing,p36,Furniture; other manufactured goods n.e.c. (36),1.0
337215,"Showcase, Partition, Shelving, and Locker Manufacturing",p36,Furniture; other manufactured goods n.e.c. (36),1.0
3379,Other Furniture Related Product ManufacturingT,p25,Rubber and plastic products (25),1.0
3379,Other Furniture Related Product ManufacturingT,p28,"Fabricated metal products, except machinery and equipment (28)",1.0
3379,Other Furniture Related Product ManufacturingT,p36,Furniture; other manufactured goods n.e.c. (36),1.0
33791,Mattress ManufacturingT,p25,Rubber and plastic products (25),1.0
33791,Mattress ManufacturingT,p36,Furniture; other manufactured goods n.e.c. (36),1.0
337910,Mattress Manufacturing,p25,Rubber and plastic products (25),1.0
337910,Mattress Manufacturing,p36,Furniture; other manufactured goods n.e.c. (36),1.0
33792,Blind and Shade ManufacturingT,p25,Rubber and plastic products (25),1.0
33792,Blind and Shade ManufacturingT,p28,"Fabricated metal products, except machinery and equipment (28)",1.0
337920,Blind and Shade Manufacturing,p25,Rubber and plastic products (25),1.0
337920,Blind and Shade Manufacturing,p28,"Fabricated metal products, except machinery and equipment (28)",1.0
339,Miscellaneous ManufacturingT,p33,"Medical, precision and optical instruments, watches and clocks (33)",1.0
339,Miscellaneous ManufacturingT,p36,Furniture; other manufactured goods n.e.c. (36),1.0
3391,Medical Equipment and Supplies ManufacturingT,p33,"Medical, precision and optical instruments, watches and clocks (33)",1.0
33911,Medical Equipment and Supplies ManufacturingT,p33,"Medical, precision and optical instruments, watches and clocks (33)",1.0
339112,Surgical and Medical Instrument Manufacturing,p33,"Medical, precision and optical instruments, watches and clocks (33)",1.0
339113,Surgical Appliance and Supplies Manufacturing,p33,"Medical, precision and optical instruments, watches and clocks (33)",1.0
339114,Dental Equipment and Supplies Manufacturing,p33,"Medical, precision and optical instruments, watches and clocks (33)",1.0
339115,Ophthalmic Goods Manufacturing,p33,"Medical, precision and optical instruments, watches and clocks (33)",1.0
339116,Dental Laboratories,p33,"Medical, precision and optical instruments, watches and clocks (33)",1.0
3399,Other Miscellaneous ManufacturingT,p36,Furniture; other manufactured goods n.e.c. (36),1.0
33991,Jewelry and Silverware ManufacturingT,p36,Furniture; other manufactured goods n.e.c. (36),1.0
339910,Jewelry and Silverware Manufacturing,p36,Furniture; other manufactured goods n.e.c. (36),1.0
33992,Sporting and Athletic Goods ManufacturingT,p36,Furniture; other manufactured goods n.e.c. (36),1.0
339920,Sporting and Athletic Goods Manufacturing,p36,Furniture; other manufactured goods n.e.c. (36),1.0
33993,"Doll, Toy, and Game ManufacturingT",p36,Furniture; other manufactured goods n.e.c. (36),1.0
339930,"Doll, Toy, and Game Manufacturing",p36,Furniture; other manufactured goods n.e.c. (36),1.0
33994,Office Supplies (except Paper) ManufacturingT,p36,Furniture; other manufactured goods n.e.c. (36),1.0
339940,Office Supplies (except Paper) Manufacturing,p36,Furniture; other manufactured goods n.e.c. (36),1.0
33995,Sign ManufacturingT,p36,Furniture; other manufactured goods n.e.c. (36),1.0
339950,Sign Manufacturing,p36,Furniture; other manufactured goods n.e.c. (36),1.0
33999,All Other Miscellaneous ManufacturingT,p36,Furniture; other manufactured goods n.e.c. (36),1.0
339991,"Gasket, Packing, and Sealing Device Manufacturing",p36,Furniture; other manufactured goods n.e.c. (36),1.0
339992,Musical Instrument Manufacturing,p36,Furniture; other manufactured goods n.e.c. (36),1.0
339993,"Fastener, Button, Needle, and Pin Manufacturing",p36,Furniture; other manufactured goods n.e.c. (36),1.0
339994,"Broom, Brush, and Mop Manufacturing",p36,Furniture; other manufactured goods n.e.c. (36),1.0
339995,Burial Casket Manufacturing,p36,Furniture; other manufactured goods n.e.c. (36),1.0
339999,All Other Miscellaneous Manufacturing,p36,Furniture; other manufactured goods n.e.c. (36),1.0
42,Wholesale TradeT,p50.a,"Sale, maintenance, repair of motor vehicles, motor vehicles parts, motorcycles, motor cycles parts and accessoiries",1.0
42,Wholesale TradeT,p51,"Wholesale trade and commission trade services, except of motor vehicles and motorcycles (51)",1.0
423,"Merchant Wholesalers, Durable Goods",p50.a,"Sale, maintenance, repair of motor vehicles, motor vehicles parts, motorcycles, motor cycles parts and accessoiries",1.0
423,"Merchant Wholesalers, Durable Goods",p51,"Wholesale trade and commission trade services, except of motor vehicles and motorcycles (51)",1.0
4231,Motor Vehicle and Motor Vehicle Parts and Supplies Merchant Wholesalers,p50.a,"Sale, maintenance, repair of motor vehicles, motor vehicles parts, motorcycles, motor cycles parts and accessoiries",1.0
42311,Automobile and Other Motor Vehicle Merchant Wholesalers,p50.a,"Sale, maintenance, repair of motor vehicles, motor vehicles parts, motorcycles, motor cycles parts and accessoiries",1.0
423110,Automobile and Other Motor Vehicle Merchant Wholesalers,p50.a,"Sale, maintenance, repair of motor vehicles, motor vehicles parts, motorcycles, motor cycles parts and accessoiries",1.0
42312,Motor Vehicle Supplies and New Parts Merchant Wholesalers,p50.a,"Sale, maintenance, repair of motor vehicles, motor vehicles parts, motorcycles, motor cycles parts and accessoiries",1.0
423120,Motor Vehicle Supplies and New Parts Merchant Wholesalers,p50.a,"Sale, maintenance, repair of motor vehicles, motor vehicles parts, motorcycles, motor cycles parts and accessoiries",1.0
42313,Tire and Tube Merchant Wholesalers,p50.a,"Sale, maintenance, repair of motor vehicles, motor vehicles parts, motorcycles, motor cycles parts and accessoiries",1.0
423130,Tire and Tube Merchant Wholesalers,p50.a,"Sale, maintenance, repair of motor vehicles, motor vehicles parts, motorcycles, motor cycles parts and accessoiries",1.0
42314,Motor Vehicle Parts (Used) Merchant Wholesalers,p50.a,"Sale, maintenance, repair of motor vehicles, motor vehicles parts, motorcycles, motor cycles parts and accessoiries",1.0
423140,Motor Vehicle Parts (Used) Merchant Wholesalers,p50.a,"Sale, maintenance, repair of motor vehicles, motor vehicles parts, motorcycles, motor cycles parts and accessoiries",1.0
4232,Furniture and Home Furnishing Merchant Wholesalers,p51,"Wholesale trade and commission trade services, except of motor vehicles and motorcycles (51)",1.0
42321,Furniture Merchant Wholesalers,p51,"Wholesale trade and commission trade services, except of motor vehicles and motorcycles (51)",1.0
423210,Furniture Merchant Wholesalers,p51,"Wholesale trade and commission trade services, except of motor vehicles and motorcycles (51)",1.0
42322,Home Furnishing Merchant Wholesalers,p51,"Wholesale trade and commission trade services, except of motor vehicles and motorcycles (51)",1.0
423220,Home Furnishing Merchant Wholesalers,p51,"Wholesale trade and commission trade services, except of motor vehicles and motorcycles (51)",1.0
4233,Lumber and Other Construction Materials Merchant Wholesalers,p51,"Wholesale trade and commission trade services, except of motor vehicles and motorcycles (51)",1.0
42331,"Lumber, Plywood, Millwork, and Wood Panel Merchant Wholesalers",p51,"Wholesale trade and commission trade services, except of motor vehicles and motorcycles (51)",1.0
423310,"Lumber, Plywood, Millwork, and Wood Panel Merchant Wholesalers",p51,"Wholesale trade and commission trade services, except of motor vehicles and motorcycles (51)",1.0
42332,"Brick, Stone, and Related Construction Material Merchant Wholesalers",p51,"Wholesale trade and commission trade services, except of motor vehicles and motorcycles (51)",1.0
423320,"Brick, Stone, and Related Construction Material Merchant Wholesalers",p51,"Wholesale trade and commission trade services, except of motor vehicles and motorcycles (51)",1.0
42333,"Roofing, Siding, and Insulation Material Merchant Wholesalers",p51,"Wholesale trade and commission trade services, except of motor vehicles and motorcycles (51)",1.0
423330,"Roofing, Siding, and Insulation Material Merchant Wholesalers",p51,"Wholesale trade and commission trade services, except of motor vehicles and motorcycles (51)",1.0
42339,Other Construction Material Merchant Wholesalers,p51,"Wholesale trade and commission trade services, except of motor vehicles and motorcycles (51)",1.0
423390,Other Construction Material Merchant Wholesalers,p51,"Wholesale trade and commission trade services, except of motor vehicles and motorcycles (51)",1.0
4234,Professional and Commercial Equipment and Supplies Merchant Wholesalers,p51,"Wholesale trade and commission trade services, except of motor vehicles and motorcycles (51)",1.0
42341,Photographic Equipment and Supplies Merchant Wholesalers,p51,"Wholesale trade and commission trade services, except of motor vehicles and motorcycles (51)",1.0
423410,Photographic Equipment and Supplies Merchant Wholesalers,p51,"Wholesale trade and commission trade services, except of motor vehicles and motorcycles (51)",1.0
42342,Office Equipment Merchant Wholesalers,p51,"Wholesale trade and commission trade services, except of motor vehicles and motorcycles (51)",1.0
423420,Office Equipment Merchant Wholesalers,p51,"Wholesale trade and commission trade services, except of motor vehicles and motorcycles (51)",1.0
42343,Computer and Computer Peripheral Equipment and Software Merchant Wholesalers,p51,"Wholesale trade and commission trade services, except of motor vehicles and motorcycles (51)",1.0
423430,Computer and Computer Peripheral Equipment and Software Merchant Wholesalers,p51,"Wholesale trade and commission trade services, except of motor vehicles and motorcycles (51)",1.0
42344,Other Commercial Equipment Merchant Wholesalers,p51,"Wholesale trade and commission trade services, except of motor vehicles and motorcycles (51)",1.0
423440,Other Commercial Equipment Merchant Wholesalers,p51,"Wholesale trade and commission trade services, except of motor vehicles and motorcycles (51)",1.0
42345,"Medical, Dental, and Hospital Equipment and Supplies Merchant Wholesalers",p51,"Wholesale trade and commission trade services, except of motor vehicles and motorcycles (51)",1.0
423450,"Medical, Dental, and Hospital Equipment and Supplies Merchant Wholesalers",p51,"Wholesale trade and commission trade services, except of motor vehicles and motorcycles (51)",1.0
42346,Ophthalmic Goods Merchant Wholesalers,p51,"Wholesale trade and commission trade services, except of motor vehicles and motorcycles (51)",1.0
423460,Ophthalmic Goods Merchant Wholesalers,p51,"Wholesale trade and commission trade services, except of motor vehicles and motorcycles (51)",1.0
42349,Other Professional Equipment and Supplies Merchant Wholesalers,p51,"Wholesale trade and commission trade services, except of motor vehicles and motorcycles (51)",1.0
423490,Other Professional Equipment and Supplies Merchant Wholesalers,p51,"Wholesale trade and commission trade services, except of motor vehicles and motorcycles (51)",1.0
4235,Metal and Mineral (except Petroleum) Merchant Wholesalers,p51,"Wholesale trade and commission trade services, except of motor vehicles and motorcycles (51)",1.0
42351,Metal Service Centers and Other Metal Merchant Wholesalers,p51,"Wholesale trade and commission trade services, except of motor vehicles and motorcycles (51)",1.0
423510,Metal Service Centers and Other Metal Merchant Wholesalers,p51,"Wholesale trade and commission trade services, except of motor vehicles and motorcycles (51)",1.0
42352,Coal and Other Mineral and Ore Merchant Wholesalers,p51,"Wholesale trade and commission trade services, except of motor vehicles and motorcycles (51)",1.0
423520,Coal and Other Mineral and Ore Merchant Wholesalers,p51,"Wholesale trade and commission trade services, except of motor vehicles and motorcycles (51)",1.0
4236,Household Appliances and Electrical and Electronic Goods Merchant Wholesalers,p51,"Wholesale trade and commission trade services, except of motor vehicles and motorcycles (51)",1.0
42361,"Electrical Apparatus and Equipment, Wiring Supplies, and Related Equipment Merchant Wholesalers",p51,"Wholesale trade and commission trade services, except of motor vehicles and motorcycles (51)",1.0
423610,"Electrical Apparatus and Equipment, Wiring Supplies, and Related Equipment Merchant Wholesalers",p51,"Wholesale trade and commission trade services, except of motor vehicles and motorcycles (51)",1.0
42362,"Household Appliances, Electric Housewares, and Consumer Electronics Merchant Wholesalers",p51,"Wholesale trade and commission trade services, except of motor vehicles and motorcycles (51)",1.0
423620,"Household Appliances, Electric Housewares, and Consumer Electronics Merchant Wholesalers",p51,"Wholesale trade and commission trade services, except of motor vehicles and motorcycles (51)",1.0
42369,Other Electronic Parts and Equipment Merchant Wholesalers,p51,"Wholesale trade and commission trade services, except of motor vehicles and motorcycles (51)",1.0
423690,Other Electronic Parts and Equipment Merchant Wholesalers,p51,"Wholesale trade and commission trade services, except of motor vehicles and motorcycles (51)",1.0
4237,"Hardware, and Plumbing and Heating Equipment and Supplies Merchant Wholesalers",p51,"Wholesale trade and commission trade services, except of motor vehicles and motorcycles (51)",1.0
42371,Hardware Merchant Wholesalers,p51,"Wholesale trade and commission trade services, except of motor vehicles and motorcycles (51)",1.0
423710,Hardware Merchant Wholesalers,p51,"Wholesale trade and commission trade services, except of motor vehicles and motorcycles (51)",1.0
42372,Plumbing and Heating Equipment and Supplies (Hydronics) Merchant Wholesalers,p51,"Wholesale trade and commission trade services, except of motor vehicles and motorcycles (51)",1.0
423720,Plumbing and Heating Equipment and Supplies (Hydronics) Merchant Wholesalers,p51,"Wholesale trade and commission trade services, except of motor vehicles and motorcycles (51)",1.0
42373,Warm Air Heating and Air-Conditioning Equipment and Supplies Merchant Wholesalers,p51,"Wholesale trade and commission trade services, except of motor vehicles and motorcycles (51)",1.0
423730,Warm Air Heating and Air-Conditioning Equipment and Supplies Merchant Wholesalers,p51,"Wholesale trade and commission trade services, except of motor vehicles and motorcycles (51)",1.0
42374,Refrigeration Equipment and Supplies Merchant Wholesalers,p51,"Wholesale trade and commission trade services, except of motor vehicles and motorcycles (51)",1.0
423740,Refrigeration Equipment and Supplies Merchant Wholesalers,p51,"Wholesale trade and commission trade services, except of motor vehicles and motorcycles (51)",1.0
4238,"Machinery, Equipment, and Supplies Merchant Wholesalers",p51,"Wholesale trade and commission trade services, except of motor vehicles and motorcycles (51)",1.0
42381,Construction and Mining (except Oil Well) Machinery and Equipment Merchant Wholesalers,p51,"Wholesale trade and commission trade services, except of motor vehicles and motorcycles (51)",1.0
423810,Construction and Mining (except Oil Well) Machinery and Equipment Merchant Wholesalers,p51,"Wholesale trade and commission trade services, except of motor vehicles and motorcycles (51)",1.0
42382,Farm and Garden Machinery and Equipment Merchant Wholesalers,p51,"Wholesale trade and commission trade services, except of motor vehicles and motorcycles (51)",1.0
423820,Farm and Garden Machinery and Equipment Merchant Wholesalers,p51,"Wholesale trade and commission trade services, except of motor vehicles and motorcycles (51)",1.0
42383,Industrial Machinery and Equipment Merchant Wholesalers,p51,"Wholesale trade and commission trade services, except of motor vehicles and motorcycles (51)",1.0
423830,Industrial Machinery and Equipment Merchant Wholesalers,p51,"Wholesale trade and commission trade services, except of motor vehicles and motorcycles (51)",1.0
42384,Industrial Supplies Merchant Wholesalers,p51,"Wholesale trade and commission trade services, except of motor vehicles and motorcycles (51)",1.0
423840,Industrial Supplies Merchant Wholesalers,p51,"Wholesale trade and commission trade services, except of motor vehicles and motorcycles (51)",1.0
42385,Service Establishment Equipment and Supplies Merchant Wholesalers,p51,"Wholesale trade and commission trade services, except of motor vehicles and motorcycles (51)",1.0
423850,Service Establishment Equipment and Supplies Merchant Wholesalers,p51,"Wholesale trade and commission trade services, except of motor vehicles and motorcycles (51)",1.0
42386,Transportation Equipment and Supplies (except Motor Vehicle) Merchant Wholesalers,p51,"Wholesale trade and commission trade services, except of motor vehicles and motorcycles (51)",1.0
423860,Transportation Equipment and Supplies (except Motor Vehicle) Merchant Wholesalers,p51,"Wholesale trade and commission trade services, except of motor vehicles and motorcycles (51)",1.0
4239,Miscellaneous Durable Goods Merchant Wholesalers,p51,"Wholesale trade and commission trade services, except of motor vehicles and motorcycles (51)",1.0
42391,Sporting and Recreational Goods and Supplies Merchant Wholesalers,p51,"Wholesale trade and commission trade services, except of motor vehicles and motorcycles (51)",1.0
423910,Sporting and Recreational Goods and Supplies Merchant Wholesalers,p51,"Wholesale trade and commission trade services, except of motor vehicles and motorcycles (51)",1.0
42392,Toy and Hobby Goods and Supplies Merchant Wholesalers,p51,"Wholesale trade and commission trade services, except of motor vehicles and motorcycles (51)",1.0
423920,Toy and Hobby Goods and Supplies Merchant Wholesalers,p51,"Wholesale trade and commission trade services, except of motor vehicles and motorcycles (51)",1.0
42393,Recyclable Material Merchant Wholesalers,p51,"Wholesale trade and commission trade services, except of motor vehicles and motorcycles (51)",1.0
423930,Recyclable Material Merchant Wholesalers,p51,"Wholesale trade and commission trade services, except of motor vehicles and motorcycles (51)",1.0
42394,"Jewelry, Watch, Precious Stone, and Precious Metal Merchant Wholesalers",p51,"Wholesale trade and commission trade services, except of motor vehicles and motorcycles (51)",1.0
423940,"Jewelry, Watch, Precious Stone, and Precious Metal Merchant Wholesalers",p51,"Wholesale trade and commission trade services, except of motor vehicles and motorcycles (51)",1.0
42399,Other Miscellaneous Durable Goods Merchant Wholesalers,p51,"Wholesale trade and commission trade services, except of motor vehicles and motorcycles (51)",1.0
423990,Other Miscellaneous Durable Goods Merchant Wholesalers,p51,"Wholesale trade and commission trade services, except of motor vehicles and motorcycles (51)",1.0
424,"Merchant Wholesalers, Nondurable Goods",p51,"Wholesale trade and commission trade services, except of motor vehicles and motorcycles (51)",1.0
4241,Paper and Paper Product Merchant Wholesalers,p51,"Wholesale trade and commission trade services, except of motor vehicles and motorcycles (51)",1.0
42411,Printing and Writing Paper Merchant Wholesalers,p51,"Wholesale trade and commission trade services, except of motor vehicles and motorcycles (51)",1.0
424110,Printing and Writing Paper Merchant Wholesalers,p51,"Wholesale trade and commission trade services, except of motor vehicles and motorcycles (51)",1.0
42412,Stationery and Office Supplies Merchant Wholesalers,p51,"Wholesale trade and commission trade services, except of motor vehicles and motorcycles (51)",1.0
424120,Stationery and Office Supplies Merchant Wholesalers,p51,"Wholesale trade and commission trade services, except of motor vehicles and motorcycles (51)",1.0
42413,Industrial and Personal Service Paper Merchant Wholesalers,p51,"Wholesale trade and commission trade services, except of motor vehicles and motorcycles (51)",1.0
424130,Industrial and Personal Service Paper Merchant Wholesalers,p51,"Wholesale trade and commission trade services, except of motor vehicles and motorcycles (51)",1.0
4242,Drugs and Druggists' Sundries Merchant Wholesalers,p51,"Wholesale trade and commission trade services, except of motor vehicles and motorcycles (51)",1.0
42421,Drugs and Druggists' Sundries Merchant Wholesalers,p51,"Wholesale trade and commission trade services, except of motor vehicles and motorcycles (51)",1.0
424210,Drugs and Druggists' Sundries Merchant Wholesalers,p51,"Wholesale trade and commission trade services, except of motor vehicles and motorcycles (51)",1.0
4243,"Apparel, Piece Goods, and Notions Merchant Wholesalers",p51,"Wholesale trade and commission trade services, except of motor vehicles and motorcycles (51)",1.0
42431,"Piece Goods, Notions, and Other Dry Goods Merchant Wholesalers",p51,"Wholesale trade and commission trade services, except of motor vehicles and motorcycles (51)",1.0
424310,"Piece Goods, Notions, and Other Dry Goods Merchant Wholesalers",p51,"Wholesale trade and commission trade services, except of motor vehicles and motorcycles (51)",1.0
42432,Men's and Boys' Clothing and Furnishings Merchant Wholesalers,p51,"Wholesale trade and commission trade services, except of motor vehicles and motorcycles (51)",1.0
424320,Men's and Boys' Clothing and Furnishings Merchant Wholesalers,p51,"Wholesale trade and commission trade services, except of motor vehicles and motorcycles (51)",1.0
42433,"Women's, Children's, and Infants' Clothing and Accessories Merchant Wholesalers",p51,"Wholesale trade and commission trade services, except of motor vehicles and motorcycles (51)",1.0
424330,"Women's, Children's, and Infants' Clothing and Accessories Merchant Wholesalers",p51,"Wholesale trade and commission trade services, except of motor vehicles and motorcycles (51)",1.0
42434,Footwear Merchant Wholesalers,p51,"Wholesale trade and commission trade services, except of motor vehicles and motorcycles (51)",1.0
424340,Footwear Merchant Wholesalers,p51,"Wholesale trade and commission trade services, except of motor vehicles and motorcycles (51)",1.0
4244,Grocery and Related Product Merchant Wholesalers,p51,"Wholesale trade and commission trade services, except of motor vehicles and motorcycles (51)",1.0
42441,General Line Grocery Merchant Wholesalers,p51,"Wholesale trade and commission trade services, except of motor vehicles and motorcycles (51)",1.0
424410,General Line Grocery Merchant Wholesalers,p51,"Wholesale trade and commission trade services, except of motor vehicles and motorcycles (51)",1.0
42442,Packaged Frozen Food Merchant Wholesalers,p51,"Wholesale trade and commission trade services, except of motor vehicles and motorcycles (51)",1.0
424420,Packaged Frozen Food Merchant Wholesalers,p51,"Wholesale trade and commission trade services, except of motor vehicles and motorcycles (51)",1.0
42443,Dairy Product (except Dried or Canned) Merchant Wholesalers,p51,"Wholesale trade and commission trade services, except of motor vehicles and motorcycles (51)",1.0
424430,Dairy Product (except Dried or Canned) Merchant Wholesalers,p51,"Wholesale trade and commission trade services, except of motor vehicles and motorcycles (51)",1.0
42444,Poultry and Poultry Product Merchant Wholesalers,p51,"Wholesale trade and commission trade services, except of motor vehicles and motorcycles (51)",1.0
424440,Poultry and Poultry Product Merchant Wholesalers,p51,"Wholesale trade and commission trade services, except of motor vehicles and motorcycles (51)",1.0
42445,Confectionery Merchant Wholesalers,p51,"Wholesale trade and commission trade services, except of motor vehicles and motorcycles (51)",1.0
424450,Confectionery Merchant Wholesalers,p51,"Wholesale trade and commission trade services, except of motor vehicles and motorcycles (51)",1.0
42446,Fish and Seafood Merchant Wholesalers,p51,"Wholesale trade and commission trade services, except of motor vehicles and motorcycles (51)",1.0
424460,Fish and Seafood Merchant Wholesalers,p51,"Wholesale trade and commission trade services, except of motor vehicles and motorcycles (51)",1.0
42447,Meat and Meat Product Merchant Wholesalers,p51,"Wholesale trade and commission trade services, except of motor vehicles and motorcycles (51)",1.0
424470,Meat and Meat Product Merchant Wholesalers,p51,"Wholesale trade and commission trade services, except of motor vehicles and motorcycles (51)",1.0
42448,Fresh Fruit and Vegetable Merchant Wholesalers,p51,"Wholesale trade and commission trade services, except of motor vehicles and motorcycles (51)",1.0
424480,Fresh Fruit and Vegetable Merchant Wholesalers,p51,"Wholesale trade and commission trade services, except of motor vehicles and motorcycles (51)",1.0
42449,Other Grocery and Related Products Merchant Wholesalers,p51,"Wholesale trade and commission trade services, except of motor vehicles and motorcycles (51)",1.0
424490,Other Grocery and Related Products Merchant Wholesalers,p51,"Wholesale trade and commission trade services, except of motor vehicles and motorcycles (51)",1.0
4245,Farm Product Raw Material Merchant Wholesalers,p51,"Wholesale trade and commission trade services, except of motor vehicles and motorcycles (51)",1.0
42451,Grain and Field Bean Merchant Wholesalers,p51,"Wholesale trade and commission trade services, except of motor vehicles and motorcycles (51)",1.0
424510,Grain and Field Bean Merchant Wholesalers,p51,"Wholesale trade and commission trade services, except of motor vehicles and motorcycles (51)",1.0
42452,Livestock Merchant Wholesalers,p51,"Wholesale trade and commission trade services, except of motor vehicles and motorcycles (51)",1.0
424520,Livestock Merchant Wholesalers,p51,"Wholesale trade and commission trade services, except of motor vehicles and motorcycles (51)",1.0
42459,Other Farm Product Raw Material Merchant Wholesalers,p51,"Wholesale trade and commission trade services, except of motor vehicles and motorcycles (51)",1.0
424590,Other Farm Product Raw Material Merchant Wholesalers,p51,"Wholesale trade and commission trade services, except of motor vehicles and motorcycles (51)",1.0
4246,Chemical and Allied Products Merchant Wholesalers,p51,"Wholesale trade and commission trade services, except of motor vehicles and motorcycles (51)",1.0
42461,Plastics Materials and Basic Forms and Shapes Merchant Wholesalers,p51,"Wholesale trade and commission trade services, except of motor vehicles and motorcycles (51)",1.0
424610,Plastics Materials and Basic Forms and Shapes Merchant Wholesalers,p51,"Wholesale trade and commission trade services, except of motor vehicles and motorcycles (51)",1.0
42469,Other Chemical and Allied Products Merchant Wholesalers,p51,"Wholesale trade and commission trade services, except of motor vehicles and motorcycles (51)",1.0
424690,Other Chemical and Allied Products Merchant Wholesalers,p51,"Wholesale trade and commission trade services, except of motor vehicles and motorcycles (51)",1.0
4247,Petroleum and Petroleum Products Merchant Wholesalers,p51,"Wholesale trade and commission trade services, except of motor vehicles and motorcycles (51)",1.0
42471,Petroleum Bulk Stations and Terminals,p51,"Wholesale trade and commission trade services, except of motor vehicles and motorcycles (51)",1.0
424710,Petroleum Bulk Stations and Terminals,p51,"Wholesale trade and commission trade services, except of motor vehicles and motorcycles (51)",1.0
42472,Petroleum and Petroleum Products Merchant Wholesalers (except Bulk Stations and Terminals),p51,"Wholesale trade and commission trade services, except of motor vehicles and motorcycles (51)",1.0
424720,Petroleum and Petroleum Products Merchant Wholesalers (except Bulk Stations and Terminals),p51,"Wholesale trade and commission trade services, except of motor vehicles and motorcycles (51)",1.0
4248,"Beer, Wine, and Distilled Alcoholic Beverage Merchant Wholesalers",p51,"Wholesale trade and commission trade services, except of motor vehicles and motorcycles (51)",1.0
42481,Beer and Ale Merchant Wholesalers,p51,"Wholesale trade and commission trade services, except of motor vehicles and motorcycles (51)",1.0
424810,Beer and Ale Merchant Wholesalers,p51,"Wholesale trade and commission trade services, except of motor vehicles and motorcycles (51)",1.0
42482,Wine and Distilled Alcoholic Beverage Merchant Wholesalers,p51,"Wholesale trade and commission trade services, except of motor vehicles and motorcycles (51)",1.0
424820,Wine and Distilled Alcoholic Beverage Merchant Wholesalers,p51,"Wholesale trade and commission trade services, except of motor vehicles and motorcycles (51)",1.0
4249,Miscellaneous Nondurable Goods Merchant Wholesalers,p51,"Wholesale trade and commission trade services, except of motor vehicles and motorcycles (51)",1.0
42491,Farm Supplies Merchant Wholesalers,p51,"Wholesale trade and commission trade services, except of motor vehicles and motorcycles (51)",1.0
424910,Farm Supplies Merchant Wholesalers,p51,"Wholesale trade and commission trade services, except of motor vehicles and motorcycles (51)",1.0
42492,"Book, Periodical, and Newspaper Merchant Wholesalers",p51,"Wholesale trade and commission trade services, except of motor vehicles and motorcycles (51)",1.0
424920,"Book, Periodical, and Newspaper Merchant Wholesalers",p51,"Wholesale trade and commission trade services, except of motor vehicles and motorcycles (51)",1.0
42493,"Flower, Nursery Stock, and Florists' Supplies Merchant Wholesalers",p51,"Wholesale trade and commission trade services, except of motor vehicles and motorcycles (51)",1.0
424930,"Flower, Nursery Stock, and Florists' Supplies Merchant Wholesalers",p51,"Wholesale trade and commission trade services, except of motor vehicles and motorcycles (51)",1.0
42494,Tobacco and Tobacco Product Merchant Wholesalers,p51,"Wholesale trade and commission trade services, except of motor vehicles and motorcycles (51)",1.0
424940,Tobacco and Tobacco Product Merchant Wholesalers,p51,"Wholesale trade and commission trade services, except of motor vehicles and motorcycles (51)",1.0
42495,"Paint, Varnish, and Supplies Merchant Wholesalers",p51,"Wholesale trade and commission trade services, except of motor vehicles and motorcycles (51)",1.0
424950,"Paint, Varnish, and Supplies Merchant Wholesalers",p51,"Wholesale trade and commission trade services, except of motor vehicles and motorcycles (51)",1.0
42499,Other Miscellaneous Nondurable Goods Merchant Wholesalers,p51,"Wholesale trade and commission trade services, except of motor vehicles and motorcycles (51)",1.0
424990,Other Miscellaneous Nondurable Goods Merchant Wholesalers,p51,"Wholesale trade and commission trade services, except of motor vehicles and motorcycles (51)",1.0
425,Wholesale Electronic Markets and Agents and Brokers,p51,"Wholesale trade and commission trade services, except of motor vehicles and motorcycles (51)",1.0
4251,Wholesale Electronic Markets and Agents and Brokers,p51,"Wholesale trade and commission trade services, except of motor vehicles and motorcycles (51)",1.0
42511,Business to Business Electronic Markets,p51,"Wholesale trade and commission trade services, except of motor vehicles and motorcycles (51)",1.0
425110,Business to Business Electronic Markets,p51,"Wholesale trade and commission trade services, except of motor vehicles and motorcycles (51)",1.0
42512,Wholesale Trade Agents and Brokers,p51,"Wholesale trade and commission trade services, except of motor vehicles and motorcycles (51)",1.0
425120,Wholesale Trade Agents and Brokers,p51,"Wholesale trade and commission trade services, except of motor vehicles and motorcycles (51)",1.0
441,Motor Vehicle and Parts Dealers,p50.a,"Sale, maintenance, repair of motor vehicles, motor vehicles parts, motorcycles, motor cycles parts and accessoiries",1.0
441,Motor Vehicle and Parts Dealers,p52,"Retail  trade services, except of motor vehicles and motorcycles; repair services of personal and household goods (52)",1.0
4411,Automobile Dealers,p50.a,"Sale, maintenance, repair of motor vehicles, motor vehicles parts, motorcycles, motor cycles parts and accessoiries",1.0
44111,New Car Dealers,p50.a,"Sale, maintenance, repair of motor vehicles, motor vehicles parts, motorcycles, motor cycles parts and accessoiries",1.0
441110,New Car Dealers,p50.a,"Sale, maintenance, repair of motor vehicles, motor vehicles parts, motorcycles, motor cycles parts and accessoiries",1.0
44112,Used Car Dealers,p50.a,"Sale, maintenance, repair of motor vehicles, motor vehicles parts, motorcycles, motor cycles parts and accessoiries",1.0
441120,Used Car Dealers,p50.a,"Sale, maintenance, repair of motor vehicles, motor vehicles parts, motorcycles, motor cycles parts and accessoiries",1.0
4412,Other Motor Vehicle Dealers,p50.a,"Sale, maintenance, repair of motor vehicles, motor vehicles parts, motorcycles, motor cycles parts and accessoiries",1.0
4412,Other Motor Vehicle Dealers,p52,"Retail  trade services, except of motor vehicles and motorcycles; repair services of personal and household goods (52)",1.0
44121,Recreational Vehicle Dealers,p50.a,"Sale, maintenance, repair of motor vehicles, motor vehicles parts, motorcycles, motor cycles parts and accessoiries",1.0
441210,Recreational Vehicle Dealers,p50.a,"Sale, maintenance, repair of motor vehicles, motor vehicles parts, motorcycles, motor cycles parts and accessoiries",1.0
44122,"Motorcycle, Boat, and Other Motor Vehicle Dealers",p50.a,"Sale, maintenance, repair of motor vehicles, motor vehicles parts, motorcycles, motor cycles parts and accessoiries",1.0
44122,"Motorcycle, Boat, and Other Motor Vehicle Dealers",p52,"Retail  trade services, except of motor vehicles and motorcycles; repair services of personal and household goods (52)",1.0
441222,Boat Dealers,p52,"Retail  trade services, except of motor vehicles and motorcycles; repair services of personal and household goods (52)",1.0
441228,"Motorcycle, ATV, and All Other Motor Vehicle Dealers",p50.a,"Sale, maintenance, repair of motor vehicles, motor vehicles parts, motorcycles, motor cycles parts and accessoiries",1.0
4413,"Automotive Parts, Accessories, and Tire Stores",p50.a,"Sale, maintenance, repair of motor vehicles, motor vehicles parts, motorcycles, motor cycles parts and accessoiries",1.0
44131,Automotive Parts and Accessories Stores,p50.a,"Sale, maintenance, repair of motor vehicles, motor vehicles parts, motorcycles, motor cycles parts and accessoiries",1.0
441310,Automotive Parts and Accessories Stores,p50.a,"Sale, maintenance, repair of motor vehicles, motor vehicles parts, motorcycles, motor cycles parts and accessoiries",1.0
44132,Tire Dealers,p50.a,"Sale, maintenance, repair of motor vehicles, motor vehicles parts, motorcycles, motor cycles parts and accessoiries",1.0
441320,Tire Dealers,p50.a,"Sale, maintenance, repair of motor vehicles, motor vehicles parts, motorcycles, motor cycles parts and accessoiries",1.0
442,Furniture and Home Furnishings Stores,p52,"Retail  trade services, except of motor vehicles and motorcycles; repair services of personal and household goods (52)",1.0
4421,Furniture Stores,p52,"Retail  trade services, except of motor vehicles and motorcycles; repair services of personal and household goods (52)",1.0
44211,Furniture Stores,p52,"Retail  trade services, except of motor vehicles and motorcycles; repair services of personal and household goods (52)",1.0
442110,Furniture Stores,p52,"Retail  trade services, except of motor vehicles and motorcycles; repair services of personal and household goods (52)",1.0
4422,Home Furnishings Stores,p52,"Retail  trade services, except of motor vehicles and motorcycles; repair services of personal and household goods (52)",1.0
44221,Floor Covering Stores,p52,"Retail  trade services, except of motor vehicles and motorcycles; repair services of personal and household goods (52)",1.0
442210,Floor Covering Stores,p52,"Retail  trade services, except of motor vehicles and motorcycles; repair services of personal and household goods (52)",1.0
44229,Other Home Furnishings Stores,p52,"Retail  trade services, except of motor vehicles and motorcycles; repair services of personal and household goods (52)",1.0
442291,Window Treatment Stores,p52,"Retail  trade services, except of motor vehicles and motorcycles; repair services of personal and household goods (52)",1.0
442299,All Other Home Furnishings Stores,p52,"Retail  trade services, except of motor vehicles and motorcycles; repair services of personal and household goods (52)",1.0
443,Electronics and Appliance Stores,p52,"Retail  trade services, except of motor vehicles and motorcycles; repair services of personal and household goods (52)",1.0
4431,Electronics and Appliance Stores,p52,"Retail  trade services, except of motor vehicles and motorcycles; repair services of personal and household goods (52)",1.0
44314,Electronics and Appliance Stores,p52,"Retail  trade services, except of motor vehicles and motorcycles; repair services of personal and household goods (52)",1.0
443141,Household Appliance Stores,p52,"Retail  trade services, except of motor vehicles and motorcycles; repair services of personal and household goods (52)",1.0
443142,Electronics Stores,p52,"Retail  trade services, except of motor vehicles and motorcycles; repair services of personal and household goods (52)",1.0
444,Building Material and Garden Equipment and Supplies Dealers,p52,"Retail  trade services, except of motor vehicles and motorcycles; repair services of personal and household goods (52)",1.0
4441,Building Material and Supplies Dealers,p52,"Retail  trade services, except of motor vehicles and motorcycles; repair services of personal and household goods (52)",1.0
44411,Home Centers,p52,"Retail  trade services, except of motor vehicles and motorcycles; repair services of personal and household goods (52)",1.0
444110,Home Centers,p52,"Retail  trade services, except of motor vehicles and motorcycles; repair services of personal and household goods (52)",1.0
44412,Paint and Wallpaper Stores,p52,"Retail  trade services, except of motor vehicles and motorcycles; repair services of personal and household goods (52)",1.0
444120,Paint and Wallpaper Stores,p52,"Retail  trade services, except of motor vehicles and motorcycles; repair services of personal and household goods (52)",1.0
44413,Hardware Stores,p52,"Retail  trade services, except of motor vehicles and motorcycles; repair services of personal and household goods (52)",1.0
444130,Hardware Stores,p52,"Retail  trade services, except of motor vehicles and motorcycles; repair services of personal and household goods (52)",1.0
44419,Other Building Material Dealers,p52,"Retail  trade services, except of motor vehicles and motorcycles; repair services of personal and household goods (52)",1.0
444190,Other Building Material Dealers,p52,"Retail  trade services, except of motor vehicles and motorcycles; repair services of personal and household goods (52)",1.0
4442,Lawn and Garden Equipment and Supplies Stores,p52,"Retail  trade services, except of motor vehicles and motorcycles; repair services of personal and household goods (52)",1.0
44421,Outdoor Power Equipment Stores,p52,"Retail  trade services, except of motor vehicles and motorcycles; repair services of personal and household goods (52)",1.0
444210,Outdoor Power Equipment Stores,p52,"Retail  trade services, except of motor vehicles and motorcycles; repair services of personal and household goods (52)",1.0
44422,"Nursery, Garden Center, and Farm Supply Stores",p52,"Retail  trade services, except of motor vehicles and motorcycles; repair services of personal and household goods (52)",1.0
444220,"Nursery, Garden Center, and Farm Supply Stores",p52,"Retail  trade services, except of motor vehicles and motorcycles; repair services of personal and household goods (52)",1.0
445,Food and Beverage Stores,p52,"Retail  trade services, except of motor vehicles and motorcycles; repair services of personal and household goods (52)",1.0
4451,Grocery Stores,p52,"Retail  trade services, except of motor vehicles and motorcycles; repair services of personal and household goods (52)",1.0
44511,Supermarkets and Other Grocery (except Convenience) Stores,p52,"Retail  trade services, except of motor vehicles and motorcycles; repair services of personal and household goods (52)",1.0
445110,Supermarkets and Other Grocery (except Convenience) Stores,p52,"Retail  trade services, except of motor vehicles and motorcycles; repair services of personal and household goods (52)",1.0
44512,Convenience Stores,p52,"Retail  trade services, except of motor vehicles and motorcycles; repair services of personal and household goods (52)",1.0
445120,Convenience Stores,p52,"Retail  trade services, except of motor vehicles and motorcycles; repair services of personal and household goods (52)",1.0
4452,Specialty Food Stores,p52,"Retail  trade services, except of motor vehicles and motorcycles; repair services of personal and household goods (52)",1.0
44521,Meat Markets,p52,"Retail  trade services, except of motor vehicles and motorcycles; repair services of personal and household goods (52)",1.0
445210,Meat Markets,p52,"Retail  trade services, except of motor vehicles and motorcycles; repair services of personal and household goods (52)",1.0
44522,Fish and Seafood Markets,p52,"Retail  trade services, except of motor vehicles and motorcycles; repair services of personal and household goods (52)",1.0
445220,Fish and Seafood Markets,p52,"Retail  trade services, except of motor vehicles and motorcycles; repair services of personal and household goods (52)",1.0
44523,Fruit and Vegetable Markets,p52,"Retail  trade services, except of motor vehicles and motorcycles; repair services of personal and household goods (52)",1.0
445230,Fruit and Vegetable Markets,p52,"Retail  trade services, except of motor vehicles and motorcycles; repair services of personal and household goods (52)",1.0
44529,Other Specialty Food Stores,p52,"Retail  trade services, except of motor vehicles and motorcycles; repair services of personal and household goods (52)",1.0
445291,Baked Goods Stores,p52,"Retail  trade services, except of motor vehicles and motorcycles; repair services of personal and household goods (52)",1.0
445292,Confectionery and Nut Stores,p52,"Retail  trade services, except of motor vehicles and motorcycles; repair services of personal and household goods (52)",1.0
445299,All Other Specialty Food Stores,p52,"Retail  trade services, except of motor vehicles and motorcycles; repair services of personal and household goods (52)",1.0
4453,"Beer, Wine, and Liquor Stores",p52,"Retail  trade services, except of motor vehicles and motorcycles; repair services of personal and household goods (52)",1.0
44531,"Beer, Wine, and Liquor Stores",p52,"Retail  trade services, except of motor vehicles and motorcycles; repair services of personal and household goods (52)",1.0
445310,"Beer, Wine, and Liquor Stores",p52,"Retail  trade services, except of motor vehicles and motorcycles; repair services of personal and household goods (52)",1.0
446,Health and Personal Care Stores,p52,"Retail  trade services, except of motor vehicles and motorcycles; repair services of personal and household goods (52)",1.0
4461,Health and Personal Care Stores,p52,"Retail  trade services, except of motor vehicles and motorcycles; repair services of personal and household goods (52)",1.0
44611,Pharmacies and Drug Stores,p52,"Retail  trade services, except of motor vehicles and motorcycles; repair services of personal and household goods (52)",1.0
446110,Pharmacies and Drug Stores,p52,"Retail  trade services, except of motor vehicles and motorcycles; repair services of personal and household goods (52)",1.0
44612,"Cosmetics, Beauty Supplies, and Perfume Stores",p52,"Retail  trade services, except of motor vehicles and motorcycles; repair services of personal and household goods (52)",1.0
446120,"Cosmetics, Beauty Supplies, and Perfume Stores",p52,"Retail  trade services, except of motor vehicles and motorcycles; repair services of personal and household goods (52)",1.0
44613,Optical Goods Stores,p52,"Retail  trade services, except of motor vehicles and motorcycles; repair services of personal and household goods (52)",1.0
446130,Optical Goods Stores,p52,"Retail  trade services, except of motor vehicles and motorcycles; repair services of personal and household goods (52)",1.0
44619,Other Health and Personal Care Stores,p52,"Retail  trade services, except of motor vehicles and motorcycles; repair services of personal and household goods (52)",1.0
446191,Food (Health) Supplement Stores,p52,"Retail  trade services, except of motor vehicles and motorcycles; repair services of personal and household goods (52)",1.0
446199,All Other Health and Personal Care Stores,p52,"Retail  trade services, except of motor vehicles and motorcycles; repair services of personal and household goods (52)",1.0
447,Gasoline Stations,p50.b,Retail trade services of motor fuel,1.0
447,Gasoline Stations,p52,"Retail  trade services, except of motor vehicles and motorcycles; repair services of personal and household goods (52)",1.0
4471,Gasoline Stations,p50.b,Retail trade services of motor fuel,1.0
4471,Gasoline Stations,p52,"Retail  trade services, except of motor vehicles and motorcycles; repair services of personal and household goods (52)",1.0
44711,Gasoline Stations with Convenience Stores,p50.b,Retail trade services of motor fuel,1.0
44711,Gasoline Stations with Convenience Stores,p52,"Retail  trade services, except of motor vehicles and motorcycles; repair services of personal and household goods (52)",1.0
447110,Gasoline Stations with Convenience Stores,p52,"Retail  trade services, except of motor vehicles and motorcycles; repair services of personal and household goods (52)",1.0
447110,Gasoline Stations with Convenience Stores,p50.b,Retail trade services of motor fuel,1.0
44719,Other Gasoline Stations,p50.b,Retail trade services of motor fuel,1.0
447190,Other Gasoline Stations,p50.b,Retail trade services of motor fuel,1.0
448,Clothing and Clothing Accessories Stores,p52,"Retail  trade services, except of motor vehicles and motorcycles; repair services of personal and household goods (52)",1.0
4481,Clothing Stores,p52,"Retail  trade services, except of motor vehicles and motorcycles; repair services of personal and household goods (52)",1.0
44811,Men's Clothing Stores,p52,"Retail  trade services, except of motor vehicles and motorcycles; repair services of personal and household goods (52)",1.0
448110,Men's Clothing Stores,p52,"Retail  trade services, except of motor vehicles and motorcycles; repair services of personal and household goods (52)",1.0
44812,Women's Clothing Stores,p52,"Retail  trade services, except of motor vehicles and motorcycles; repair services of personal and household goods (52)",1.0
448120,Women's Clothing Stores,p52,"Retail  trade services, except of motor vehicles and motorcycles; repair services of personal and household goods (52)",1.0
44813,Children's and Infants' Clothing Stores,p52,"Retail  trade services, except of motor vehicles and motorcycles; repair services of personal and household goods (52)",1.0
448130,Children's and Infants' Clothing Stores,p52,"Retail  trade services, except of motor vehicles and motorcycles; repair services of personal and household goods (52)",1.0
44814,Family Clothing Stores,p52,"Retail  trade services, except of motor vehicles and motorcycles; repair services of personal and household goods (52)",1.0
448140,Family Clothing Stores,p52,"Retail  trade services, except of motor vehicles and motorcycles; repair services of personal and household goods (52)",1.0
44815,Clothing Accessories Stores,p52,"Retail  trade services, except of motor vehicles and motorcycles; repair services of personal and household goods (52)",1.0
448150,Clothing Accessories Stores,p52,"Retail  trade services, except of motor vehicles and motorcycles; repair services of personal and household goods (52)",1.0
44819,Other Clothing Stores,p52,"Retail  trade services, except of motor vehicles and motorcycles; repair services of personal and household goods (52)",1.0
448190,Other Clothing Stores,p52,"Retail  trade services, except of motor vehicles and motorcycles; repair services of personal and household goods (52)",1.0
4482,Shoe Stores,p52,"Retail  trade services, except of motor vehicles and motorcycles; repair services of personal and household goods (52)",1.0
44821,Shoe Stores,p52,"Retail  trade services, except of motor vehicles and motorcycles; repair services of personal and household goods (52)",1.0
448210,Shoe Stores,p52,"Retail  trade services, except of motor vehicles and motorcycles; repair services of personal and household goods (52)",1.0
4483,"Jewelry, Luggage, and Leather Goods Stores",p52,"Retail  trade services, except of motor vehicles and motorcycles; repair services of personal and household goods (52)",1.0
44831,Jewelry Stores,p52,"Retail  trade services, except of motor vehicles and motorcycles; repair services of personal and household goods (52)",1.0
448310,Jewelry Stores,p52,"Retail  trade services, except of motor vehicles and motorcycles; repair services of personal and household goods (52)",1.0
44832,Luggage and Leather Goods Stores,p52,"Retail  trade services, except of motor vehicles and motorcycles; repair services of personal and household goods (52)",1.0
448320,Luggage and Leather Goods Stores,p52,"Retail  trade services, except of motor vehicles and motorcycles; repair services of personal and household goods (52)",1.0
451,"Sporting Goods, Hobby, Musical Instrument, and Book Stores",p52,"Retail  trade services, except of motor vehicles and motorcycles; repair services of personal and household goods (52)",1.0
4511,"Sporting Goods, Hobby, and Musical Instrument Stores",p52,"Retail  trade services, except of motor vehicles and motorcycles; repair services of personal and household goods (52)",1.0
45111,Sporting Goods Stores,p52,"Retail  trade services, except of motor vehicles and motorcycles; repair services of personal and household goods (52)",1.0
451110,Sporting Goods Stores,p52,"Retail  trade services, except of motor vehicles and motorcycles; repair services of personal and household goods (52)",1.0
45112,"Hobby, Toy, and Game Stores",p52,"Retail  trade services, except of motor vehicles and motorcycles; repair services of personal and household goods (52)",1.0
451120,"Hobby, Toy, and Game Stores",p52,"Retail  trade services, except of motor vehicles and motorcycles; repair services of personal and household goods (52)",1.0
45113,"Sewing, Needlework, and Piece Goods Stores",p52,"Retail  trade services, except of motor vehicles and motorcycles; repair services of personal and household goods (52)",1.0
451130,"Sewing, Needlework, and Piece Goods Stores",p52,"Retail  trade services, except of motor vehicles and motorcycles; repair services of personal and household goods (52)",1.0
45114,Musical Instrument and Supplies Stores,p52,"Retail  trade services, except of motor vehicles and motorcycles; repair services of personal and household goods (52)",1.0
451140,Musical Instrument and Supplies Stores,p52,"Retail  trade services, except of motor vehicles and motorcycles; repair services of personal and household goods (52)",1.0
4512,Book Stores and News Dealers,p52,"Retail  trade services, except of motor vehicles and motorcycles; repair services of personal and household goods (52)",1.0
45121,Book Stores and News Dealers,p52,"Retail  trade services, except of motor vehicles and motorcycles; repair services of personal and household goods (52)",1.0
451211,Book Stores,p52,"Retail  trade services, except of motor vehicles and motorcycles; repair services of personal and household goods (52)",1.0
451212,News Dealers and Newsstands,p52,"Retail  trade services, except of motor vehicles and motorcycles; repair services of personal and household goods (52)",1.0
452,General Merchandise Stores,p52,"Retail  trade services, except of motor vehicles and motorcycles; repair services of personal and household goods (52)",1.0
4522,Department Stores,p52,"Retail  trade services, except of motor vehicles and motorcycles; repair services of personal and household goods (52)",1.0
45221,Department Stores,p52,"Retail  trade services, except of motor vehicles and motorcycles; repair services of personal and household goods (52)",1.0
452210,Department Stores,p52,"Retail  trade services, except of motor vehicles and motorcycles; repair services of personal and household goods (52)",1.0
4523,"General Merchandise Stores, including Warehouse Clubs and Supercenters",p52,"Retail  trade services, except of motor vehicles and motorcycles; repair services of personal and household goods (52)",1.0
45231,"General Merchandise Stores, including Warehouse Clubs and Supercenters",p52,"Retail  trade services, except of motor vehicles and motorcycles; repair services of personal and household goods (52)",1.0
452311,Warehouse Clubs and Supercenters,p52,"Retail  trade services, except of motor vehicles and motorcycles; repair services of personal and household goods (52)",1.0
452319,All Other General Merchandise Stores,p52,"Retail  trade services, except of motor vehicles and motorcycles; repair services of personal and household goods (52)",1.0
453,Miscellaneous Store Retailers,p52,"Retail  trade services, except of motor vehicles and motorcycles; repair services of personal and household goods (52)",1.0
4531,Florists,p52,"Retail  trade services, except of motor vehicles and motorcycles; repair services of personal and household goods (52)",1.0
45311,Florists,p52,"Retail  trade services, except of motor vehicles and motorcycles; repair services of personal and household goods (52)",1.0
453110,Florists,p52,"Retail  trade services, except of motor vehicles and motorcycles; repair services of personal and household goods (52)",1.0
4532,"Office Supplies, Stationery, and Gift Stores",p52,"Retail  trade services, except of motor vehicles and motorcycles; repair services of personal and household goods (52)",1.0
45321,Office Supplies and Stationery Stores,p52,"Retail  trade services, except of motor vehicles and motorcycles; repair services of personal and household goods (52)",1.0
453210,Office Supplies and Stationery Stores,p52,"Retail  trade services, except of motor vehicles and motorcycles; repair services of personal and household goods (52)",1.0
45322,"Gift, Novelty, and Souvenir Stores",p52,"Retail  trade services, except of motor vehicles and motorcycles; repair services of personal and household goods (52)",1.0
453220,"Gift, Novelty, and Souvenir Stores",p52,"Retail  trade services, except of motor vehicles and motorcycles; repair services of personal and household goods (52)",1.0
4533,Used Merchandise Stores,p52,"Retail  trade services, except of motor vehicles and motorcycles; repair services of personal and household goods (52)",1.0
45331,Used Merchandise Stores,p52,"Retail  trade services, except of motor vehicles and motorcycles; repair services of personal and household goods (52)",1.0
453310,Used Merchandise Stores,p52,"Retail  trade services, except of motor vehicles and motorcycles; repair services of personal and household goods (52)",1.0
4539,Other Miscellaneous Store Retailers,p52,"Retail  trade services, except of motor vehicles and motorcycles; repair services of personal and household goods (52)",1.0
45391,Pet and Pet Supplies Stores,p52,"Retail  trade services, except of motor vehicles and motorcycles; repair services of personal and household goods (52)",1.0
453910,Pet and Pet Supplies Stores,p52,"Retail  trade services, except of motor vehicles and motorcycles; repair services of personal and household goods (52)",1.0
45392,Art Dealers,p52,"Retail  trade services, except of motor vehicles and motorcycles; repair services of personal and household goods (52)",1.0
453920,Art Dealers,p52,"Retail  trade services, except of motor vehicles and motorcycles; repair services of personal and household goods (52)",1.0
45393,Manufactured (Mobile) Home Dealers,p52,"Retail  trade services, except of motor vehicles and motorcycles; repair services of personal and household goods (52)",1.0
453930,Manufactured (Mobile) Home Dealers,p52,"Retail  trade services, except of motor vehicles and motorcycles; repair services of personal and household goods (52)",1.0
45399,All Other Miscellaneous Store Retailers,p52,"Retail  trade services, except of motor vehicles and motorcycles; repair services of personal and household goods (52)",1.0
453991,Tobacco Stores,p52,"Retail  trade services, except of motor vehicles and motorcycles; repair services of personal and household goods (52)",1.0
453998,All Other Miscellaneous Store Retailers (except Tobacco Stores),p52,"Retail  trade services, except of motor vehicles and motorcycles; repair services of personal and household goods (52)",1.0
454,Nonstore Retailers,p52,"Retail  trade services, except of motor vehicles and motorcycles; repair services of personal and household goods (52)",1.0
4541,Electronic Shopping and Mail-Order Houses,p52,"Retail  trade services, except of motor vehicles and motorcycles; repair services of personal and household goods (52)",1.0
45411,Electronic Shopping and Mail-Order Houses,p52,"Retail  trade services, except of motor vehicles and motorcycles; repair services of personal and household goods (52)",1.0
454110,Electronic Shopping and Mail-Order Houses,p52,"Retail  trade services, except of motor vehicles and motorcycles; repair services of personal and household goods (52)",1.0
4542,Vending Machine Operators,p52,"Retail  trade services, except of motor vehicles and motorcycles; repair services of personal and household goods (52)",1.0
45421,Vending Machine Operators,p52,"Retail  trade services, except of motor vehicles and motorcycles; repair services of personal and household goods (52)",1.0
454210,Vending Machine Operators,p52,"Retail  trade services, except of motor vehicles and motorcycles; repair services of personal and household goods (52)",1.0
4543,Direct Selling Establishments,p52,"Retail  trade services, except of motor vehicles and motorcycles; repair services of personal and household goods (52)",1.0
45431,Fuel Dealers,p52,"Retail  trade services, except of motor vehicles and motorcycles; repair services of personal and household goods (52)",1.0
454310,Fuel Dealers,p52,"Retail  trade services, except of motor vehicles and motorcycles; repair services of personal and household goods (52)",1.0
45439,Other Direct Selling Establishments,p52,"Retail  trade services, except of motor vehicles and motorcycles; repair services of personal and household goods (52)",1.0
454390,Other Direct Selling Establishments,p52,"Retail  trade services, except of motor vehicles and motorcycles; repair services of personal and household goods (52)",1.0
481,Air TransportationT,p62,Air transport services (62),1.0
4811,Scheduled Air TransportationT,p62,Air transport services (62),1.0
48111,Scheduled Air TransportationT,p62,Air transport services (62),1.0
481111,Scheduled Passenger Air Transportation,p62,Air transport services (62),1.0
481112,Scheduled Freight Air Transportation,p62,Air transport services (62),1.0
4812,Nonscheduled Air TransportationT,p62,Air transport services (62),1.0
48121,Nonscheduled Air TransportationT,p62,Air transport services (62),1.0
481211,Nonscheduled Chartered Passenger Air Transportation,p62,Air transport services (62),1.0
481212,Nonscheduled Chartered Freight Air Transportation,p62,Air transport services (62),1.0
481219,Other Nonscheduled Air Transportation,p62,Air transport services (62),1.0
482,Rail TransportationT,p60.1,Railway transportation services,1.0
4821,Rail TransportationT,p60.1,Railway transportation services,1.0
48211,Rail TransportationT,p60.1,Railway transportation services,1.0
482111,Line-Haul Railroads,p60.1,Railway transportation services,1.0
482112,Short Line Railroads,p60.1,Railway transportation services,1.0
483,Water TransportationT,p61.1,Sea and coastal water transportation services,1.0
483,Water TransportationT,p61.2,Inland water transportation services,1.0
4831,"Deep Sea, Coastal, and Great Lakes Water TransportationT",p61.1,Sea and coastal water transportation services,1.0
48311,"Deep Sea, Coastal, and Great Lakes Water TransportationT",p61.1,Sea and coastal water transportation services,1.0
483111,Deep Sea Freight Transportation,p61.1,Sea and coastal water transportation services,1.0
483112,Deep Sea Passenger Transportation,p61.1,Sea and coastal water transportation services,1.0
483113,Coastal and Great Lakes Freight Transportation,p61.1,Sea and coastal water transportation services,1.0
483114,Coastal and Great Lakes Passenger Transportation,p61.1,Sea and coastal water transportation services,1.0
4832,Inland Water TransportationT,p61.2,Inland water transportation services,1.0
48321,Inland Water TransportationT,p61.2,Inland water transportation services,1.0
483211,Inland Water Freight Transportation,p61.2,Inland water transportation services,1.0
483212,Inland Water Passenger Transportation,p61.2,Inland water transportation services,1.0
484,Truck TransportationT,p60.2,Other land transportation services,1.0
4841,General Freight TruckingT,p60.2,Other land transportation services,1.0
48411,"General Freight Trucking, LocalT",p60.2,Other land transportation services,1.0
484110,"General Freight Trucking, Local",p60.2,Other land transportation services,1.0
48412,"General Freight Trucking, Long-DistanceT",p60.2,Other land transportation services,1.0
484121,"General Freight Trucking, Long-Distance, Truckload",p60.2,Other land transportation services,1.0
484122,"General Freight Trucking, Long-Distance, Less Than Truckload",p60.2,Other land transportation services,1.0
4842,Specialized Freight TruckingT,p60.2,Other land transportation services,1.0
48421,Used Household and Office Goods MovingT,p60.2,Other land transportation services,1.0
484210,Used Household and Office Goods Moving,p60.2,Other land transportation services,1.0
48422,"Specialized Freight (except Used Goods) Trucking, LocalT",p60.2,Other land transportation services,1.0
484220,"Specialized Freight (except Used Goods) Trucking, Local",p60.2,Other land transportation services,1.0
48423,"Specialized Freight (except Used Goods) Trucking, Long-DistanceT",p60.2,Other land transportation services,1.0
484230,"Specialized Freight (except Used Goods) Trucking, Long-Distance",p60.2,Other land transportation services,1.0
485,Transit and Ground Passenger TransportationT,p60.2,Other land transportation services,1.0
4851,Urban Transit SystemsT,p60.2,Other land transportation services,1.0
48511,Urban Transit SystemsT,p60.2,Other land transportation services,1.0
485111,Mixed Mode Transit Systems,p60.2,Other land transportation services,1.0
485112,Commuter Rail Systems,p60.2,Other land transportation services,1.0
485113,Bus and Other Motor Vehicle Transit Systems,p60.2,Other land transportation services,1.0
485119,Other Urban Transit Systems,p60.2,Other land transportation services,1.0
4852,Interurban and Rural Bus TransportationT,p60.2,Other land transportation services,1.0
48521,Interurban and Rural Bus TransportationT,p60.2,Other land transportation services,1.0
485210,Interurban and Rural Bus Transportation,p60.2,Other land transportation services,1.0
4853,Taxi and Limousine ServiceT,p60.2,Other land transportation services,1.0
48531,Taxi ServiceT,p60.2,Other land transportation services,1.0
485310,Taxi Service,p60.2,Other land transportation services,1.0
48532,Limousine ServiceT,p60.2,Other land transportation services,1.0
485320,Limousine Service,p60.2,Other land transportation services,1.0
4854,School and Employee Bus TransportationT,p60.2,Other land transportation services,1.0
48541,School and Employee Bus TransportationT,p60.2,Other land transportation services,1.0
485410,School and Employee Bus Transportation,p60.2,Other land transportation services,1.0
4855,Charter Bus IndustryT,p60.2,Other land transportation services,1.0
48551,Charter Bus IndustryT,p60.2,Other land transportation services,1.0
485510,Charter Bus Industry,p60.2,Other land transportation services,1.0
4859,Other Transit and Ground Passenger TransportationT,p60.2,Other land transportation services,1.0
48599,Other Transit and Ground Passenger TransportationT,p60.2,Other land transportation services,1.0
485991,Special Needs Transportation,p60.2,Other land transportation services,1.0
485999,All Other Transit and Ground Passenger Transportation,p60.2,Other land transportation services,1.0
486,Pipeline TransportationT,p60.3,Transportation services via pipelines,1.0
4861,Pipeline Transportation of Crude OilT,p60.3,Transportation services via pipelines,1.0
48611,Pipeline Transportation of Crude OilT,p60.3,Transportation services via pipelines,1.0
486110,Pipeline Transportation of Crude Oil,p60.3,Transportation services via pipelines,1.0
4862,Pipeline Transportation of Natural GasT,p60.3,Transportation services via pipelines,1.0
48621,Pipeline Transportation of Natural GasT,p60.3,Transportation services via pipelines,1.0
486210,Pipeline Transportation of Natural Gas,p60.3,Transportation services via pipelines,1.0
4869,Other Pipeline TransportationT,p60.3,Transportation services via pipelines,1.0
48691,Pipeline Transportation of Refined Petroleum ProductsT,p60.3,Transportation services via pipelines,1.0
486910,Pipeline Transportation of Refined Petroleum Products,p60.3,Transportation services via pipelines,1.0
48699,All Other Pipeline TransportationT,p60.3,Transportation services via pipelines,1.0
486990,All Other Pipeline Transportation,p60.3,Transportation services via pipelines,1.0
487,Scenic and Sightseeing TransportationT,p60.1,Railway transportation services,1.0
487,Scenic and Sightseeing TransportationT,p60.2,Other land transportation services,1.0
487,Scenic and Sightseeing TransportationT,p61.1,Sea and coastal water transportation services,1.0
487,Scenic and Sightseeing TransportationT,p61.2,Inland water transportation services,1.0
487,Scenic and Sightseeing TransportationT,p62,Air transport services (62),1.0
4871,"Scenic and Sightseeing Transportation, LandT",p60.1,Railway transportation services,1.0
4871,"Scenic and Sightseeing Transportation, LandT",p60.2,Other land transportation services,1.0
48711,"Scenic and Sightseeing Transportation, LandT",p60.1,Railway transportation services,1.0
48711,"Scenic and Sightseeing Transportation, LandT",p60.2,Other land transportation services,1.0
487110,"Scenic and Sightseeing Transportation, Land",p60.1,Railway transportation services,1.0
487110,"Scenic and Sightseeing Transportation, Land",p60.2,Other land transportation services,1.0
4872,"Scenic and Sightseeing Transportation, WaterT",p61.1,Sea and coastal water transportation services,1.0
4872,"Scenic and Sightseeing Transportation, WaterT",p61.2,Inland water transportation services,1.0
48721,"Scenic and Sightseeing Transportation, WaterT",p61.1,Sea and coastal water transportation services,1.0
48721,"Scenic and Sightseeing Transportation, WaterT",p61.2,Inland water transportation services,1.0
487210,"Scenic and Sightseeing Transportation, Water",p61.1,Sea and coastal water transportation services,1.0
487210,"Scenic and Sightseeing Transportation, Water",p61.2,Inland water transportation services,1.0
4879,"Scenic and Sightseeing Transportation, OtherT",p60.2,Other land transportation services,1.0
4879,"Scenic and Sightseeing Transportation, OtherT",p62,Air transport services (62),1.0
48799,"Scenic and Sightseeing Transportation, OtherT",p60.2,Other land transportation services,1.0
48799,"Scenic and Sightseeing Transportation, OtherT",p62,Air transport services (62),1.0
487990,"Scenic and Sightseeing Transportation, Other",p60.2,Other land transportation services,1.0
487990,"Scenic and Sightseeing Transportation, Other",p62,Air transport services (62),1.0
488,Support Activities for TransportationT,p63,Supporting and auxiliary transport services; travel agency services (63),1.0
4881,Support Activities for Air TransportationT,p63,Supporting and auxiliary transport services; travel agency services (63),1.0
48811,Airport OperationsT,p63,Supporting and auxiliary transport services; travel agency services (63),1.0
488111,Air Traffic Control,p63,Supporting and auxiliary transport services; travel agency services (63),1.0
488119,Other Airport Operations,p63,Supporting and auxiliary transport services; travel agency services (63),1.0
48819,Other Support Activities for Air TransportationT,p63,Supporting and auxiliary transport services; travel agency services (63),1.0
488190,Other Support Activities for Air Transportation,p63,Supporting and auxiliary transport services; travel agency services (63),1.0
4882,Support Activities for Rail TransportationT,p63,Supporting and auxiliary transport services; travel agency services (63),1.0
48821,Support Activities for Rail TransportationT,p63,Supporting and auxiliary transport services; travel agency services (63),1.0
488210,Support Activities for Rail Transportation,p63,Supporting and auxiliary transport services; travel agency services (63),1.0
4883,Support Activities for Water TransportationT,p63,Supporting and auxiliary transport services; travel agency services (63),1.0
48831,Port and Harbor OperationsT,p63,Supporting and auxiliary transport services; travel agency services (63),1.0
488310,Port and Harbor Operations,p63,Supporting and auxiliary transport services; travel agency services (63),1.0
48832,Marine Cargo HandlingT,p63,Supporting and auxiliary transport services; travel agency services (63),1.0
488320,Marine Cargo Handling,p63,Supporting and auxiliary transport services; travel agency services (63),1.0
48833,Navigational Services to ShippingT,p63,Supporting and auxiliary transport services; travel agency services (63),1.0
488330,Navigational Services to Shipping,p63,Supporting and auxiliary transport services; travel agency services (63),1.0
48839,Other Support Activities for Water TransportationT,p63,Supporting and auxiliary transport services; travel agency services (63),1.0
488390,Other Support Activities for Water Transportation,p63,Supporting and auxiliary transport services; travel agency services (63),1.0
4884,Support Activities for Road TransportationT,p63,Supporting and auxiliary transport services; travel agency services (63),1.0
48841,Motor Vehicle TowingT,p63,Supporting and auxiliary transport services; travel agency services (63),1.0
488410,Motor Vehicle Towing,p63,Supporting and auxiliary transport services; travel agency services (63),1.0
48849,Other Support Activities for Road TransportationT,p63,Supporting and auxiliary transport services; travel agency services (63),1.0
488490,Other Support Activities for Road Transportation,p63,Supporting and auxiliary transport services; travel agency services (63),1.0
4885,Freight Transportation ArrangementT,p63,Supporting and auxiliary transport services; travel agency services (63),1.0
48851,Freight Transportation ArrangementT,p63,Supporting and auxiliary transport services; travel agency services (63),1.0
488510,Freight Transportation Arrangement,p63,Supporting and auxiliary transport services; travel agency services (63),1.0
4889,Other Support Activities for TransportationT,p63,Supporting and auxiliary transport services; travel agency services (63),1.0
48899,Other Support Activities for TransportationT,p63,Supporting and auxiliary transport services; travel agency services (63),1.0
488991,Packing and Crating,p63,Supporting and auxiliary transport services; travel agency services (63),1.0
488999,All Other Support Activities for Transportation,p63,Supporting and auxiliary transport services; travel agency services (63),1.0
491,Postal ServiceT,p64,Post and telecommunication services (64),1.0
4911,Postal ServiceT,p64,Post and telecommunication services (64),1.0
49111,Postal ServiceT,p64,Post and telecommunication services (64),1.0
491110,Postal Service,p64,Post and telecommunication services (64),1.0
492,Couriers and MessengersT,p64,Post and telecommunication services (64),1.0
4921,Couriers and Express Delivery ServicesT,p64,Post and telecommunication services (64),1.0
49211,Couriers and Express Delivery ServicesT,p64,Post and telecommunication services (64),1.0
492110,Couriers and Express Delivery Services,p64,Post and telecommunication services (64),1.0
4922,Local Messengers and Local DeliveryT,p64,Post and telecommunication services (64),1.0
49221,Local Messengers and Local DeliveryT,p64,Post and telecommunication services (64),1.0
492210,Local Messengers and Local Delivery,p64,Post and telecommunication services (64),1.0
493,Warehousing and StorageT,p63,Supporting and auxiliary transport services; travel agency services (63),1.0
4931,Warehousing and StorageT,p63,Supporting and auxiliary transport services; travel agency services (63),1.0
49311,General Warehousing and StorageT,p63,Supporting and auxiliary transport services; travel agency services (63),1.0
493110,General Warehousing and Storage,p63,Supporting and auxiliary transport services; travel agency services (63),1.0
49312,Refrigerated Warehousing and StorageT,p63,Supporting and auxiliary transport services; travel agency services (63),1.0
493120,Refrigerated Warehousing and Storage,p63,Supporting and auxiliary transport services; travel agency services (63),1.0
49313,Farm Product Warehousing and StorageT,p63,Supporting and auxiliary transport services; travel agency services (63),1.0
493130,Farm Product Warehousing and Storage,p63,Supporting and auxiliary transport services; travel agency services (63),1.0
49319,Other Warehousing and StorageT,p63,Supporting and auxiliary transport services; travel agency services (63),1.0
493190,Other Warehousing and Storage,p63,Supporting and auxiliary transport services; travel agency services (63),1.0
51,InformationT,p22,Printed matter and recorded media (22),1.0
51,InformationT,p64,Post and telecommunication services (64),1.0
51,InformationT,p72,Computer and related services (72),1.0
51,InformationT,p74,Other business services (74),1.0
51,InformationT,p92,"Recreational, cultural and sporting services (92)",1.0
511,Publishing Industries (except Internet)T,p22,Printed matter and recorded media (22),1.0
511,Publishing Industries (except Internet)T,p72,Computer and related services (72),1.0
5111,"Newspaper, Periodical, Book, and Directory PublishersT",p22,Printed matter and recorded media (22),1.0
51111,Newspaper PublishersT,p22,Printed matter and recorded media (22),1.0
511110,Newspaper Publishers,p22,Printed matter and recorded media (22),1.0
51112,Periodical PublishersT,p22,Printed matter and recorded media (22),1.0
511120,Periodical Publishers,p22,Printed matter and recorded media (22),1.0
51113,Book PublishersT,p22,Printed matter and recorded media (22),1.0
511130,Book Publishers,p22,Printed matter and recorded media (22),1.0
51114,Directory and Mailing List PublishersT,p22,Printed matter and recorded media (22),1.0
511140,Directory and Mailing List Publishers,p22,Printed matter and recorded media (22),1.0
51119,Other PublishersT,p22,Printed matter and recorded media (22),1.0
511191,Greeting Card Publishers,p22,Printed matter and recorded media (22),1.0
511199,All Other Publishers,p22,Printed matter and recorded media (22),1.0
5112,Software PublishersT,p72,Computer and related services (72),1.0
51121,Software PublishersT,p72,Computer and related services (72),1.0
511210,Software Publishers,p72,Computer and related services (72),1.0
512,Motion Picture and Sound Recording IndustriesT,p22,Printed matter and recorded media (22),1.0
512,Motion Picture and Sound Recording IndustriesT,p92,"Recreational, cultural and sporting services (92)",1.0
5121,Motion Picture and Video IndustriesT,p92,"Recreational, cultural and sporting services (92)",1.0
51211,Motion Picture and Video ProductionT,p92,"Recreational, cultural and sporting services (92)",1.0
512110,Motion Picture and Video Production,p92,"Recreational, cultural and sporting services (92)",1.0
51212,Motion Picture and Video DistributionT,p92,"Recreational, cultural and sporting services (92)",1.0
512120,Motion Picture and Video Distribution,p92,"Recreational, cultural and sporting services (92)",1.0
51213,Motion Picture and Video ExhibitionT,p92,"Recreational, cultural and sporting services (92)",1.0
512131,Motion Picture Theaters (except Drive-Ins),p92,"Recreational, cultural and sporting services (92)",1.0
512132,Drive-In Motion Picture Theaters,p92,"Recreational, cultural and sporting services (92)",1.0
51219,Postproduction Services and Other Motion Picture and Video IndustriesT,p92,"Recreational, cultural and sporting services (92)",1.0
512191,Teleproduction and Other Postproduction Services,p92,"Recreational, cultural and sporting services (92)",1.0
512199,Other Motion Picture and Video Industries,p92,"Recreational, cultural and sporting services (92)",1.0
5122,Sound Recording IndustriesT,p22,Printed matter and recorded media (22),1.0
51223,Music PublishersT,p22,Printed matter and recorded media (22),1.0
512230,Music Publishers,p22,Printed matter and recorded media (22),1.0
51224,Sound Recording StudiosT,p22,Printed matter and recorded media (22),1.0
512240,Sound Recording Studios,p22,Printed matter and recorded media (22),1.0
51225,Record Production and DistributionT,p22,Printed matter and recorded media (22),1.0
512250,Record Production and Distribution,p22,Printed matter and recorded media (22),1.0
51229,Other Sound Recording IndustriesT,p22,Printed matter and recorded media (22),1.0
512290,Other Sound Recording Industries,p22,Printed matter and recorded media (22),1.0
515,Broadcasting (except Internet)T,p64,Post and telecommunication services (64),1.0
515,Broadcasting (except Internet)T,p92,"Recreational, cultural and sporting services (92)",1.0
5151,Radio and Television BroadcastingT,p64,Post and telecommunication services (64),1.0
5151,Radio and Television BroadcastingT,p92,"Recreational, cultural and sporting services (92)",1.0
51511,Radio BroadcastingT,p64,Post and telecommunication services (64),1.0
51511,Radio BroadcastingT,p92,"Recreational, cultural and sporting services (92)",1.0
515111,Radio Networks,p92,"Recreational, cultural and sporting services (92)",1.0
515111,Radio Networks,p64,Post and telecommunication services (64),1.0
515112,Radio Stations,p92,"Recreational, cultural and sporting services (92)",1.0
515112,Radio Stations,p64,Post and telecommunication services (64),1.0
51512,Television BroadcastingT,p64,Post and telecommunication services (64),1.0
51512,Television BroadcastingT,p92,"Recreational, cultural and sporting services (92)",1.0
515120,Television Broadcasting,p92,"Recreational, cultural and sporting services (92)",1.0
515120,Television Broadcasting,p64,Post and telecommunication services (64),1.0
5152,Cable and Other Subscription ProgrammingT,p64,Post and telecommunication services (64),1.0
5152,Cable and Other Subscription ProgrammingT,p92,"Recreational, cultural and sporting services (92)",1.0
51521,Cable and Other Subscription ProgrammingT,p64,Post and telecommunication services (64),1.0
51521,Cable and Other Subscription ProgrammingT,p92,"Recreational, cultural and sporting services (92)",1.0
515210,Cable and Other Subscription Programming,p92,"Recreational, cultural and sporting services (92)",1.0
515210,Cable and Other Subscription Programming,p64,Post and telecommunication services (64),1.0
517,TelecommunicationsT,p64,Post and telecommunication services (64),1.0
5173,Wired and Wireless Telecommunications CarriersT,p64,Post and telecommunication services (64),1.0
51731,Wired and Wireless Telecommunications CarriersT,p64,Post and telecommunication services (64),1.0
517311,Wired Telecommunications Carriers,p64,Post and telecommunication services (64),1.0
517312,Wireless Telecommunications Carriers (except Satellite),p64,Post and telecommunication services (64),1.0
5174,Satellite TelecommunicationsT,p64,Post and telecommunication services (64),1.0
51741,Satellite TelecommunicationsT,p64,Post and telecommunication services (64),1.0
517410,Satellite Telecommunications,p64,Post and telecommunication services (64),1.0
5179,Other TelecommunicationsT,p64,Post and telecommunication services (64),1.0
51791,Other TelecommunicationsT,p64,Post and telecommunication services (64),1.0
517911,Telecommunications Resellers,p64,Post and telecommunication services (64),1.0
517919,All Other Telecommunications,p64,Post and telecommunication services (64),1.0
518,"Data Processing, Hosting, and Related ServicesT",p72,Computer and related services (72),1.0
5182,"Data Processing, Hosting, and Related ServicesT",p72,Computer and related services (72),1.0
51821,"Data Processing, Hosting, and Related ServicesT",p72,Computer and related services (72),1.0
518210,"Data Processing, Hosting, and Related Services",p72,Computer and related services (72),1.0
519,Other Information ServicesT,p22,Printed matter and recorded media (22),1.0
519,Other Information ServicesT,p72,Computer and related services (72),1.0
519,Other Information ServicesT,p74,Other business services (74),1.0
519,Other Information ServicesT,p92,"Recreational, cultural and sporting services (92)",1.0
5191,Other Information ServicesT,p22,Printed matter and recorded media (22),1.0
5191,Other Information ServicesT,p72,Computer and related services (72),1.0
5191,Other Information ServicesT,p74,Other business services (74),1.0
5191,Other Information ServicesT,p92,"Recreational, cultural and sporting services (92)",1.0
51911,News SyndicatesT,p92,"Recreational, cultural and sporting services (92)",1.0
519110,News Syndicates,p92,"Recreational, cultural and sporting services (92)",1.0
51912,Libraries and ArchivesT,p92,"Recreational, cultural and sporting services (92)",1.0
519120,Libraries and Archives,p92,"Recreational, cultural and sporting services (92)",1.0
51913,Internet Publishing and Broadcasting and Web Search PortalsT,p22,Printed matter and recorded media (22),1.0
51913,Internet Publishing and Broadcasting and Web Search PortalsT,p72,Computer and related services (72),1.0
51913,Internet Publishing and Broadcasting and Web Search PortalsT,p92,"Recreational, cultural and sporting services (92)",1.0
519130,Internet Publishing and Broadcasting and Web Search Portals,p22,Printed matter and recorded media (22),1.0
519130,Internet Publishing and Broadcasting and Web Search Portals,p72,Computer and related services (72),1.0
519130,Internet Publishing and Broadcasting and Web Search Portals,p92,"Recreational, cultural and sporting services (92)",1.0
51919,All Other Information ServicesT,p74,Other business services (74),1.0
51919,All Other Information ServicesT,p92,"Recreational, cultural and sporting services (92)",1.0
519190,All Other Information Services,p74,Other business services (74),1.0
519190,All Other Information Services,p92,"Recreational, cultural and sporting services (92)",1.0
52,Finance and InsuranceT,p65,"Financial intermediation services, except insurance and pension funding services (65)",1.0
52,Finance and InsuranceT,p66,"Insurance and pension funding services, except compulsory social security services (66)",1.0
52,Finance and InsuranceT,p67,Services auxiliary to financial intermediation (67),1.0
52,Finance and InsuranceT,p70,Real estate services (70),1.0
521,Monetary Authorities-Central BankT,p65,"Financial intermediation services, except insurance and pension funding services (65)",1.0
5211,Monetary Authorities-Central BankT,p65,"Financial intermediation services, except insurance and pension funding services (65)",1.0
52111,Monetary Authorities-Central BankT,p65,"Financial intermediation services, except insurance and pension funding services (65)",1.0
521110,Monetary Authorities-Central Bank,p65,"Financial intermediation services, except insurance and pension funding services (65)",1.0
522,Credit Intermediation and Related ActivitiesT,p65,"Financial intermediation services, except insurance and pension funding services (65)",1.0
522,Credit Intermediation and Related ActivitiesT,p67,Services auxiliary to financial intermediation (67),1.0
5221,Depository Credit Intermediation,p65,"Financial intermediation services, except insurance and pension funding services (65)",1.0
52211,Commercial Banking,p65,"Financial intermediation services, except insurance and pension funding services (65)",1.0
522110,Commercial Banking,p65,"Financial intermediation services, except insurance and pension funding services (65)",1.0
52212,Savings Institutions,p65,"Financial intermediation services, except insurance and pension funding services (65)",1.0
522120,Savings Institutions,p65,"Financial intermediation services, except insurance and pension funding services (65)",1.0
52213,Credit Unions,p65,"Financial intermediation services, except insurance and pension funding services (65)",1.0
522130,Credit Unions,p65,"Financial intermediation services, except insurance and pension funding services (65)",1.0
52219,Other Depository Credit Intermediation,p65,"Financial intermediation services, except insurance and pension funding services (65)",1.0
522190,Other Depository Credit Intermediation,p65,"Financial intermediation services, except insurance and pension funding services (65)",1.0
5222,Nondepository Credit Intermediation,p65,"Financial intermediation services, except insurance and pension funding services (65)",1.0
52221,Credit Card Issuing,p65,"Financial intermediation services, except insurance and pension funding services (65)",1.0
522210,Credit Card Issuing,p65,"Financial intermediation services, except insurance and pension funding services (65)",1.0
52222,Sales Financing,p65,"Financial intermediation services, except insurance and pension funding services (65)",1.0
522220,Sales Financing,p65,"Financial intermediation services, except insurance and pension funding services (65)",1.0
52229,Other Nondepository Credit Intermediation,p65,"Financial intermediation services, except insurance and pension funding services (65)",1.0
522291,Consumer Lending,p65,"Financial intermediation services, except insurance and pension funding services (65)",1.0
522292,Real Estate Credit,p65,"Financial intermediation services, except insurance and pension funding services (65)",1.0
522293,International Trade Financing,p65,"Financial intermediation services, except insurance and pension funding services (65)",1.0
522294,Secondary Market Financing,p65,"Financial intermediation services, except insurance and pension funding services (65)",1.0
522298,All Other Nondepository Credit Intermediation,p65,"Financial intermediation services, except insurance and pension funding services (65)",1.0
5223,Activities Related to Credit Intermediation,p65,"Financial intermediation services, except insurance and pension funding services (65)",1.0
5223,Activities Related to Credit Intermediation,p67,Services auxiliary to financial intermediation (67),1.0
52231,Mortgage and Nonmortgage Loan Brokers,p67,Services auxiliary to financial intermediation (67),1.0
522310,Mortgage and Nonmortgage Loan Brokers,p67,Services auxiliary to financial intermediation (67),1.0
52232,"Financial Transactions Processing, Reserve, and Clearinghouse Activities",p67,Services auxiliary to financial intermediation (67),1.0
522320,"Financial Transactions Processing, Reserve, and Clearinghouse Activities",p67,Services auxiliary to financial intermediation (67),1.0
52239,Other Activities Related to Credit Intermediation,p65,"Financial intermediation services, except insurance and pension funding services (65)",1.0
522390,Other Activities Related to Credit Intermediation,p65,"Financial intermediation services, except insurance and pension funding services (65)",1.0
523,"Securities, Commodity Contracts, and Other Financial Investments and Related ActivitiesT",p65,"Financial intermediation services, except insurance and pension funding services (65)",1.0
523,"Securities, Commodity Contracts, and Other Financial Investments and Related ActivitiesT",p67,Services auxiliary to financial intermediation (67),1.0
523,"Securities, Commodity Contracts, and Other Financial Investments and Related ActivitiesT",p70,Real estate services (70),1.0
5231,Securities and Commodity Contracts Intermediation and BrokerageT,p65,"Financial intermediation services, except insurance and pension funding services (65)",1.0
5231,Securities and Commodity Contracts Intermediation and BrokerageT,p67,Services auxiliary to financial intermediation (67),1.0
52311,Investment Banking and Securities Dealing,p65,"Financial intermediation services, except insurance and pension funding services (65)",1.0
523110,Investment Banking and Securities Dealing,p65,"Financial intermediation services, except insurance and pension funding services (65)",1.0
52312,Securities Brokerage,p67,Services auxiliary to financial intermediation (67),1.0
523120,Securities Brokerage,p67,Services auxiliary to financial intermediation (67),1.0
52313,Commodity Contracts Dealing,p65,"Financial intermediation services, except insurance and pension funding services (65)",1.0
52313,Commodity Contracts Dealing,p67,Services auxiliary to financial intermediation (67),1.0
523130,Commodity Contracts Dealing,p65,"Financial intermediation services, except insurance and pension funding services (65)",1.0
523130,Commodity Contracts Dealing,p67,Services auxiliary to financial intermediation (67),1.0
52314,Commodity Contracts Brokerage,p67,Services auxiliary to financial intermediation (67),1.0
523140,Commodity Contracts Brokerage,p67,Services auxiliary to financial intermediation (67),1.0
5232,Securities and Commodity ExchangesT,p67,Services auxiliary to financial intermediation (67),1.0
52321,Securities and Commodity ExchangesT,p67,Services auxiliary to financial intermediation (67),1.0
523210,Securities and Commodity Exchanges,p67,Services auxiliary to financial intermediation (67),1.0
5239,Other Financial Investment ActivitiesT,p65,"Financial intermediation services, except insurance and pension funding services (65)",1.0
5239,Other Financial Investment ActivitiesT,p67,Services auxiliary to financial intermediation (67),1.0
5239,Other Financial Investment ActivitiesT,p70,Real estate services (70),1.0
52391,Miscellaneous Intermediation,p65,"Financial intermediation services, except insurance and pension funding services (65)",1.0
52391,Miscellaneous Intermediation,p70,Real estate services (70),1.0
523910,Miscellaneous Intermediation,p65,"Financial intermediation services, except insurance and pension funding services (65)",1.0
523910,Miscellaneous Intermediation,p70,Real estate services (70),1.0
52392,Portfolio Management,p67,Services auxiliary to financial intermediation (67),1.0
523920,Portfolio Management,p67,Services auxiliary to financial intermediation (67),1.0
52393,Investment Advice,p67,Services auxiliary to financial intermediation (67),1.0
523930,Investment Advice,p67,Services auxiliary to financial intermediation (67),1.0
52399,All Other Financial Investment Activities,p67,Services auxiliary to financial intermediation (67),1.0
523991,"Trust, Fiduciary, and Custody Activities",p67,Services auxiliary to financial intermediation (67),1.0
523999,Miscellaneous Financial Investment Activities,p67,Services auxiliary to financial intermediation (67),1.0
524,Insurance Carriers and Related ActivitiesT,p66,"Insurance and pension funding services, except compulsory social security services (66)",1.0
524,Insurance Carriers and Related ActivitiesT,p67,Services auxiliary to financial intermediation (67),1.0
5241,Insurance CarriersT,p66,"Insurance and pension funding services, except compulsory social security services (66)",1.0
52411,"Direct Life, Health, and Medical Insurance Carriers",p66,"Insurance and pension funding services, except compulsory social security services (66)",1.0
524113,Direct Life Insurance Carriers,p66,"Insurance and pension funding services, except compulsory social security services (66)",1.0
524114,Direct Health and Medical Insurance Carriers,p66,"Insurance and pension funding services, except compulsory social security services (66)",1.0
52412,"Direct Insurance (except Life, Health, and Medical) Carriers",p66,"Insurance and pension funding services, except compulsory social security services (66)",1.0
524126,Direct Property and Casualty Insurance Carriers,p66,"Insurance and pension funding services, except compulsory social security services (66)",1.0
524127,Direct Title Insurance Carriers,p66,"Insurance and pension funding services, except compulsory social security services (66)",1.0
524128,"Other Direct Insurance (except Life, Health, and Medical) Carriers",p66,"Insurance and pension funding services, except compulsory social security services (66)",1.0
52413,Reinsurance Carriers,p66,"Insurance and pension funding services, except compulsory social security services (66)",1.0
524130,Reinsurance Carriers,p66,"Insurance and pension funding services, except compulsory social security services (66)",1.0
5242,"Agencies, Brokerages, and Other Insurance Related ActivitiesT",p67,Services auxiliary to financial intermediation (67),1.0
52421,Insurance Agencies and Brokerages,p67,Services auxiliary to financial intermediation (67),1.0
524210,Insurance Agencies and Brokerages,p67,Services auxiliary to financial intermediation (67),1.0
52429,Other Insurance Related Activities,p67,Services auxiliary to financial intermediation (67),1.0
524291,Claims Adjusting,p67,Services auxiliary to financial intermediation (67),1.0
524292,Third Party Administration of Insurance and Pension Funds,p67,Services auxiliary to financial intermediation (67),1.0
524298,All Other Insurance Related Activities,p67,Services auxiliary to financial intermediation (67),1.0
525,"Funds, Trusts, and Other Financial Vehicles",p65,"Financial intermediation services, except insurance and pension funding services (65)",1.0
525,"Funds, Trusts, and Other Financial Vehicles",p66,"Insurance and pension funding services, except compulsory social security services (66)",1.0
5251,Insurance and Employee Benefit Funds,p65,"Financial intermediation services, except insurance and pension funding services (65)",1.0
5251,Insurance and Employee Benefit Funds,p66,"Insurance and pension funding services, except compulsory social security services (66)",1.0
52511,Pension Funds,p66,"Insurance and pension funding services, except compulsory social security services (66)",1.0
525110,Pension Funds,p66,"Insurance and pension funding services, except compulsory social security services (66)",1.0
52512,Health and Welfare Funds,p65,"Financial intermediation services, except insurance and pension funding services (65)",1.0
525120,Health and Welfare Funds,p65,"Financial intermediation services, except insurance and pension funding services (65)",1.0
52519,Other Insurance Funds,p65,"Financial intermediation services, except insurance and pension funding services (65)",1.0
525190,Other Insurance Funds,p65,"Financial intermediation services, except insurance and pension funding services (65)",1.0
5259,Other Investment Pools and Funds,p65,"Financial intermediation services, except insurance and pension funding services (65)",1.0
52591,Open-End Investment Funds,p65,"Financial intermediation services, except insurance and pension funding services (65)",1.0
525910,Open-End Investment Funds,p65,"Financial intermediation services, except insurance and pension funding services (65)",1.0
52592,"Trusts, Estates, and Agency Accounts",p65,"Financial intermediation services, except insurance and pension funding services (65)",1.0
525920,"Trusts, Estates, and Agency Accounts",p65,"Financial intermediation services, except insurance and pension funding services (65)",1.0
52599,Other Financial Vehicles,p65,"Financial intermediation services, except insurance and pension funding services (65)",1.0
525990,Other Financial Vehicles,p65,"Financial intermediation services, except insurance and pension funding services (65)",1.0
53,Real Estate and Rental and LeasingT,p70,Real estate services (70),1.0
53,Real Estate and Rental and LeasingT,p71,Renting services of machinery and equipment without operator and of personal and household goods (71),1.0
53,Real Estate and Rental and LeasingT,p74,Other business services (74),1.0
531,Real EstateT,p70,Real estate services (70),1.0
5311,Lessors of Real EstateT,p70,Real estate services (70),1.0
53111,Lessors of Residential Buildings and Dwellings,p70,Real estate services (70),1.0
531110,Lessors of Residential Buildings and Dwellings,p70,Real estate services (70),1.0
53112,Lessors of Nonresidential Buildings (except Miniwarehouses),p70,Real estate services (70),1.0
531120,Lessors of Nonresidential Buildings (except Miniwarehouses),p70,Real estate services (70),1.0
53113,Lessors of Miniwarehouses and Self-Storage Units,p70,Real estate services (70),1.0
531130,Lessors of Miniwarehouses and Self-Storage Units,p70,Real estate services (70),1.0
53119,Lessors of Other Real Estate Property,p70,Real estate services (70),1.0
531190,Lessors of Other Real Estate Property,p70,Real estate services (70),1.0
5312,Offices of Real Estate Agents and BrokersT,p70,Real estate services (70),1.0
53121,Offices of Real Estate Agents and BrokersT,p70,Real estate services (70),1.0
531210,Offices of Real Estate Agents and Brokers,p70,Real estate services (70),1.0
5313,Activities Related to Real EstateT,p70,Real estate services (70),1.0
53131,Real Estate Property Managers,p70,Real estate services (70),1.0
531311,Residential Property Managers,p70,Real estate services (70),1.0
531312,Nonresidential Property Managers,p70,Real estate services (70),1.0
53132,Offices of Real Estate Appraisers,p70,Real estate services (70),1.0
531320,Offices of Real Estate Appraisers,p70,Real estate services (70),1.0
53139,Other Activities Related to Real Estate,p70,Real estate services (70),1.0
531390,Other Activities Related to Real Estate,p70,Real estate services (70),1.0
532,Rental and Leasing ServicesT,p71,Renting services of machinery and equipment without operator and of personal and household goods (71),1.0
5321,Automotive Equipment Rental and LeasingT,p71,Renting services of machinery and equipment without operator and of personal and household goods (71),1.0
53211,Passenger Car Rental and LeasingT,p71,Renting services of machinery and equipment without operator and of personal and household goods (71),1.0
532111,Passenger Car Rental,p71,Renting services of machinery and equipment without operator and of personal and household goods (71),1.0
532112,Passenger Car Leasing,p71,Renting services of machinery and equipment without operator and of personal and household goods (71),1.0
53212,"Truck, Utility Trailer, and RV (Recreational Vehicle) Rental and LeasingT",p71,Renting services of machinery and equipment without operator and of personal and household goods (71),1.0
532120,"Truck, Utility Trailer, and RV (Recreational Vehicle) Rental and Leasing",p71,Renting services of machinery and equipment without operator and of personal and household goods (71),1.0
5322,Consumer Goods RentalT,p71,Renting services of machinery and equipment without operator and of personal and household goods (71),1.0
53221,Consumer Electronics and Appliances RentalT,p71,Renting services of machinery and equipment without operator and of personal and household goods (71),1.0
532210,Consumer Electronics and Appliances Rental,p71,Renting services of machinery and equipment without operator and of personal and household goods (71),1.0
53228,Other Consumer Goods RentalT,p71,Renting services of machinery and equipment without operator and of personal and household goods (71),1.0
532281,Formal Wear and Costume Rental,p71,Renting services of machinery and equipment without operator and of personal and household goods (71),1.0
532282,Video Tape and Disc Rental,p71,Renting services of machinery and equipment without operator and of personal and household goods (71),1.0
532283,Home Health Equipment Rental,p71,Renting services of machinery and equipment without operator and of personal and household goods (71),1.0
532284,Recreational Goods Rental,p71,Renting services of machinery and equipment without operator and of personal and household goods (71),1.0
532289,All Other Consumer Goods Rental,p71,Renting services of machinery and equipment without operator and of personal and household goods (71),1.0
5323,General Rental CentersT,p71,Renting services of machinery and equipment without operator and of personal and household goods (71),1.0
53231,General Rental CentersT,p71,Renting services of machinery and equipment without operator and of personal and household goods (71),1.0
532310,General Rental Centers,p71,Renting services of machinery and equipment without operator and of personal and household goods (71),1.0
5324,Commercial and Industrial Machinery and Equipment Rental and LeasingT,p71,Renting services of machinery and equipment without operator and of personal and household goods (71),1.0
53241,"Construction, Transportation, Mining, and Forestry Machinery and Equipment Rental and LeasingT",p71,Renting services of machinery and equipment without operator and of personal and household goods (71),1.0
532411,"Commercial Air, Rail, and Water Transportation Equipment Rental and Leasing",p71,Renting services of machinery and equipment without operator and of personal and household goods (71),1.0
532412,"Construction, Mining, and Forestry Machinery and Equipment Rental and Leasing",p71,Renting services of machinery and equipment without operator and of personal and household goods (71),1.0
53242,Office Machinery and Equipment Rental and LeasingT,p71,Renting services of machinery and equipment without operator and of personal and household goods (71),1.0
532420,Office Machinery and Equipment Rental and Leasing,p71,Renting services of machinery and equipment without operator and of personal and household goods (71),1.0
53249,Other Commercial and Industrial Machinery and Equipment Rental and LeasingT,p71,Renting services of machinery and equipment without operator and of personal and household goods (71),1.0
532490,Other Commercial and Industrial Machinery and Equipment Rental and Leasing,p71,Renting services of machinery and equipment without operator and of personal and household goods (71),1.0
533,Lessors of Nonfinancial Intangible Assets (except Copyrighted Works)T,p74,Other business services (74),1.0
5331,Lessors of Nonfinancial Intangible Assets (except Copyrighted Works)T,p74,Other business services (74),1.0
53311,Lessors of Nonfinancial Intangible Assets (except Copyrighted Works)T,p74,Other business services (74),1.0
533110,Lessors of Nonfinancial Intangible Assets (except Copyrighted Works),p74,Other business services (74),1.0
54,"Professional, Scientific, and Technical ServicesT",p72,Computer and related services (72),1.0
54,"Professional, Scientific, and Technical ServicesT",p73,Research and development services (73),1.0
54,"Professional, Scientific, and Technical ServicesT",p74,Other business services (74),1.0
54,"Professional, Scientific, and Technical ServicesT",p85,Health and social work services (85),1.0
541,"Professional, Scientific, and Technical ServicesT",p72,Computer and related services (72),1.0
541,"Professional, Scientific, and Technical ServicesT",p73,Research and development services (73),1.0
541,"Professional, Scientific, and Technical ServicesT",p74,Other business services (74),1.0
541,"Professional, Scientific, and Technical ServicesT",p85,Health and social work services (85),1.0
5411,Legal ServicesT,p74,Other business services (74),1.0
54111,Offices of LawyersT,p74,Other business services (74),1.0
541110,Offices of Lawyers,p74,Other business services (74),1.0
54112,Offices of NotariesT,p74,Other business services (74),1.0
541120,Offices of Notaries,p74,Other business services (74),1.0
54119,Other Legal ServicesT,p74,Other business services (74),1.0
541191,Title Abstract and Settlement Offices,p74,Other business services (74),1.0
541199,All Other Legal Services,p74,Other business services (74),1.0
5412,"Accounting, Tax Preparation, Bookkeeping, and Payroll ServicesT",p74,Other business services (74),1.0
54121,"Accounting, Tax Preparation, Bookkeeping, and Payroll ServicesT",p74,Other business services (74),1.0
541211,Offices of Certified Public Accountants,p74,Other business services (74),1.0
541213,Tax Preparation Services,p74,Other business services (74),1.0
541214,Payroll Services,p74,Other business services (74),1.0
541219,Other Accounting Services,p74,Other business services (74),1.0
5413,"Architectural, Engineering, and Related ServicesT",p74,Other business services (74),1.0
54131,Architectural ServicesT,p74,Other business services (74),1.0
541310,Architectural Services,p74,Other business services (74),1.0
54132,Landscape Architectural ServicesT,p74,Other business services (74),1.0
541320,Landscape Architectural Services,p74,Other business services (74),1.0
54133,Engineering ServicesT,p74,Other business services (74),1.0
541330,Engineering Services,p74,Other business services (74),1.0
54134,Drafting ServicesT,p74,Other business services (74),1.0
541340,Drafting Services,p74,Other business services (74),1.0
54135,Building Inspection ServicesT,p74,Other business services (74),1.0
541350,Building Inspection Services,p74,Other business services (74),1.0
54136,Geophysical Surveying and Mapping ServicesT,p74,Other business services (74),1.0
541360,Geophysical Surveying and Mapping Services,p74,Other business services (74),1.0
54137,Surveying and Mapping (except Geophysical) ServicesT,p74,Other business services (74),1.0
541370,Surveying and Mapping (except Geophysical) Services,p74,Other business services (74),1.0
54138,Testing LaboratoriesT,p74,Other business services (74),1.0
541380,Testing Laboratories,p74,Other business services (74),1.0
5414,Specialized Design ServicesT,p74,Other business services (74),1.0
54141,Interior Design ServicesT,p74,Other business services (74),1.0
541410,Interior Design Services,p74,Other business services (74),1.0
54142,Industrial Design ServicesT,p74,Other business services (74),1.0
541420,Industrial Design Services,p74,Other business services (74),1.0
54143,Graphic Design ServicesT,p74,Other business services (74),1.0
541430,Graphic Design Services,p74,Other business services (74),1.0
54149,Other Specialized Design ServicesT,p74,Other business services (74),1.0
541490,Other Specialized Design Services,p74,Other business services (74),1.0
5415,Computer Systems Design and Related ServicesT,p72,Computer and related services (72),1.0
54151,Computer Systems Design and Related ServicesT,p72,Computer and related services (72),1.0
541511,Custom Computer Programming Services,p72,Computer and related services (72),1.0
541512,Computer Systems Design Services,p72,Computer and related services (72),1.0
541513,Computer Facilities Management Services,p72,Computer and related services (72),1.0
541519,Other Computer Related Services,p72,Computer and related services (72),1.0
5416,"Management, Scientific, and Technical Consulting ServicesT",p74,Other business services (74),1.0
54161,Management Consulting ServicesT,p74,Other business services (74),1.0
541611,Administrative Management and General Management Consulting Services,p74,Other business services (74),1.0
541612,Human Resources Consulting Services,p74,Other business services (74),1.0
541613,Marketing Consulting Services,p74,Other business services (74),1.0
541614,"Process, Physical Distribution, and Logistics Consulting Services",p74,Other business services (74),1.0
541618,Other Management Consulting Services,p74,Other business services (74),1.0
54162,Environmental Consulting ServicesT,p74,Other business services (74),1.0
541620,Environmental Consulting Services,p74,Other business services (74),1.0
54169,Other Scientific and Technical Consulting ServicesT,p74,Other business services (74),1.0
541690,Other Scientific and Technical Consulting Services,p74,Other business services (74),1.0
5417,Scientific Research and Development ServicesT,p73,Research and development services (73),1.0
54171,"Research and Development in the Physical, Engineering, and Life SciencesT",p73,Research and development services (73),1.0
541713,Research and Development in Nanotechnology,p73,Research and development services (73),1.0
541714,Research and Development in Biotechnology (except Nanobiotechnology),p73,Research and development services (73),1.0
541715,"Research and Development in the Physical, Engineering, and Life Sciences (except Nanotechnology and Biotechnology)",p73,Research and development services (73),1.0
54172,Research and Development in the Social Sciences and HumanitiesT,p73,Research and development services (73),1.0
541720,Research and Development in the Social Sciences and Humanities,p73,Research and development services (73),1.0
5418,"Advertising, Public Relations, and Related ServicesT",p74,Other business services (74),1.0
54181,Advertising AgenciesT,p74,Other business services (74),1.0
541810,Advertising Agencies,p74,Other business services (74),1.0
54182,Public Relations AgenciesT,p74,Other business services (74),1.0
541820,Public Relations Agencies,p74,Other business services (74),1.0
54183,Media Buying AgenciesT,p74,Other business services (74),1.0
541830,Media Buying Agencies,p74,Other business services (74),1.0
54184,Media RepresentativesT,p74,Other business services (74),1.0
541840,Media Representatives,p74,Other business services (74),1.0
54185,Outdoor AdvertisingT,p74,Other business services (74),1.0
541850,Outdoor Advertising,p74,Other business services (74),1.0
54186,Direct Mail AdvertisingT,p74,Other business services (74),1.0
541860,Direct Mail Advertising,p74,Other business services (74),1.0
54187,Advertising Material Distribution ServicesT,p74,Other business services (74),1.0
541870,Advertising Material Distribution Services,p74,Other business services (74),1.0
54189,Other Services Related to AdvertisingT,p74,Other business services (74),1.0
541890,Other Services Related to Advertising,p74,Other business services (74),1.0
5419,"Other Professional, Scientific, and Technical ServicesT",p74,Other business services (74),1.0
5419,"Other Professional, Scientific, and Technical ServicesT",p85,Health and social work services (85),1.0
54191,Marketing Research and Public Opinion PollingT,p74,Other business services (74),1.0
541910,Marketing Research and Public Opinion Polling,p74,Other business services (74),1.0
54192,Photographic ServicesT,p74,Other business services (74),1.0
541921,"Photography Studios, Portrait",p74,Other business services (74),1.0
541922,Commercial Photography,p74,Other business services (74),1.0
54193,Translation and Interpretation ServicesT,p74,Other business services (74),1.0
541930,Translation and Interpretation Services,p74,Other business services (74),1.0
54194,Veterinary ServicesT,p85,Health and social work services (85),1.0
541940,Veterinary Services,p85,Health and social work services (85),1.0
54199,"All Other Professional, Scientific, and Technical ServicesT",p74,Other business services (74),1.0
54199,"All Other Professional, Scientific, and Technical ServicesT",p85,Health and social work services (85),1.0
541990,"All Other Professional, Scientific, and Technical Services",p74,Other business services (74),1.0
541990,"All Other Professional, Scientific, and Technical Services",p85,Health and social work services (85),1.0
55,Management of Companies and EnterprisesT,p65,"Financial intermediation services, except insurance and pension funding services (65)",1.0
55,Management of Companies and EnterprisesT,p74,Other business services (74),1.0
551,Management of Companies and EnterprisesT,p65,"Financial intermediation services, except insurance and pension funding services (65)",1.0
551,Management of Companies and EnterprisesT,p74,Other business services (74),1.0
5511,Management of Companies and EnterprisesT,p65,"Financial intermediation services, except insurance and pension funding services (65)",1.0
5511,Management of Companies and EnterprisesT,p74,Other business services (74),1.0
55111,Management of Companies and EnterprisesT,p65,"Financial intermediation services, except insurance and pension funding services (65)",1.0
55111,Management of Companies and EnterprisesT,p74,Other business services (74),1.0
551111,Offices of Bank Holding Companies,p65,"Financial intermediation services, except insurance and pension funding services (65)",1.0
551111,Offices of Bank Holding Companies,p74,Other business services (74),1.0
551112,Offices of Other Holding Companies,p65,"Financial intermediation services, except insurance and pension funding services (65)",1.0
551112,Offices of Other Holding Companies,p74,Other business services (74),1.0
551114,"Corporate, Subsidiary, and Regional Managing Offices",p74,Other business services (74),1.0
56,Administrative and Support and Waste Management and Remediation ServicesT,p37,Secondary raw materials,1.0
56,Administrative and Support and Waste Management and Remediation ServicesT,p37.w.1,"Bottles for treatment, Recycling of bottles by direct reuse",1.0
56,Administrative and Support and Waste Management and Remediation ServicesT,p63,Supporting and auxiliary transport services; travel agency services (63),1.0
56,Administrative and Support and Waste Management and Remediation ServicesT,p74,Other business services (74),1.0
56,Administrative and Support and Waste Management and Remediation ServicesT,p90.1.a,Food waste for treatment: incineration,1.0
56,Administrative and Support and Waste Management and Remediation ServicesT,p90.1.b,Paper waste for treatment: incineration,1.0
56,Administrative and Support and Waste Management and Remediation ServicesT,p90.1.c,Plastic waste for treatment: incineration,1.0
56,Administrative and Support and Waste Management and Remediation ServicesT,p90.1.d,Intert/metal waste for treatment: incineration,1.0
56,Administrative and Support and Waste Management and Remediation ServicesT,p90.1.e,Textiles waste for treatment: incineration,1.0
56,Administrative and Support and Waste Management and Remediation ServicesT,p90.1.f,Wood waste for treatment: incineration,1.0
56,Administrative and Support and Waste Management and Remediation ServicesT,p90.1.g,Oil/hazardous waste for treatment: incineration,1.0
56,Administrative and Support and Waste Management and Remediation ServicesT,p90.2.a,Food waste for treatment: biogasification and land application,1.0
56,Administrative and Support and Waste Management and Remediation ServicesT,p90.2.b,Paper waste for treatment: biogasification and land application,1.0
56,Administrative and Support and Waste Management and Remediation ServicesT,p90.2.c,Sewage sludge for treatment: biogasification and land application,1.0
56,Administrative and Support and Waste Management and Remediation ServicesT,p90.3.a,Food waste for treatment: composting and land application,1.0
56,Administrative and Support and Waste Management and Remediation ServicesT,p90.3.b,Paper and wood waste for treatment: composting and land application,1.0
56,Administrative and Support and Waste Management and Remediation ServicesT,p90.4.a,Food waste for treatment: waste water treatment,1.0
56,Administrative and Support and Waste Management and Remediation ServicesT,p90.4.b,Other waste for treatment: waste water treatment,1.0
56,Administrative and Support and Waste Management and Remediation ServicesT,p90.5.a,Food waste for treatment: landfill,1.0
56,Administrative and Support and Waste Management and Remediation ServicesT,p90.5.b,Paper for treatment: landfill,1.0
56,Administrative and Support and Waste Management and Remediation ServicesT,p90.5.c,Plastic waste for treatment: landfill,1.0
56,Administrative and Support and Waste Management and Remediation ServicesT,p90.5.d,Inert/metal/hazardous waste for treatment: landfill,1.0
56,Administrative and Support and Waste Management and Remediation ServicesT,p90.5.e,Textiles waste for treatment: landfill,1.0
56,Administrative and Support and Waste Management and Remediation ServicesT,p90.5.f,Wood waste for treatment: landfill,1.0
56,Administrative and Support and Waste Management and Remediation ServicesT,p92,"Recreational, cultural and sporting services (92)",1.0
56,Administrative and Support and Waste Management and Remediation ServicesT,p93,Other services (93),1.0
561,Administrative and Support ServicesT,p63,Supporting and auxiliary transport services; travel agency services (63),1.0
561,Administrative and Support ServicesT,p74,Other business services (74),1.0
561,Administrative and Support ServicesT,p92,"Recreational, cultural and sporting services (92)",1.0
561,Administrative and Support ServicesT,p93,Other services (93),1.0
5611,Office Administrative ServicesT,p74,Other business services (74),1.0
56111,Office Administrative ServicesT,p74,Other business services (74),1.0
561110,Office Administrative Services,p74,Other business services (74),1.0
5612,Facilities Support ServicesT,p74,Other business services (74),1.0
56121,Facilities Support ServicesT,p74,Other business services (74),1.0
561210,Facilities Support Services,p74,Other business services (74),1.0
5613,Employment ServicesT,p74,Other business services (74),1.0
56131,Employment Placement Agencies and Executive Search ServicesT,p74,Other business services (74),1.0
561311,Employment Placement Agencies,p74,Other business services (74),1.0
561312,Executive Search Services,p74,Other business services (74),1.0
56132,Temporary Help ServicesT,p74,Other business services (74),1.0
561320,Temporary Help Services,p74,Other business services (74),1.0
56133,Professional Employer OrganizationsT,p74,Other business services (74),1.0
561330,Professional Employer Organizations,p74,Other business services (74),1.0
5614,Business Support ServicesT,p74,Other business services (74),1.0
56141,Document Preparation ServicesT,p74,Other business services (74),1.0
561410,Document Preparation Services,p74,Other business services (74),1.0
56142,Telephone Call CentersT,p74,Other business services (74),1.0
561421,Telephone Answering Services,p74,Other business services (74),1.0
561422,Telemarketing Bureaus and Other Contact Centers,p74,Other business services (74),1.0
56143,Business Service CentersT,p74,Other business services (74),1.0
561431,Private Mail Centers,p74,Other business services (74),1.0
561439,Other Business Service Centers (including Copy Shops),p74,Other business services (74),1.0
56144,Collection AgenciesT,p74,Other business services (74),1.0
561440,Collection Agencies,p74,Other business services (74),1.0
56145,Credit BureausT,p74,Other business services (74),1.0
561450,Credit Bureaus,p74,Other business services (74),1.0
56149,Other Business Support ServicesT,p74,Other business services (74),1.0
561491,Repossession Services,p74,Other business services (74),1.0
561492,Court Reporting and Stenotype Services,p74,Other business services (74),1.0
561499,All Other Business Support Services,p74,Other business services (74),1.0
5615,Travel Arrangement and Reservation ServicesT,p63,Supporting and auxiliary transport services; travel agency services (63),1.0
5615,Travel Arrangement and Reservation ServicesT,p92,"Recreational, cultural and sporting services (92)",1.0
56151,Travel AgenciesT,p63,Supporting and auxiliary transport services; travel agency services (63),1.0
561510,Travel Agencies,p63,Supporting and auxiliary transport services; travel agency services (63),1.0
56152,Tour OperatorsT,p63,Supporting and auxiliary transport services; travel agency services (63),1.0
561520,Tour Operators,p63,Supporting and auxiliary transport services; travel agency services (63),1.0
56159,Other Travel Arrangement and Reservation ServicesT,p63,Supporting and auxiliary transport services; travel agency services (63),1.0
56159,Other Travel Arrangement and Reservation ServicesT,p92,"Recreational, cultural and sporting services (92)",1.0
561591,Convention and Visitors Bureaus,p63,Supporting and auxiliary transport services; travel agency services (63),1.0
561591,Convention and Visitors Bureaus,p92,"Recreational, cultural and sporting services (92)",1.0
561599,All Other Travel Arrangement and Reservation Services,p63,Supporting and auxiliary transport services; travel agency services (63),1.0
561599,All Other Travel Arrangement and Reservation Services,p92,"Recreational, cultural and sporting services (92)",1.0
5616,Investigation and Security ServicesT,p74,Other business services (74),1.0
56161,"Investigation, Guard, and Armored Car ServicesT",p74,Other business services (74),1.0
561611,Investigation Services,p74,Other business services (74),1.0
561612,Security Guards and Patrol Services,p74,Other business services (74),1.0
561613,Armored Car Services,p74,Other business services (74),1.0
56162,Security Systems ServicesT,p74,Other business services (74),1.0
561621,Security Systems Services (except Locksmiths),p74,Other business services (74),1.0
561622,Locksmiths,p74,Other business services (74),1.0
5617,Services to Buildings and DwellingsT,p74,Other business services (74),1.0
5617,Services to Buildings and DwellingsT,p93,Other services (93),1.0
56171,Exterminating and Pest Control ServicesT,p74,Other business services (74),1.0
561710,Exterminating and Pest Control Services,p74,Other business services (74),1.0
56172,Janitorial ServicesT,p74,Other business services (74),1.0
561720,Janitorial Services,p74,Other business services (74),1.0
56173,Landscaping ServicesT,p74,Other business services (74),1.0
561730,Landscaping Services,p74,Other business services (74),1.0
56174,Carpet and Upholstery Cleaning ServicesT,p93,Other services (93),1.0
561740,Carpet and Upholstery Cleaning Services,p93,Other services (93),1.0
56179,Other Services to Buildings and DwellingsT,p74,Other business services (74),1.0
561790,Other Services to Buildings and Dwellings,p74,Other business services (74),1.0
5619,Other Support ServicesT,p74,Other business services (74),1.0
56191,Packaging and Labeling ServicesT,p74,Other business services (74),1.0
561910,Packaging and Labeling Services,p74,Other business services (74),1.0
56192,Convention and Trade Show OrganizersT,p74,Other business services (74),1.0
561920,Convention and Trade Show Organizers,p74,Other business services (74),1.0
56199,All Other Support ServicesT,p74,Other business services (74),1.0
561990,All Other Support Services,p74,Other business services (74),1.0
562,Waste Management and Remediation ServicesT,p37,Secondary raw materials,1.0
562,Waste Management and Remediation ServicesT,p37.w.1,"Bottles for treatment, Recycling of bottles by direct reuse",1.0
562,Waste Management and Remediation ServicesT,p90.1.a,Food waste for treatment: incineration,1.0
562,Waste Management and Remediation ServicesT,p90.1.b,Paper waste for treatment: incineration,1.0
562,Waste Management and Remediation ServicesT,p90.1.c,Plastic waste for treatment: incineration,1.0
562,Waste Management and Remediation ServicesT,p90.1.d,Intert/metal waste for treatment: incineration,1.0
562,Waste Management and Remediation ServicesT,p90.1.e,Textiles waste for treatment: incineration,1.0
562,Waste Management and Remediation ServicesT,p90.1.f,Wood waste for treatment: incineration,1.0
562,Waste Management and Remediation ServicesT,p90.1.g,Oil/hazardous waste for treatment: incineration,1.0
562,Waste Management and Remediation ServicesT,p90.2.a,Food waste for treatment: biogasification and land application,1.0
562,Waste Management and Remediation ServicesT,p90.2.b,Paper waste for treatment: biogasification and land application,1.0
562,Waste Management and Remediation ServicesT,p90.2.c,Sewage sludge for treatment: biogasification and land application,1.0
562,Waste Management and Remediation ServicesT,p90.3.a,Food waste for treatment: composting and land application,1.0
562,Waste Management and Remediation ServicesT,p90.3.b,Paper and wood waste for treatment: composting and land application,1.0
562,Waste Management and Remediation ServicesT,p90.4.a,Food waste for treatment: waste water treatment,1.0
562,Waste Management and Remediation ServicesT,p90.4.b,Other waste for treatment: waste water treatment,1.0
562,Waste Management and Remediation ServicesT,p90.5.a,Food waste for treatment: landfill,1.0
562,Waste Management and Remediation ServicesT,p90.5.b,Paper for treatment: landfill,1.0
562,Waste Management and Remediation ServicesT,p90.5.c,Plastic waste for treatment: landfill,1.0
562,Waste Management and Remediation ServicesT,p90.5.d,Inert/metal/hazardous waste for treatment: landfill,1.0
562,Waste Management and Remediation ServicesT,p90.5.e,Textiles waste for treatment: landfill,1.0
562,Waste Management and Remediation ServicesT,p90.5.f,Wood waste for treatment: landfill,1.0
5621,Waste Collection,p90.1.a,Food waste for treatment: incineration,1.0
5621,Waste Collection,p90.1.b,Paper waste for treatment: incineration,1.0
5621,Waste Collection,p90.1.c,Plastic waste for treatment: incineration,1.0
5621,Waste Collection,p90.1.d,Intert/metal waste for treatment: incineration,1.0
5621,Waste Collection,p90.1.e,Textiles waste for treatment: incineration,1.0
5621,Waste Collection,p90.1.f,Wood waste for treatment: incineration,1.0
5621,Waste Collection,p90.1.g,Oil/hazardous waste for treatment: incineration,1.0
5621,Waste Collection,p90.2.a,Food waste for treatment: biogasification and land application,1.0
5621,Waste Collection,p90.2.b,Paper waste for treatment: biogasification and land application,1.0
5621,Waste Collection,p90.2.c,Sewage sludge for treatment: biogasification and land application,1.0
5621,Waste Collection,p90.3.a,Food waste for treatment: composting and land application,1.0
5621,Waste Collection,p90.3.b,Paper and wood waste for treatment: composting and land application,1.0
5621,Waste Collection,p90.5.a,Food waste for treatment: landfill,1.0
5621,Waste Collection,p90.5.b,Paper for treatment: landfill,1.0
5621,Waste Collection,p90.5.c,Plastic waste for treatment: landfill,1.0
5621,Waste Collection,p90.5.d,Inert/metal/hazardous waste for treatment: landfill,1.0
5621,Waste Collection,p90.5.e,Textiles waste for treatment: landfill,1.0
5621,Waste Collection,p90.5.f,Wood waste for treatment: landfill,1.0
56211,Waste Collection,p90.1.a,Food waste for treatment: incineration,1.0
56211,Waste Collection,p90.1.b,Paper waste for treatment: incineration,1.0
56211,Waste Collection,p90.1.c,Plastic waste for treatment: incineration,1.0
56211,Waste Collection,p90.1.d,Intert/metal waste for treatment: incineration,1.0
56211,Waste Collection,p90.1.e,Textiles waste for treatment: incineration,1.0
56211,Waste Collection,p90.1.f,Wood waste for treatment: incineration,1.0
56211,Waste Collection,p90.1.g,Oil/hazardous waste for treatment: incineration,1.0
56211,Waste Collection,p90.2.a,Food waste for treatment: biogasification and land application,1.0
56211,Waste Collection,p90.2.b,Paper waste for treatment: biogasification and land application,1.0
56211,Waste Collection,p90.2.c,Sewage sludge for treatment: biogasification and land application,1.0
56211,Waste Collection,p90.3.a,Food waste for treatment: composting and land application,1.0
56211,Waste Collection,p90.3.b,Paper and wood waste for treatment: composting and land application,1.0
56211,Waste Collection,p90.5.a,Food waste for treatment: landfill,1.0
56211,Waste Collection,p90.5.b,Paper for treatment: landfill,1.0
56211,Waste Collection,p90.5.c,Plastic waste for treatment: landfill,1.0
56211,Waste Collection,p90.5.d,Inert/metal/hazardous waste for treatment: landfill,1.0
56211,Waste Collection,p90.5.e,Textiles waste for treatment: landfill,1.0
56211,Waste Collection,p90.5.f,Wood waste for treatment: landfill,1.0
562111,Solid Waste Collection,p90.1.a,Food waste for treatment: incineration,1.0
562111,Solid Waste Collection,p90.1.b,Paper waste for treatment: incineration,1.0
562111,Solid Waste Collection,p90.1.c,Plastic waste for treatment: incineration,1.0
562111,Solid Waste Collection,p90.1.d,Intert/metal waste for treatment: incineration,1.0
562111,Solid Waste Collection,p90.1.e,Textiles waste for treatment: incineration,1.0
562111,Solid Waste Collection,p90.1.f,Wood waste for treatment: incineration,1.0
562111,Solid Waste Collection,p90.2.a,Food waste for treatment: biogasification and land application,1.0
562111,Solid Waste Collection,p90.2.b,Paper waste for treatment: biogasification and land application,1.0
562111,Solid Waste Collection,p90.2.c,Sewage sludge for treatment: biogasification and land application,1.0
562111,Solid Waste Collection,p90.3.a,Food waste for treatment: composting and land application,1.0
562111,Solid Waste Collection,p90.3.b,Paper and wood waste for treatment: composting and land application,1.0
562111,Solid Waste Collection,p90.5.a,Food waste for treatment: landfill,1.0
562111,Solid Waste Collection,p90.5.b,Paper for treatment: landfill,1.0
562111,Solid Waste Collection,p90.5.c,Plastic waste for treatment: landfill,1.0
562111,Solid Waste Collection,p90.5.d,Inert/metal/hazardous waste for treatment: landfill,1.0
562111,Solid Waste Collection,p90.5.e,Textiles waste for treatment: landfill,1.0
562111,Solid Waste Collection,p90.5.f,Wood waste for treatment: landfill,1.0
562112,Hazardous Waste Collection,p90.1.g,Oil/hazardous waste for treatment: incineration,1.0
562119,Other Waste Collection,p90.1.a,Food waste for treatment: incineration,1.0
562119,Other Waste Collection,p90.1.b,Paper waste for treatment: incineration,1.0
562119,Other Waste Collection,p90.1.c,Plastic waste for treatment: incineration,1.0
562119,Other Waste Collection,p90.1.d,Intert/metal waste for treatment: incineration,1.0
562119,Other Waste Collection,p90.1.e,Textiles waste for treatment: incineration,1.0
562119,Other Waste Collection,p90.1.f,Wood waste for treatment: incineration,1.0
562119,Other Waste Collection,p90.2.a,Food waste for treatment: biogasification and land application,1.0
562119,Other Waste Collection,p90.2.b,Paper waste for treatment: biogasification and land application,1.0
562119,Other Waste Collection,p90.2.c,Sewage sludge for treatment: biogasification and land application,1.0
562119,Other Waste Collection,p90.3.a,Food waste for treatment: composting and land application,1.0
562119,Other Waste Collection,p90.3.b,Paper and wood waste for treatment: composting and land application,1.0
562119,Other Waste Collection,p90.5.a,Food waste for treatment: landfill,1.0
562119,Other Waste Collection,p90.5.b,Paper for treatment: landfill,1.0
562119,Other Waste Collection,p90.5.c,Plastic waste for treatment: landfill,1.0
562119,Other Waste Collection,p90.5.d,Inert/metal/hazardous waste for treatment: landfill,1.0
562119,Other Waste Collection,p90.5.e,Textiles waste for treatment: landfill,1.0
5622,Waste Treatment and Disposal,p90.1.a,Food waste for treatment: incineration,1.0
5622,Waste Treatment and Disposal,p90.1.b,Paper waste for treatment: incineration,1.0
5622,Waste Treatment and Disposal,p90.1.c,Plastic waste for treatment: incineration,1.0
5622,Waste Treatment and Disposal,p90.1.d,Intert/metal waste for treatment: incineration,1.0
5622,Waste Treatment and Disposal,p90.1.e,Textiles waste for treatment: incineration,1.0
5622,Waste Treatment and Disposal,p90.1.f,Wood waste for treatment: incineration,1.0
5622,Waste Treatment and Disposal,p90.2.a,Food waste for treatment: biogasification and land application,1.0
5622,Waste Treatment and Disposal,p90.2.b,Paper waste for treatment: biogasification and land application,1.0
5622,Waste Treatment and Disposal,p90.2.c,Sewage sludge for treatment: biogasification and land application,1.0
5622,Waste Treatment and Disposal,p90.3.a,Food waste for treatment: composting and land application,1.0
5622,Waste Treatment and Disposal,p90.3.b,Paper and wood waste for treatment: composting and land application,1.0
5622,Waste Treatment and Disposal,p90.4.a,Food waste for treatment: waste water treatment,1.0
5622,Waste Treatment and Disposal,p90.4.b,Other waste for treatment: waste water treatment,1.0
5622,Waste Treatment and Disposal,p90.5.a,Food waste for treatment: landfill,1.0
5622,Waste Treatment and Disposal,p90.5.b,Paper for treatment: landfill,1.0
5622,Waste Treatment and Disposal,p90.5.c,Plastic waste for treatment: landfill,1.0
5622,Waste Treatment and Disposal,p90.5.d,Inert/metal/hazardous waste for treatment: landfill,1.0
5622,Waste Treatment and Disposal,p90.5.e,Textiles waste for treatment: landfill,1.0
5622,Waste Treatment and Disposal,p90.5.f,Wood waste for treatment: landfill,1.0
56221,Waste Treatment and Disposal,p90.1.a,Food waste for treatment: incineration,1.0
56221,Waste Treatment and Disposal,p90.1.b,Paper waste for treatment: incineration,1.0
56221,Waste Treatment and Disposal,p90.1.c,Plastic waste for treatment: incineration,1.0
56221,Waste Treatment and Disposal,p90.1.d,Intert/metal waste for treatment: incineration,1.0
56221,Waste Treatment and Disposal,p90.1.e,Textiles waste for treatment: incineration,1.0
56221,Waste Treatment and Disposal,p90.1.f,Wood waste for treatment: incineration,1.0
56221,Waste Treatment and Disposal,p90.2.a,Food waste for treatment: biogasification and land application,1.0
56221,Waste Treatment and Disposal,p90.2.b,Paper waste for treatment: biogasification and land application,1.0
56221,Waste Treatment and Disposal,p90.2.c,Sewage sludge for treatment: biogasification and land application,1.0
56221,Waste Treatment and Disposal,p90.3.a,Food waste for treatment: composting and land application,1.0
56221,Waste Treatment and Disposal,p90.3.b,Paper and wood waste for treatment: composting and land application,1.0
56221,Waste Treatment and Disposal,p90.4.a,Food waste for treatment: waste water treatment,1.0
56221,Waste Treatment and Disposal,p90.4.b,Other waste for treatment: waste water treatment,1.0
56221,Waste Treatment and Disposal,p90.5.a,Food waste for treatment: landfill,1.0
56221,Waste Treatment and Disposal,p90.5.b,Paper for treatment: landfill,1.0
56221,Waste Treatment and Disposal,p90.5.c,Plastic waste for treatment: landfill,1.0
56221,Waste Treatment and Disposal,p90.5.d,Inert/metal/hazardous waste for treatment: landfill,1.0
56221,Waste Treatment and Disposal,p90.5.e,Textiles waste for treatment: landfill,1.0
56221,Waste Treatment and Disposal,p90.5.f,Wood waste for treatment: landfill,1.0
562211,Hazardous Waste Treatment and Disposal,p90.1.a,Food waste for treatment: incineration,1.0
562211,Hazardous Waste Treatment and Disposal,p90.1.b,Paper waste for treatment: incineration,1.0
562211,Hazardous Waste Treatment and Disposal,p90.1.c,Plastic waste for treatment: incineration,1.0
562211,Hazardous Waste Treatment and Disposal,p90.1.d,Intert/metal waste for treatment: incineration,1.0
562211,Hazardous Waste Treatment and Disposal,p90.1.e,Textiles waste for treatment: incineration,1.0
562211,Hazardous Waste Treatment and Disposal,p90.1.f,Wood waste for treatment: incineration,1.0
562211,Hazardous Waste Treatment and Disposal,p90.2.a,Food waste for treatment: biogasification and land application,1.0
562211,Hazardous Waste Treatment and Disposal,p90.2.b,Paper waste for treatment: biogasification and land application,1.0
562211,Hazardous Waste Treatment and Disposal,p90.2.c,Sewage sludge for treatment: biogasification and land application,1.0
562211,Hazardous Waste Treatment and Disposal,p90.3.a,Food waste for treatment: composting and land application,1.0
562211,Hazardous Waste Treatment and Disposal,p90.3.b,Paper and wood waste for treatment: composting and land application,1.0
562211,Hazardous Waste Treatment and Disposal,p90.5.a,Food waste for treatment: landfill,1.0
562211,Hazardous Waste Treatment and Disposal,p90.5.b,Paper for treatment: landfill,1.0
562211,Hazardous Waste Treatment and Disposal,p90.5.c,Plastic waste for treatment: landfill,1.0
562211,Hazardous Waste Treatment and Disposal,p90.5.d,Inert/metal/hazardous waste for treatment: landfill,1.0
562211,Hazardous Waste Treatment and Disposal,p90.5.e,Textiles waste for treatment: landfill,1.0
562211,Hazardous Waste Treatment and Disposal,p90.5.f,Wood waste for treatment: landfill,1.0
562212,Solid Waste Landfill,p90.1.a,Food waste for treatment: incineration,1.0
562212,Solid Waste Landfill,p90.1.b,Paper waste for treatment: incineration,1.0
562212,Solid Waste Landfill,p90.1.c,Plastic waste for treatment: incineration,1.0
562212,Solid Waste Landfill,p90.1.d,Intert/metal waste for treatment: incineration,1.0
562212,Solid Waste Landfill,p90.1.e,Textiles waste for treatment: incineration,1.0
562212,Solid Waste Landfill,p90.1.f,Wood waste for treatment: incineration,1.0
562212,Solid Waste Landfill,p90.2.a,Food waste for treatment: biogasification and land application,1.0
562212,Solid Waste Landfill,p90.2.b,Paper waste for treatment: biogasification and land application,1.0
562212,Solid Waste Landfill,p90.2.c,Sewage sludge for treatment: biogasification and land application,1.0
562212,Solid Waste Landfill,p90.3.a,Food waste for treatment: composting and land application,1.0
562212,Solid Waste Landfill,p90.3.b,Paper and wood waste for treatment: composting and land application,1.0
562212,Solid Waste Landfill,p90.5.a,Food waste for treatment: landfill,1.0
562212,Solid Waste Landfill,p90.5.b,Paper for treatment: landfill,1.0
562212,Solid Waste Landfill,p90.5.c,Plastic waste for treatment: landfill,1.0
562212,Solid Waste Landfill,p90.5.d,Inert/metal/hazardous waste for treatment: landfill,1.0
562212,Solid Waste Landfill,p90.5.e,Textiles waste for treatment: landfill,1.0
562212,Solid Waste Landfill,p90.5.f,Wood waste for treatment: landfill,1.0
562213,Solid Waste Combustors and Incinerators,p90.1.a,Food waste for treatment: incineration,1.0
562213,Solid Waste Combustors and Incinerators,p90.1.b,Paper waste for treatment: incineration,1.0
562213,Solid Waste Combustors and Incinerators,p90.1.c,Plastic waste for treatment: incineration,1.0
562213,Solid Waste Combustors and Incinerators,p90.1.d,Intert/metal waste for treatment: incineration,1.0
562213,Solid Waste Combustors and Incinerators,p90.1.e,Textiles waste for treatment: incineration,1.0
562213,Solid Waste Combustors and Incinerators,p90.1.f,Wood waste for treatment: incineration,1.0
562213,Solid Waste Combustors and Incinerators,p90.2.a,Food waste for treatment: biogasification and land application,1.0
562213,Solid Waste Combustors and Incinerators,p90.2.b,Paper waste for treatment: biogasification and land application,1.0
562213,Solid Waste Combustors and Incinerators,p90.2.c,Sewage sludge for treatment: biogasification and land application,1.0
562213,Solid Waste Combustors and Incinerators,p90.3.a,Food waste for treatment: composting and land application,1.0
562213,Solid Waste Combustors and Incinerators,p90.3.b,Paper and wood waste for treatment: composting and land application,1.0
562213,Solid Waste Combustors and Incinerators,p90.5.a,Food waste for treatment: landfill,1.0
562213,Solid Waste Combustors and Incinerators,p90.5.b,Paper for treatment: landfill,1.0
562213,Solid Waste Combustors and Incinerators,p90.5.c,Plastic waste for treatment: landfill,1.0
562213,Solid Waste Combustors and Incinerators,p90.5.d,Inert/metal/hazardous waste for treatment: landfill,1.0
562213,Solid Waste Combustors and Incinerators,p90.5.e,Textiles waste for treatment: landfill,1.0
562213,Solid Waste Combustors and Incinerators,p90.5.f,Wood waste for treatment: landfill,1.0
562219,Other Nonhazardous Waste Treatment and Disposal,p90.4.a,Food waste for treatment: waste water treatment,1.0
562219,Other Nonhazardous Waste Treatment and Disposal,p90.4.b,Other waste for treatment: waste water treatment,1.0
562219,Other Nonhazardous Waste Treatment and Disposal,p90.1.a,Food waste for treatment: incineration,1.0
562219,Other Nonhazardous Waste Treatment and Disposal,p90.1.b,Paper waste for treatment: incineration,1.0
562219,Other Nonhazardous Waste Treatment and Disposal,p90.1.c,Plastic waste for treatment: incineration,1.0
562219,Other Nonhazardous Waste Treatment and Disposal,p90.1.d,Intert/metal waste for treatment: incineration,1.0
562219,Other Nonhazardous Waste Treatment and Disposal,p90.1.e,Textiles waste for treatment: incineration,1.0
562219,Other Nonhazardous Waste Treatment and Disposal,p90.1.f,Wood waste for treatment: incineration,1.0
562219,Other Nonhazardous Waste Treatment and Disposal,p90.2.a,Food waste for treatment: biogasification and land application,1.0
562219,Other Nonhazardous Waste Treatment and Disposal,p90.2.b,Paper waste for treatment: biogasification and land application,1.0
562219,Other Nonhazardous Waste Treatment and Disposal,p90.2.c,Sewage sludge for treatment: biogasification and land application,1.0
562219,Other Nonhazardous Waste Treatment and Disposal,p90.3.a,Food waste for treatment: composting and land application,1.0
562219,Other Nonhazardous Waste Treatment and Disposal,p90.3.b,Paper and wood waste for treatment: composting and land application,1.0
562219,Other Nonhazardous Waste Treatment and Disposal,p90.5.a,Food waste for treatment: landfill,1.0
562219,Other Nonhazardous Waste Treatment and Disposal,p90.5.b,Paper for treatment: landfill,1.0
562219,Other Nonhazardous Waste Treatment and Disposal,p90.5.c,Plastic waste for treatment: landfill,1.0
562219,Other Nonhazardous Waste Treatment and Disposal,p90.5.d,Inert/metal/hazardous waste for treatment: landfill,1.0
562219,Other Nonhazardous Waste Treatment and Disposal,p90.5.e,Textiles waste for treatment: landfill,1.0
5629,Remediation and Other Waste Management Services,p37,Secondary raw materials,1.0
5629,Remediation and Other Waste Management Services,p37.w.1,"Bottles for treatment, Recycling of bottles by direct reuse",1.0
5629,Remediation and Other Waste Management Services,p90.1.a,Food waste for treatment: incineration,1.0
5629,Remediation and Other Waste Management Services,p90.1.b,Paper waste for treatment: incineration,1.0
5629,Remediation and Other Waste Management Services,p90.1.c,Plastic waste for treatment: incineration,1.0
5629,Remediation and Other Waste Management Services,p90.1.d,Intert/metal waste for treatment: incineration,1.0
5629,Remediation and Other Waste Management Services,p90.1.e,Textiles waste for treatment: incineration,1.0
5629,Remediation and Other Waste Management Services,p90.1.f,Wood waste for treatment: incineration,1.0
5629,Remediation and Other Waste Management Services,p90.1.g,Oil/hazardous waste for treatment: incineration,1.0
5629,Remediation and Other Waste Management Services,p90.2.a,Food waste for treatment: biogasification and land application,1.0
5629,Remediation and Other Waste Management Services,p90.2.b,Paper waste for treatment: biogasification and land application,1.0
5629,Remediation and Other Waste Management Services,p90.2.c,Sewage sludge for treatment: biogasification and land application,1.0
5629,Remediation and Other Waste Management Services,p90.3.a,Food waste for treatment: composting and land application,1.0
5629,Remediation and Other Waste Management Services,p90.3.b,Paper and wood waste for treatment: composting and land application,1.0
5629,Remediation and Other Waste Management Services,p90.4.a,Food waste for treatment: waste water treatment,1.0
5629,Remediation and Other Waste Management Services,p90.4.b,Other waste for treatment: waste water treatment,1.0
5629,Remediation and Other Waste Management Services,p90.5.a,Food waste for treatment: landfill,1.0
5629,Remediation and Other Waste Management Services,p90.5.b,Paper for treatment: landfill,1.0
5629,Remediation and Other Waste Management Services,p90.5.c,Plastic waste for treatment: landfill,1.0
5629,Remediation and Other Waste Management Services,p90.5.d,Inert/metal/hazardous waste for treatment: landfill,1.0
5629,Remediation and Other Waste Management Services,p90.5.e,Textiles waste for treatment: landfill,1.0
56291,Remediation Services,p90.1.a,Food waste for treatment: incineration,1.0
56291,Remediation Services,p90.1.b,Paper waste for treatment: incineration,1.0
56291,Remediation Services,p90.1.c,Plastic waste for treatment: incineration,1.0
56291,Remediation Services,p90.1.d,Intert/metal waste for treatment: incineration,1.0
56291,Remediation Services,p90.1.e,Textiles waste for treatment: incineration,1.0
56291,Remediation Services,p90.1.f,Wood waste for treatment: incineration,1.0
56291,Remediation Services,p90.1.g,Oil/hazardous waste for treatment: incineration,1.0
56291,Remediation Services,p90.2.a,Food waste for treatment: biogasification and land application,1.0
56291,Remediation Services,p90.2.b,Paper waste for treatment: biogasification and land application,1.0
56291,Remediation Services,p90.2.c,Sewage sludge for treatment: biogasification and land application,1.0
56291,Remediation Services,p90.3.a,Food waste for treatment: composting and land application,1.0
56291,Remediation Services,p90.3.b,Paper and wood waste for treatment: composting and land application,1.0
56291,Remediation Services,p90.5.a,Food waste for treatment: landfill,1.0
56291,Remediation Services,p90.5.b,Paper for treatment: landfill,1.0
56291,Remediation Services,p90.5.c,Plastic waste for treatment: landfill,1.0
56291,Remediation Services,p90.5.d,Inert/metal/hazardous waste for treatment: landfill,1.0
56291,Remediation Services,p90.5.e,Textiles waste for treatment: landfill,1.0
562910,Remediation Services,p90.1.a,Food waste for treatment: incineration,1.0
562910,Remediation Services,p90.1.b,Paper waste for treatment: incineration,1.0
562910,Remediation Services,p90.1.c,Plastic waste for treatment: incineration,1.0
562910,Remediation Services,p90.1.d,Intert/metal waste for treatment: incineration,1.0
562910,Remediation Services,p90.1.e,Textiles waste for treatment: incineration,1.0
562910,Remediation Services,p90.1.f,Wood waste for treatment: incineration,1.0
562910,Remediation Services,p90.1.g,Oil/hazardous waste for treatment: incineration,1.0
562910,Remediation Services,p90.2.a,Food waste for treatment: biogasification and land application,1.0
562910,Remediation Services,p90.2.b,Paper waste for treatment: biogasification and land application,1.0
562910,Remediation Services,p90.2.c,Sewage sludge for treatment: biogasification and land application,1.0
562910,Remediation Services,p90.3.a,Food waste for treatment: composting and land application,1.0
562910,Remediation Services,p90.3.b,Paper and wood waste for treatment: composting and land application,1.0
562910,Remediation Services,p90.5.a,Food waste for treatment: landfill,1.0
562910,Remediation Services,p90.5.b,Paper for treatment: landfill,1.0
562910,Remediation Services,p90.5.c,Plastic waste for treatment: landfill,1.0
562910,Remediation Services,p90.5.d,Inert/metal/hazardous waste for treatment: landfill,1.0
562910,Remediation Services,p90.5.e,Textiles waste for treatment: landfill,1.0
56292,Materials Recovery Facilities,p37,Secondary raw materials,1.0
56292,Materials Recovery Facilities,p37.w.1,"Bottles for treatment, Recycling of bottles by direct reuse",1.0
562920,Materials Recovery Facilities,p37,Secondary raw materials,1.0
562920,Materials Recovery Facilities,p37.w.1,"Bottles for treatment, Recycling of bottles by direct reuse",1.0
56299,All Other Waste Management Services,p90.4.a,Food waste for treatment: waste water treatment,1.0
56299,All Other Waste Management Services,p90.4.b,Other waste for treatment: waste water treatment,1.0
562991,Septic Tank and Related Services,p90.4.a,Food waste for treatment: waste water treatment,1.0
562991,Septic Tank and Related Services,p90.4.b,Other waste for treatment: waste water treatment,1.0
562998,All Other Miscellaneous Waste Management Services,p90.4.a,Food waste for treatment: waste water treatment,1.0
562998,All Other Miscellaneous Waste Management Services,p90.4.b,Other waste for treatment: waste water treatment,1.0
61,Educational ServicesT,p74,Other business services (74),1.0
61,Educational ServicesT,p80,Education services (80),1.0
611,Educational ServicesT,p74,Other business services (74),1.0
611,Educational ServicesT,p80,Education services (80),1.0
6111,Elementary and Secondary SchoolsT,p80,Education services (80),1.0
61111,Elementary and Secondary Schools,p80,Education services (80),1.0
611110,Elementary and Secondary Schools,p80,Education services (80),1.0
6112,Junior CollegesT,p80,Education services (80),1.0
61121,Junior CollegesT,p80,Education services (80),1.0
611210,Junior Colleges,p80,Education services (80),1.0
6113,"Colleges, Universities, and Professional SchoolsT",p80,Education services (80),1.0
61131,"Colleges, Universities, and Professional SchoolsT",p80,Education services (80),1.0
611310,"Colleges, Universities, and Professional Schools",p80,Education services (80),1.0
6114,Business Schools and Computer and Management TrainingT,p80,Education services (80),1.0
61141,Business and Secretarial SchoolsT,p80,Education services (80),1.0
611410,Business and Secretarial Schools,p80,Education services (80),1.0
61142,Computer TrainingT,p80,Education services (80),1.0
611420,Computer Training,p80,Education services (80),1.0
61143,Professional and Management Development TrainingT,p80,Education services (80),1.0
611430,Professional and Management Development Training,p80,Education services (80),1.0
6115,Technical and Trade SchoolsT,p80,Education services (80),1.0
61151,Technical and Trade SchoolsT,p80,Education services (80),1.0
611511,Cosmetology and Barber Schools,p80,Education services (80),1.0
611512,Flight Training,p80,Education services (80),1.0
611513,Apprenticeship Training,p80,Education services (80),1.0
611519,Other Technical and Trade Schools,p80,Education services (80),1.0
6116,Other Schools and InstructionT,p80,Education services (80),1.0
61161,Fine Arts SchoolsT,p80,Education services (80),1.0
611610,Fine Arts Schools,p80,Education services (80),1.0
61162,Sports and Recreation InstructionT,p80,Education services (80),1.0
611620,Sports and Recreation Instruction,p80,Education services (80),1.0
61163,Language SchoolsT,p80,Education services (80),1.0
611630,Language Schools,p80,Education services (80),1.0
61169,All Other Schools and InstructionT,p80,Education services (80),1.0
611691,Exam Preparation and Tutoring,p80,Education services (80),1.0
611692,Automobile Driving Schools,p80,Education services (80),1.0
611699,All Other Miscellaneous Schools and Instruction,p80,Education services (80),1.0
6117,Educational Support ServicesT,p74,Other business services (74),1.0
61171,Educational Support ServicesT,p74,Other business services (74),1.0
611710,Educational Support Services,p74,Other business services (74),1.0
62,Health Care and Social AssistanceT,p85,Health and social work services (85),1.0
621,Ambulatory Health Care ServicesT,p85,Health and social work services (85),1.0
6211,Offices of PhysiciansT,p85,Health and social work services (85),1.0
62111,Offices of PhysiciansT,p85,Health and social work services (85),1.0
621111,Offices of Physicians (except Mental Health Specialists),p85,Health and social work services (85),1.0
621112,"Offices of Physicians, Mental Health Specialists",p85,Health and social work services (85),1.0
6212,Offices of DentistsT,p85,Health and social work services (85),1.0
62121,Offices of DentistsT,p85,Health and social work services (85),1.0
621210,Offices of Dentists,p85,Health and social work services (85),1.0
6213,Offices of Other Health PractitionersT,p85,Health and social work services (85),1.0
62131,Offices of ChiropractorsT,p85,Health and social work services (85),1.0
621310,Offices of Chiropractors,p85,Health and social work services (85),1.0
62132,Offices of OptometristsT,p85,Health and social work services (85),1.0
621320,Offices of Optometrists,p85,Health and social work services (85),1.0
62133,Offices of Mental Health Practitioners (except Physicians)T,p85,Health and social work services (85),1.0
621330,Offices of Mental Health Practitioners (except Physicians),p85,Health and social work services (85),1.0
62134,"Offices of Physical, Occupational and Speech Therapists, and AudiologistsT",p85,Health and social work services (85),1.0
621340,"Offices of Physical, Occupational and Speech Therapists, and Audiologists",p85,Health and social work services (85),1.0
62139,Offices of All Other Health PractitionersT,p85,Health and social work services (85),1.0
621391,Offices of Podiatrists,p85,Health and social work services (85),1.0
621399,Offices of All Other Miscellaneous Health Practitioners,p85,Health and social work services (85),1.0
6214,Outpatient Care CentersT,p85,Health and social work services (85),1.0
62141,Family Planning CentersT,p85,Health and social work services (85),1.0
621410,Family Planning Centers,p85,Health and social work services (85),1.0
62142,Outpatient Mental Health and Substance Abuse CentersT,p85,Health and social work services (85),1.0
621420,Outpatient Mental Health and Substance Abuse Centers,p85,Health and social work services (85),1.0
62149,Other Outpatient Care CentersT,p85,Health and social work services (85),1.0
621491,HMO Medical Centers,p85,Health and social work services (85),1.0
621492,Kidney Dialysis Centers,p85,Health and social work services (85),1.0
621493,Freestanding Ambulatory Surgical and Emergency Centers,p85,Health and social work services (85),1.0
621498,All Other Outpatient Care Centers,p85,Health and social work services (85),1.0
6215,Medical and Diagnostic LaboratoriesT,p85,Health and social work services (85),1.0
62151,Medical and Diagnostic LaboratoriesT,p85,Health and social work services (85),1.0
621511,Medical Laboratories,p85,Health and social work services (85),1.0
621512,Diagnostic Imaging Centers,p85,Health and social work services (85),1.0
6216,Home Health Care ServicesT,p85,Health and social work services (85),1.0
62161,Home Health Care ServicesT,p85,Health and social work services (85),1.0
621610,Home Health Care Services,p85,Health and social work services (85),1.0
6219,Other Ambulatory Health Care ServicesT,p85,Health and social work services (85),1.0
62191,Ambulance ServicesT,p85,Health and social work services (85),1.0
621910,Ambulance Services,p85,Health and social work services (85),1.0
62199,All Other Ambulatory Health Care ServicesT,p85,Health and social work services (85),1.0
621991,Blood and Organ Banks,p85,Health and social work services (85),1.0
621999,All Other Miscellaneous Ambulatory Health Care Services,p85,Health and social work services (85),1.0
622,HospitalsT,p85,Health and social work services (85),1.0
6221,General Medical and Surgical HospitalsT,p85,Health and social work services (85),1.0
62211,General Medical and Surgical HospitalsT,p85,Health and social work services (85),1.0
622110,General Medical and Surgical Hospitals,p85,Health and social work services (85),1.0
6222,Psychiatric and Substance Abuse HospitalsT,p85,Health and social work services (85),1.0
62221,Psychiatric and Substance Abuse HospitalsT,p85,Health and social work services (85),1.0
622210,Psychiatric and Substance Abuse Hospitals,p85,Health and social work services (85),1.0
6223,Specialty (except Psychiatric and Substance Abuse) HospitalsT,p85,Health and social work services (85),1.0
62231,Specialty (except Psychiatric and Substance Abuse) HospitalsT,p85,Health and social work services (85),1.0
622310,Specialty (except Psychiatric and Substance Abuse) Hospitals,p85,Health and social work services (85),1.0
623,Nursing and Residential Care FacilitiesT,p85,Health and social work services (85),1.0
6231,Nursing Care Facilities (Skilled Nursing Facilities)T,p85,Health and social work services (85),1.0
62311,Nursing Care Facilities (Skilled Nursing Facilities)T,p85,Health and social work services (85),1.0
623110,Nursing Care Facilities (Skilled Nursing Facilities),p85,Health and social work services (85),1.0
6232,"Residential Intellectual and Developmental Disability, Mental Health, and Substance Abuse FacilitiesT",p85,Health and social work services (85),1.0
62321,Residential Intellectual and Developmental Disability FacilitiesT,p85,Health and social work services (85),1.0
623210,Residential Intellectual and Developmental Disability Facilities,p85,Health and social work services (85),1.0
62322,Residential Mental Health and Substance Abuse FacilitiesT,p85,Health and social work services (85),1.0
623220,Residential Mental Health and Substance Abuse Facilities,p85,Health and social work services (85),1.0
6233,Continuing Care Retirement Communities and Assisted Living Facilities for the ElderlyT,p85,Health and social work services (85),1.0
62331,Continuing Care Retirement Communities and Assisted Living Facilities for the ElderlyT,p85,Health and social work services (85),1.0
623311,Continuing Care Retirement Communities,p85,Health and social work services (85),1.0
623312,Assisted Living Facilities for the Elderly,p85,Health and social work services (85),1.0
6239,Other Residential Care FacilitiesT,p85,Health and social work services (85),1.0
62399,Other Residential Care FacilitiesT,p85,Health and social work services (85),1.0
623990,Other Residential Care Facilities,p85,Health and social work services (85),1.0
624,Social AssistanceT,p85,Health and social work services (85),1.0
6241,Individual and Family ServicesT,p85,Health and social work services (85),1.0
62411,Child and Youth ServicesT,p85,Health and social work services (85),1.0
624110,Child and Youth Services,p85,Health and social work services (85),1.0
62412,Services for the Elderly and Persons with DisabilitiesT,p85,Health and social work services (85),1.0
624120,Services for the Elderly and Persons with Disabilities,p85,Health and social work services (85),1.0
62419,Other Individual and Family ServicesT,p85,Health and social work services (85),1.0
624190,Other Individual and Family Services,p85,Health and social work services (85),1.0
6242,"Community Food and Housing, and Emergency and Other Relief ServicesT",p85,Health and social work services (85),1.0
62421,Community Food ServicesT,p85,Health and social work services (85),1.0
624210,Community Food Services,p85,Health and social work services (85),1.0
62422,Community Housing ServicesT,p85,Health and social work services (85),1.0
624221,Temporary Shelters,p85,Health and social work services (85),1.0
624229,Other Community Housing Services,p85,Health and social work services (85),1.0
62423,Emergency and Other Relief ServicesT,p85,Health and social work services (85),1.0
624230,Emergency and Other Relief Services,p85,Health and social work services (85),1.0
6243,Vocational Rehabilitation ServicesT,p85,Health and social work services (85),1.0
62431,Vocational Rehabilitation ServicesT,p85,Health and social work services (85),1.0
624310,Vocational Rehabilitation Services,p85,Health and social work services (85),1.0
6244,Child Day Care ServicesT,p85,Health and social work services (85),1.0
62441,Child Day Care ServicesT,p85,Health and social work services (85),1.0
624410,Child Day Care Services,p85,Health and social work services (85),1.0
71,"Arts, Entertainment, and RecreationT",p74,Other business services (74),1.0
71,"Arts, Entertainment, and RecreationT",p92,"Recreational, cultural and sporting services (92)",1.0
71,"Arts, Entertainment, and RecreationT",p93,Other services (93),1.0
711,"Performing Arts, Spectator Sports, and Related IndustriesT",p74,Other business services (74),1.0
711,"Performing Arts, Spectator Sports, and Related IndustriesT",p92,"Recreational, cultural and sporting services (92)",1.0
7111,Performing Arts CompaniesT,p92,"Recreational, cultural and sporting services (92)",1.0
71111,Theater Companies and Dinner TheatersT,p92,"Recreational, cultural and sporting services (92)",1.0
711110,Theater Companies and Dinner Theaters,p92,"Recreational, cultural and sporting services (92)",1.0
71112,Dance CompaniesT,p92,"Recreational, cultural and sporting services (92)",1.0
711120,Dance Companies,p92,"Recreational, cultural and sporting services (92)",1.0
71113,Musical Groups and ArtistsT,p92,"Recreational, cultural and sporting services (92)",1.0
711130,Musical Groups and Artists,p92,"Recreational, cultural and sporting services (92)",1.0
71119,Other Performing Arts CompaniesT,p92,"Recreational, cultural and sporting services (92)",1.0
711190,Other Performing Arts Companies,p92,"Recreational, cultural and sporting services (92)",1.0
7112,Spectator SportsT,p92,"Recreational, cultural and sporting services (92)",1.0
71121,Spectator SportsT,p92,"Recreational, cultural and sporting services (92)",1.0
711211,Sports Teams and Clubs,p92,"Recreational, cultural and sporting services (92)",1.0
711212,Racetracks,p92,"Recreational, cultural and sporting services (92)",1.0
711219,Other Spectator Sports,p92,"Recreational, cultural and sporting services (92)",1.0
7113,"Promoters of Performing Arts, Sports, and Similar EventsT",p92,"Recreational, cultural and sporting services (92)",1.0
71131,"Promoters of Performing Arts, Sports, and Similar Events with FacilitiesT",p92,"Recreational, cultural and sporting services (92)",1.0
711310,"Promoters of Performing Arts, Sports, and Similar Events with Facilities",p92,"Recreational, cultural and sporting services (92)",1.0
71132,"Promoters of Performing Arts, Sports, and Similar Events without FacilitiesT",p92,"Recreational, cultural and sporting services (92)",1.0
711320,"Promoters of Performing Arts, Sports, and Similar Events without Facilities",p92,"Recreational, cultural and sporting services (92)",1.0
7114,"Agents and Managers for Artists, Athletes, Entertainers, and Other Public FiguresT",p74,Other business services (74),1.0
71141,"Agents and Managers for Artists, Athletes, Entertainers, and Other Public FiguresT",p74,Other business services (74),1.0
711410,"Agents and Managers for Artists, Athletes, Entertainers, and Other Public Figures",p74,Other business services (74),1.0
7115,"Independent Artists, Writers, and PerformersT",p74,Other business services (74),1.0
7115,"Independent Artists, Writers, and PerformersT",p92,"Recreational, cultural and sporting services (92)",1.0
71151,"Independent Artists, Writers, and PerformersT",p74,Other business services (74),1.0
71151,"Independent Artists, Writers, and PerformersT",p92,"Recreational, cultural and sporting services (92)",1.0
711510,"Independent Artists, Writers, and Performers",p74,Other business services (74),1.0
711510,"Independent Artists, Writers, and Performers",p92,"Recreational, cultural and sporting services (92)",1.0
712,"Museums, Historical Sites, and Similar InstitutionsT",p92,"Recreational, cultural and sporting services (92)",1.0
7121,"Museums, Historical Sites, and Similar InstitutionsT",p92,"Recreational, cultural and sporting services (92)",1.0
71211,MuseumsT,p92,"Recreational, cultural and sporting services (92)",1.0
712110,Museums,p92,"Recreational, cultural and sporting services (92)",1.0
71212,Historical SitesT,p92,"Recreational, cultural and sporting services (92)",1.0
712120,Historical Sites,p92,"Recreational, cultural and sporting services (92)",1.0
71213,Zoos and Botanical GardensT,p92,"Recreational, cultural and sporting services (92)",1.0
712130,Zoos and Botanical Gardens,p92,"Recreational, cultural and sporting services (92)",1.0
71219,Nature Parks and Other Similar InstitutionsT,p92,"Recreational, cultural and sporting services (92)",1.0
712190,Nature Parks and Other Similar Institutions,p92,"Recreational, cultural and sporting services (92)",1.0
713,"Amusement, Gambling, and Recreation IndustriesT",p92,"Recreational, cultural and sporting services (92)",1.0
713,"Amusement, Gambling, and Recreation IndustriesT",p93,Other services (93),1.0
7131,Amusement Parks and ArcadesT,p92,"Recreational, cultural and sporting services (92)",1.0
71311,Amusement and Theme ParksT,p92,"Recreational, cultural and sporting services (92)",1.0
713110,Amusement and Theme Parks,p92,"Recreational, cultural and sporting services (92)",1.0
71312,Amusement ArcadesT,p92,"Recreational, cultural and sporting services (92)",1.0
713120,Amusement Arcades,p92,"Recreational, cultural and sporting services (92)",1.0
7132,Gambling IndustriesT,p92,"Recreational, cultural and sporting services (92)",1.0
71321,Casinos (except Casino Hotels)T,p92,"Recreational, cultural and sporting services (92)",1.0
713210,Casinos (except Casino Hotels),p92,"Recreational, cultural and sporting services (92)",1.0
71329,Other Gambling IndustriesT,p92,"Recreational, cultural and sporting services (92)",1.0
713290,Other Gambling Industries,p92,"Recreational, cultural and sporting services (92)",1.0
7139,Other Amusement and Recreation IndustriesT,p92,"Recreational, cultural and sporting services (92)",1.0
7139,Other Amusement and Recreation IndustriesT,p93,Other services (93),1.0
71391,Golf Courses and Country ClubsT,p92,"Recreational, cultural and sporting services (92)",1.0
713910,Golf Courses and Country Clubs,p92,"Recreational, cultural and sporting services (92)",1.0
71392,Skiing FacilitiesT,p92,"Recreational, cultural and sporting services (92)",1.0
713920,Skiing Facilities,p92,"Recreational, cultural and sporting services (92)",1.0
71393,MarinasT,p92,"Recreational, cultural and sporting services (92)",1.0
713930,Marinas,p92,"Recreational, cultural and sporting services (92)",1.0
71394,Fitness and Recreational Sports CentersT,p93,Other services (93),1.0
713940,Fitness and Recreational Sports Centers,p93,Other services (93),1.0
71395,Bowling CentersT,p92,"Recreational, cultural and sporting services (92)",1.0
713950,Bowling Centers,p92,"Recreational, cultural and sporting services (92)",1.0
71399,All Other Amusement and Recreation IndustriesT,p92,"Recreational, cultural and sporting services (92)",1.0
713990,All Other Amusement and Recreation Industries,p92,"Recreational, cultural and sporting services (92)",1.0
72,Accommodation and Food ServicesT,p55,Hotel and restaurant services (55),1.0
72,Accommodation and Food ServicesT,p92,"Recreational, cultural and sporting services (92)",1.0
721,AccommodationT,p55,Hotel and restaurant services (55),1.0
721,AccommodationT,p92,"Recreational, cultural and sporting services (92)",1.0
7211,Traveler AccommodationT,p55,Hotel and restaurant services (55),1.0
7211,Traveler AccommodationT,p92,"Recreational, cultural and sporting services (92)",1.0
72111,Hotels (except Casino Hotels) and MotelsT,p55,Hotel and restaurant services (55),1.0
721110,Hotels (except Casino Hotels) and Motels,p55,Hotel and restaurant services (55),1.0
72112,Casino HotelsT,p55,Hotel and restaurant services (55),1.0
72112,Casino HotelsT,p92,"Recreational, cultural and sporting services (92)",1.0
721120,Casino Hotels,p55,Hotel and restaurant services (55),1.0
721120,Casino Hotels,p92,"Recreational, cultural and sporting services (92)",1.0
72119,Other Traveler AccommodationT,p55,Hotel and restaurant services (55),1.0
721191,Bed-and-Breakfast Inns,p55,Hotel and restaurant services (55),1.0
721199,All Other Traveler Accommodation,p55,Hotel and restaurant services (55),1.0
7212,RV (Recreational Vehicle) Parks and Recreational CampsT,p55,Hotel and restaurant services (55),1.0
72121,RV (Recreational Vehicle) Parks and Recreational CampsT,p55,Hotel and restaurant services (55),1.0
721211,RV (Recreational Vehicle) Parks and Campgrounds,p55,Hotel and restaurant services (55),1.0
721214,Recreational and Vacation Camps (except Campgrounds),p55,Hotel and restaurant services (55),1.0
7213,"Rooming and Boarding Houses, Dormitories, and Workers' CampsT",p55,Hotel and restaurant services (55),1.0
72131,"Rooming and Boarding Houses, Dormitories, and Workers' CampsT",p55,Hotel and restaurant services (55),1.0
721310,"Rooming and Boarding Houses, Dormitories, and Workers' Camps",p55,Hotel and restaurant services (55),1.0
722,Food Services and Drinking PlacesT,p55,Hotel and restaurant services (55),1.0
7223,Special Food ServicesT,p55,Hotel and restaurant services (55),1.0
72231,Food Service ContractorsT,p55,Hotel and restaurant services (55),1.0
722310,Food Service Contractors,p55,Hotel and restaurant services (55),1.0
72232,CaterersT,p55,Hotel and restaurant services (55),1.0
722320,Caterers,p55,Hotel and restaurant services (55),1.0
72233,Mobile Food ServicesT,p55,Hotel and restaurant services (55),1.0
722330,Mobile Food Services,p55,Hotel and restaurant services (55),1.0
7224,Drinking Places (Alcoholic Beverages)T,p55,Hotel and restaurant services (55),1.0
72241,Drinking Places (Alcoholic Beverages)T,p55,Hotel and restaurant services (55),1.0
722410,Drinking Places (Alcoholic Beverages),p55,Hotel and restaurant services (55),1.0
7225,Restaurants and Other Eating PlacesT,p55,Hotel and restaurant services (55),1.0
72251,Restaurants and Other Eating PlacesT,p55,Hotel and restaurant services (55),1.0
722511,Full-Service Restaurants,p55,Hotel and restaurant services (55),1.0
722513,Limited-Service Restaurants,p55,Hotel and restaurant services (55),1.0
722514,"Cafeterias, Grill Buffets, and Buffets",p55,Hotel and restaurant services (55),1.0
722515,Snack and Nonalcoholic Beverage Bars,p55,Hotel and restaurant services (55),1.0
81,Other Services (except Public Administration)T,p28,"Fabricated metal products, except machinery and equipment (28)",1.0
81,Other Services (except Public Administration)T,p29,Machinery and equipment n.e.c. (29),1.0
81,Other Services (except Public Administration)T,p31,Electrical machinery and apparatus n.e.c. (31),1.0
81,Other Services (except Public Administration)T,p32,"Radio, television and communication equipment and apparatus (32)",1.0
81,Other Services (except Public Administration)T,p33,"Medical, precision and optical instruments, watches and clocks (33)",1.0
81,Other Services (except Public Administration)T,p36,Furniture; other manufactured goods n.e.c. (36),1.0
81,Other Services (except Public Administration)T,p50.a,"Sale, maintenance, repair of motor vehicles, motor vehicles parts, motorcycles, motor cycles parts and accessoiries",1.0
81,Other Services (except Public Administration)T,p52,"Retail  trade services, except of motor vehicles and motorcycles; repair services of personal and household goods (52)",1.0
81,Other Services (except Public Administration)T,p63,Supporting and auxiliary transport services; travel agency services (63),1.0
81,Other Services (except Public Administration)T,p72,Computer and related services (72),1.0
81,Other Services (except Public Administration)T,p74,Other business services (74),1.0
81,Other Services (except Public Administration)T,p91,Membership organisation services n.e.c. (91),1.0
81,Other Services (except Public Administration)T,p93,Other services (93),1.0
81,Other Services (except Public Administration)T,p95,Private households with employed persons (95),1.0
811,Repair and MaintenanceT,p28,"Fabricated metal products, except machinery and equipment (28)",1.0
811,Repair and MaintenanceT,p29,Machinery and equipment n.e.c. (29),1.0
811,Repair and MaintenanceT,p31,Electrical machinery and apparatus n.e.c. (31),1.0
811,Repair and MaintenanceT,p32,"Radio, television and communication equipment and apparatus (32)",1.0
811,Repair and MaintenanceT,p33,"Medical, precision and optical instruments, watches and clocks (33)",1.0
811,Repair and MaintenanceT,p36,Furniture; other manufactured goods n.e.c. (36),1.0
811,Repair and MaintenanceT,p50.a,"Sale, maintenance, repair of motor vehicles, motor vehicles parts, motorcycles, motor cycles parts and accessoiries",1.0
811,Repair and MaintenanceT,p52,"Retail  trade services, except of motor vehicles and motorcycles; repair services of personal and household goods (52)",1.0
811,Repair and MaintenanceT,p72,Computer and related services (72),1.0
811,Repair and MaintenanceT,p74,Other business services (74),1.0
8111,Automotive Repair and MaintenanceT,p50.a,"Sale, maintenance, repair of motor vehicles, motor vehicles parts, motorcycles, motor cycles parts and accessoiries",1.0
8111,Automotive Repair and MaintenanceT,p74,Other business services (74),1.0
81111,Automotive Mechanical and Electrical Repair and MaintenanceT,p50.a,"Sale, maintenance, repair of motor vehicles, motor vehicles parts, motorcycles, motor cycles parts and accessoiries",1.0
811111,General Automotive Repair,p50.a,"Sale, maintenance, repair of motor vehicles, motor vehicles parts, motorcycles, motor cycles parts and accessoiries",1.0
811112,Automotive Exhaust System Repair,p50.a,"Sale, maintenance, repair of motor vehicles, motor vehicles parts, motorcycles, motor cycles parts and accessoiries",1.0
811113,Automotive Transmission Repair,p50.a,"Sale, maintenance, repair of motor vehicles, motor vehicles parts, motorcycles, motor cycles parts and accessoiries",1.0
811118,Other Automotive Mechanical and Electrical Repair and Maintenance,p50.a,"Sale, maintenance, repair of motor vehicles, motor vehicles parts, motorcycles, motor cycles parts and accessoiries",1.0
81112,"Automotive Body, Paint, Interior, and Glass RepairT",p50.a,"Sale, maintenance, repair of motor vehicles, motor vehicles parts, motorcycles, motor cycles parts and accessoiries",1.0
811121,"Automotive Body, Paint, and Interior Repair and Maintenance",p50.a,"Sale, maintenance, repair of motor vehicles, motor vehicles parts, motorcycles, motor cycles parts and accessoiries",1.0
811122,Automotive Glass Replacement Shops,p50.a,"Sale, maintenance, repair of motor vehicles, motor vehicles parts, motorcycles, motor cycles parts and accessoiries",1.0
81119,Other Automotive Repair and MaintenanceT,p50.a,"Sale, maintenance, repair of motor vehicles, motor vehicles parts, motorcycles, motor cycles parts and accessoiries",1.0
81119,Other Automotive Repair and MaintenanceT,p74,Other business services (74),1.0
811191,Automotive Oil Change and Lubrication Shops,p50.a,"Sale, maintenance, repair of motor vehicles, motor vehicles parts, motorcycles, motor cycles parts and accessoiries",1.0
811192,Car Washes,p50.a,"Sale, maintenance, repair of motor vehicles, motor vehicles parts, motorcycles, motor cycles parts and accessoiries",1.0
811198,All Other Automotive Repair and Maintenance,p50.a,"Sale, maintenance, repair of motor vehicles, motor vehicles parts, motorcycles, motor cycles parts and accessoiries",1.0
811198,All Other Automotive Repair and Maintenance,p74,Other business services (74),1.0
8112,Electronic and Precision Equipment Repair and MaintenanceT,p29,Machinery and equipment n.e.c. (29),1.0
8112,Electronic and Precision Equipment Repair and MaintenanceT,p31,Electrical machinery and apparatus n.e.c. (31),1.0
8112,Electronic and Precision Equipment Repair and MaintenanceT,p32,"Radio, television and communication equipment and apparatus (32)",1.0
8112,Electronic and Precision Equipment Repair and MaintenanceT,p33,"Medical, precision and optical instruments, watches and clocks (33)",1.0
8112,Electronic and Precision Equipment Repair and MaintenanceT,p52,"Retail  trade services, except of motor vehicles and motorcycles; repair services of personal and household goods (52)",1.0
8112,Electronic and Precision Equipment Repair and MaintenanceT,p72,Computer and related services (72),1.0
81121,Electronic and Precision Equipment Repair and MaintenanceT,p29,Machinery and equipment n.e.c. (29),1.0
81121,Electronic and Precision Equipment Repair and MaintenanceT,p31,Electrical machinery and apparatus n.e.c. (31),1.0
81121,Electronic and Precision Equipment Repair and MaintenanceT,p32,"Radio, television and communication equipment and apparatus (32)",1.0
81121,Electronic and Precision Equipment Repair and MaintenanceT,p33,"Medical, precision and optical instruments, watches and clocks (33)",1.0
81121,Electronic and Precision Equipment Repair and MaintenanceT,p52,"Retail  trade services, except of motor vehicles and motorcycles; repair services of personal and household goods (52)",1.0
81121,Electronic and Precision Equipment Repair and MaintenanceT,p72,Computer and related services (72),1.0
811211,Consumer Electronics Repair and Maintenance,p31,Electrical machinery and apparatus n.e.c. (31),1.0
811211,Consumer Electronics Repair and Maintenance,p32,"Radio, television and communication equipment and apparatus (32)",1.0
811211,Consumer Electronics Repair and Maintenance,p33,"Medical, precision and optical instruments, watches and clocks (33)",1.0
811211,Consumer Electronics Repair and Maintenance,p52,"Retail  trade services, except of motor vehicles and motorcycles; repair services of personal and household goods (52)",1.0
811212,Computer and Office Machine Repair and Maintenance,p29,Machinery and equipment n.e.c. (29),1.0
811212,Computer and Office Machine Repair and Maintenance,p31,Electrical machinery and apparatus n.e.c. (31),1.0
811212,Computer and Office Machine Repair and Maintenance,p32,"Radio, television and communication equipment and apparatus (32)",1.0
811212,Computer and Office Machine Repair and Maintenance,p72,Computer and related services (72),1.0
811213,Communication Equipment Repair and Maintenance,p31,Electrical machinery and apparatus n.e.c. (31),1.0
811213,Communication Equipment Repair and Maintenance,p32,"Radio, television and communication equipment and apparatus (32)",1.0
811219,Other Electronic and Precision Equipment Repair and Maintenance,p31,Electrical machinery and apparatus n.e.c. (31),1.0
811219,Other Electronic and Precision Equipment Repair and Maintenance,p32,"Radio, television and communication equipment and apparatus (32)",1.0
811219,Other Electronic and Precision Equipment Repair and Maintenance,p33,"Medical, precision and optical instruments, watches and clocks (33)",1.0
8113,Commercial and Industrial Machinery and Equipment (except Automotive and Electronic) Repair and MaintenanceT,p29,Machinery and equipment n.e.c. (29),1.0
81131,Commercial and Industrial Machinery and Equipment (except Automotive and Electronic) Repair and MaintenanceT,p29,Machinery and equipment n.e.c. (29),1.0
811310,Commercial and Industrial Machinery and Equipment (except Automotive and Electronic) Repair and Maintenance,p29,Machinery and equipment n.e.c. (29),1.0
8114,Personal and Household Goods Repair and MaintenanceT,p28,"Fabricated metal products, except machinery and equipment (28)",1.0
8114,Personal and Household Goods Repair and MaintenanceT,p29,Machinery and equipment n.e.c. (29),1.0
8114,Personal and Household Goods Repair and MaintenanceT,p36,Furniture; other manufactured goods n.e.c. (36),1.0
8114,Personal and Household Goods Repair and MaintenanceT,p50.a,"Sale, maintenance, repair of motor vehicles, motor vehicles parts, motorcycles, motor cycles parts and accessoiries",1.0
8114,Personal and Household Goods Repair and MaintenanceT,p52,"Retail  trade services, except of motor vehicles and motorcycles; repair services of personal and household goods (52)",1.0
81141,Home and Garden Equipment and Appliance Repair and MaintenanceT,p29,Machinery and equipment n.e.c. (29),1.0
81141,Home and Garden Equipment and Appliance Repair and MaintenanceT,p52,"Retail  trade services, except of motor vehicles and motorcycles; repair services of personal and household goods (52)",1.0
811411,Home and Garden Equipment Repair and Maintenance,p29,Machinery and equipment n.e.c. (29),1.0
811411,Home and Garden Equipment Repair and Maintenance,p52,"Retail  trade services, except of motor vehicles and motorcycles; repair services of personal and household goods (52)",1.0
811412,Appliance Repair and Maintenance,p52,"Retail  trade services, except of motor vehicles and motorcycles; repair services of personal and household goods (52)",1.0
81142,Reupholstery and Furniture RepairT,p36,Furniture; other manufactured goods n.e.c. (36),1.0
811420,Reupholstery and Furniture Repair,p36,Furniture; other manufactured goods n.e.c. (36),1.0
81143,Footwear and Leather Goods RepairT,p52,"Retail  trade services, except of motor vehicles and motorcycles; repair services of personal and household goods (52)",1.0
811430,Footwear and Leather Goods Repair,p52,"Retail  trade services, except of motor vehicles and motorcycles; repair services of personal and household goods (52)",1.0
81149,Other Personal and Household Goods Repair and MaintenanceT,p28,"Fabricated metal products, except machinery and equipment (28)",1.0
81149,Other Personal and Household Goods Repair and MaintenanceT,p36,Furniture; other manufactured goods n.e.c. (36),1.0
81149,Other Personal and Household Goods Repair and MaintenanceT,p50.a,"Sale, maintenance, repair of motor vehicles, motor vehicles parts, motorcycles, motor cycles parts and accessoiries",1.0
81149,Other Personal and Household Goods Repair and MaintenanceT,p52,"Retail  trade services, except of motor vehicles and motorcycles; repair services of personal and household goods (52)",1.0
811490,Other Personal and Household Goods Repair and Maintenance,p28,"Fabricated metal products, except machinery and equipment (28)",1.0
811490,Other Personal and Household Goods Repair and Maintenance,p36,Furniture; other manufactured goods n.e.c. (36),1.0
811490,Other Personal and Household Goods Repair and Maintenance,p50.a,"Sale, maintenance, repair of motor vehicles, motor vehicles parts, motorcycles, motor cycles parts and accessoiries",1.0
811490,Other Personal and Household Goods Repair and Maintenance,p52,"Retail  trade services, except of motor vehicles and motorcycles; repair services of personal and household goods (52)",1.0
812,Personal and Laundry ServicesT,p63,Supporting and auxiliary transport services; travel agency services (63),1.0
812,Personal and Laundry ServicesT,p74,Other business services (74),1.0
812,Personal and Laundry ServicesT,p93,Other services (93),1.0
8121,Personal Care Services,p93,Other services (93),1.0
81211,"Hair, Nail, and Skin Care Services",p93,Other services (93),1.0
812111,Barber Shops,p93,Other services (93),1.0
812112,Beauty Salons,p93,Other services (93),1.0
812113,Nail Salons,p93,Other services (93),1.0
81219,Other Personal Care Services,p93,Other services (93),1.0
812191,Diet and Weight Reducing Centers,p93,Other services (93),1.0
812199,Other Personal Care Services,p93,Other services (93),1.0
8122,Death Care Services,p93,Other services (93),1.0
81221,Funeral Homes and Funeral Services,p93,Other services (93),1.0
812210,Funeral Homes and Funeral Services,p93,Other services (93),1.0
81222,Cemeteries and Crematories,p93,Other services (93),1.0
812220,Cemeteries and Crematories,p93,Other services (93),1.0
8123,Drycleaning and Laundry Services,p93,Other services (93),1.0
81231,Coin-Operated Laundries and Drycleaners,p93,Other services (93),1.0
812310,Coin-Operated Laundries and Drycleaners,p93,Other services (93),1.0
81232,Drycleaning and Laundry Services (except Coin-Operated),p93,Other services (93),1.0
812320,Drycleaning and Laundry Services (except Coin-Operated),p93,Other services (93),1.0
81233,Linen and Uniform Supply,p93,Other services (93),1.0
812331,Linen Supply,p93,Other services (93),1.0
812332,Industrial Launderers,p93,Other services (93),1.0
8129,Other Personal Services,p63,Supporting and auxiliary transport services; travel agency services (63),1.0
8129,Other Personal Services,p74,Other business services (74),1.0
8129,Other Personal Services,p93,Other services (93),1.0
81291,Pet Care (except Veterinary) Services,p93,Other services (93),1.0
812910,Pet Care (except Veterinary) Services,p93,Other services (93),1.0
81292,Photofinishing,p74,Other business services (74),1.0
812921,Photofinishing Laboratories (except One-Hour),p74,Other business services (74),1.0
812922,One-Hour Photofinishing,p74,Other business services (74),1.0
81293,Parking Lots and Garages,p63,Supporting and auxiliary transport services; travel agency services (63),1.0
812930,Parking Lots and Garages,p63,Supporting and auxiliary transport services; travel agency services (63),1.0
81299,All Other Personal Services,p93,Other services (93),1.0
812990,All Other Personal Services,p93,Other services (93),1.0
813,"Religious, Grantmaking, Civic, Professional, and Similar OrganizationsT",p91,Membership organisation services n.e.c. (91),1.0
8131,Religious Organizations,p91,Membership organisation services n.e.c. (91),1.0
81311,Religious Organizations,p91,Membership organisation services n.e.c. (91),1.0
813110,Religious Organizations,p91,Membership organisation services n.e.c. (91),1.0
8132,Grantmaking and Giving Services,p91,Membership organisation services n.e.c. (91),1.0
81321,Grantmaking and Giving Services,p91,Membership organisation services n.e.c. (91),1.0
813211,Grantmaking Foundations,p91,Membership organisation services n.e.c. (91),1.0
813212,Voluntary Health Organizations,p91,Membership organisation services n.e.c. (91),1.0
813219,Other Grantmaking and Giving Services,p91,Membership organisation services n.e.c. (91),1.0
8133,Social Advocacy Organizations,p91,Membership organisation services n.e.c. (91),1.0
81331,Social Advocacy Organizations,p91,Membership organisation services n.e.c. (91),1.0
813311,Human Rights Organizations,p91,Membership organisation services n.e.c. (91),1.0
813312,"Environment, Conservation and Wildlife Organizations",p91,Membership organisation services n.e.c. (91),1.0
813319,Other Social Advocacy Organizations,p91,Membership organisation services n.e.c. (91),1.0
8134,Civic and Social Organizations,p91,Membership organisation services n.e.c. (91),1.0
81341,Civic and Social Organizations,p91,Membership organisation services n.e.c. (91),1.0
813410,Civic and Social Organizations,p91,Membership organisation services n.e.c. (91),1.0
8139,"Business, Professional, Labor, Political, and Similar Organizations",p91,Membership organisation services n.e.c. (91),1.0
81391,Business Associations,p91,Membership organisation services n.e.c. (91),1.0
813910,Business Associations,p91,Membership organisation services n.e.c. (91),1.0
81392,Professional Organizations,p91,Membership organisation services n.e.c. (91),1.0
813920,Professional Organizations,p91,Membership organisation services n.e.c. (91),1.0
81393,Labor Unions and Similar Labor Organizations,p91,Membership organisation services n.e.c. (91),1.0
813930,Labor Unions and Similar Labor Organizations,p91,Membership organisation services n.e.c. (91),1.0
81394,Political Organizations,p91,Membership organisation services n.e.c. (91),1.0
813940,Political Organizations,p91,Membership organisation services n.e.c. (91),1.0
81399,"Other Similar Organizations (except Business, Professional, Labor, and Political Organizations)",p91,Membership organisation services n.e.c. (91),1.0
813990,"Other Similar Organizations (except Business, Professional, Labor, and Political Organizations)",p91,Membership organisation services n.e.c. (91),1.0
814,Private HouseholdsT,p95,Private households with employed persons (95),1.0
8141,Private HouseholdsT,p95,Private households with employed persons (95),1.0
81411,Private HouseholdsT,p95,Private households with employed persons (95),1.0
814110,Private Households,p95,Private households with employed persons (95),1.0
92,Public AdministrationT,p62,Air transport services (62),1.0
92,Public AdministrationT,p75,Public administration and defence services; compulsory social security services (75),1.0
92,Public AdministrationT,p99,Extra-territorial organizations and bodies,1.0
921,"Executive, Legislative, and Other General Government Support",p75,Public administration and defence services; compulsory social security services (75),1.0
9211,"Executive, Legislative, and Other General Government Support",p75,Public administration and defence services; compulsory social security services (75),1.0
92111,Executive Offices,p75,Public administration and defence services; compulsory social security services (75),1.0
921110,Executive Offices,p75,Public administration and defence services; compulsory social security services (75),1.0
92112,Legislative Bodies,p75,Public administration and defence services; compulsory social security services (75),1.0
921120,Legislative Bodies,p75,Public administration and defence services; compulsory social security services (75),1.0
92113,Public Finance Activities,p75,Public administration and defence services; compulsory social security services (75),1.0
921130,Public Finance Activities,p75,Public administration and defence services; compulsory social security services (75),1.0
92114,"Executive and Legislative Offices, Combined",p75,Public administration and defence services; compulsory social security services (75),1.0
921140,"Executive and Legislative Offices, Combined",p75,Public administration and defence services; compulsory social security services (75),1.0
92115,American Indian and Alaska Native Tribal Governments,p75,Public administration and defence services; compulsory social security services (75),1.0
921150,American Indian and Alaska Native Tribal Governments,p75,Public administration and defence services; compulsory social security services (75),1.0
92119,Other General Government Support,p75,Public administration and defence services; compulsory social security services (75),1.0
921190,Other General Government Support,p75,Public administration and defence services; compulsory social security services (75),1.0
922,"Justice, Public Order, and Safety Activities",p75,Public administration and defence services; compulsory social security services (75),1.0
9221,"Justice, Public Order, and Safety Activities",p75,Public administration and defence services; compulsory social security services (75),1.0
92211,Courts,p75,Public administration and defence services; compulsory social security services (75),1.0
922110,Courts,p75,Public administration and defence services; compulsory social security services (75),1.0
92212,Police Protection,p75,Public administration and defence services; compulsory social security services (75),1.0
922120,Police Protection,p75,Public administration and defence services; compulsory social security services (75),1.0
92213,Legal Counsel and Prosecution,p75,Public administration and defence services; compulsory social security services (75),1.0
922130,Legal Counsel and Prosecution,p75,Public administration and defence services; compulsory social security services (75),1.0
92214,Correctional Institutions,p75,Public administration and defence services; compulsory social security services (75),1.0
922140,Correctional Institutions,p75,Public administration and defence services; compulsory social security services (75),1.0
92215,Parole Offices and Probation Offices,p75,Public administration and defence services; compulsory social security services (75),1.0
922150,Parole Offices and Probation Offices,p75,Public administration and defence services; compulsory social security services (75),1.0
92216,Fire Protection,p75,Public administration and defence services; compulsory social security services (75),1.0
922160,Fire Protection,p75,Public administration and defence services; compulsory social security services (75),1.0
92219,"Other Justice, Public Order, and Safety Activities",p75,Public administration and defence services; compulsory social security services (75),1.0
922190,"Other Justice, Public Order, and Safety Activities",p75,Public administration and defence services; compulsory social security services (75),1.0
923,Administration of Human Resource Programs,p75,Public administration and defence services; compulsory social security services (75),1.0
9231,Administration of Human Resource Programs,p75,Public administration and defence services; compulsory social security services (75),1.0
92311,Administration of Education Programs,p75,Public administration and defence services; compulsory social security services (75),1.0
923110,Administration of Education Programs,p75,Public administration and defence services; compulsory social security services (75),1.0
92312,Administration of Public Health Programs,p75,Public administration and defence services; compulsory social security services (75),1.0
923120,Administration of Public Health Programs,p75,Public administration and defence services; compulsory social security services (75),1.0
92313,"Administration of Human Resource Programs (except Education, Public Health, and Veterans' Affairs Programs)",p75,Public administration and defence services; compulsory social security services (75),1.0
923130,"Administration of Human Resource Programs (except Education, Public Health, and Veterans' Affairs Programs)",p75,Public administration and defence services; compulsory social security services (75),1.0
92314,Administration of Veterans' Affairs,p75,Public administration and defence services; compulsory social security services (75),1.0
923140,Administration of Veterans' Affairs,p75,Public administration and defence services; compulsory social security services (75),1.0
924,Administration of Environmental Quality Programs,p75,Public administration and defence services; compulsory social security services (75),1.0
9241,Administration of Environmental Quality Programs,p75,Public administration and defence services; compulsory social security services (75),1.0
92411,Administration of Air and Water Resource and Solid Waste Management Programs,p75,Public administration and defence services; compulsory social security services (75),1.0
924110,Administration of Air and Water Resource and Solid Waste Management Programs,p75,Public administration and defence services; compulsory social security services (75),1.0
92412,Administration of Conservation Programs,p75,Public administration and defence services; compulsory social security services (75),1.0
924120,Administration of Conservation Programs,p75,Public administration and defence services; compulsory social security services (75),1.0
925,"Administration of Housing Programs, Urban Planning, and Community Development",p75,Public administration and defence services; compulsory social security services (75),1.0
9251,"Administration of Housing Programs, Urban Planning, and Community Development",p75,Public administration and defence services; compulsory social security services (75),1.0
92511,Administration of Housing Programs,p75,Public administration and defence services; compulsory social security services (75),1.0
925110,Administration of Housing Programs,p75,Public administration and defence services; compulsory social security services (75),1.0
92512,Administration of Urban Planning and Community and Rural Development,p75,Public administration and defence services; compulsory social security services (75),1.0
925120,Administration of Urban Planning and Community and Rural Development,p75,Public administration and defence services; compulsory social security services (75),1.0
926,Administration of Economic Programs,p75,Public administration and defence services; compulsory social security services (75),1.0
9261,Administration of Economic Programs,p75,Public administration and defence services; compulsory social security services (75),1.0
92611,Administration of General Economic Programs,p75,Public administration and defence services; compulsory social security services (75),1.0
926110,Administration of General Economic Programs,p75,Public administration and defence services; compulsory social security services (75),1.0
92612,Regulation and Administration of Transportation Programs,p75,Public administration and defence services; compulsory social security services (75),1.0
926120,Regulation and Administration of Transportation Programs,p75,Public administration and defence services; compulsory social security services (75),1.0
92613,"Regulation and Administration of Communications, Electric, Gas, and Other Utilities",p75,Public administration and defence services; compulsory social security services (75),1.0
926130,"Regulation and Administration of Communications, Electric, Gas, and Other Utilities",p75,Public administration and defence services; compulsory social security services (75),1.0
92614,Regulation of Agricultural Marketing and Commodities,p75,Public administration and defence services; compulsory social security services (75),1.0
926140,Regulation of Agricultural Marketing and Commodities,p75,Public administration and defence services; compulsory social security services (75),1.0
92615,"Regulation, Licensing, and Inspection of Miscellaneous Commercial Sectors",p75,Public administration and defence services; compulsory social security services (75),1.0
926150,"Regulation, Licensing, and Inspection of Miscellaneous Commercial Sectors",p75,Public administration and defence services; compulsory social security services (75),1.0
927,Space Research and Technology,p62,Air transport services (62),1.0
927,Space Research and Technology,p75,Public administration and defence services; compulsory social security services (75),1.0
9271,Space Research and Technology,p62,Air transport services (62),1.0
9271,Space Research and Technology,p75,Public administration and defence services; compulsory social security services (75),1.0
92711,Space Research and Technology,p62,Air transport services (62),1.0
92711,Space Research and Technology,p75,Public administration and defence services; compulsory social security services (75),1.0
927110,Space Research and Technology,p62,Air transport services (62),1.0
927110,Space Research and Technology,p75,Public administration and defence services; compulsory social security services (75),1.0
928,National Security and International Affairs,p75,Public administration and defence services; compulsory social security services (75),1.0
928,National Security and International Affairs,p99,Extra-territorial organizations and bodies,1.0
9281,National Security and International Affairs,p75,Public administration and defence services; compulsory social security services (75),1.0
9281,National Security and International Affairs,p99,Extra-territorial organizations and bodies,1.0
92811,National Security,p75,Public administration and defence services; compulsory social security services (75),1.0
928110,National Security,p75,Public administration and defence services; compulsory social security services (75),1.0
92812,International Affairs,p75,Public administration and defence services; compulsory social security services (75),1.0
92812,International Affairs,p99,Extra-territorial organizations and bodies,1.0
928120,International Affairs,p75,Public administration and defence services; compulsory social security services (75),1.0
928120,International Affairs,p99,Extra-territorial organizations and bodies,1.0
